WellC03_Seq0018/xy01,0,136.09535103986158,3.0548486050867374,0.0433278094897,0.00877204922213,0.022446384698269296,1.6862455337227573,0.10198039027186105,2.19508630709,0.46583093316,0.531074577175,-0.336264339187,1.42861375585,0.45872593081718416,-0.184907551206,-21.5849340816,-0.3063763328905025,2.1433227298227004,-0.16598012076491475,1.926671991466514,-0.6182420446883965,-0.9295000890044882,-0.7289499199767007,-1.307379307846933,-0.1850962115925472,-1.3196411119432343,1.18478857272,0.0,0.0,0.0,0.0,0.0,0.0,0.0,0.0,0.0,0.06896551724137931,0.0,0.0,0.0,0.0,0.0,0.0,0.0,0.0,0.0,0.103295934538,-0.146873210375,-0.0767394946197,-0.0786621150586,-0.0878195233682,-0.281195687823,-0.10183748905,0.0646423004437,0.0529584632311,0.0681139292137,0.375,0.375,0.625,0.625,0.5,0.5625,0.68484117499,0.07110018012046872,2.2144940495221217,0.678481409938,0.08320265411211311,1.680400097891736,0.816652113644,0.07018150297282515,2.2160996728993863,0.803523306351,0.09452384959429067,1.8745584918678633,0.763319780426,0.16053258301712964,2.1500460998823065,0.808017492931,0.17881517382223128,2.1360771410625117
WellC03_Seq0018/xy02,0,319.2241741075626,23.55674001214955,0.0700202198683,0.111394011245,0.07379372216407429,8.20060973342839,0.22000000000002728,5.14877700173,1.46630799171,0.824050027552,-0.354986461748,7.1323603128,0.47092776267583275,-0.172843278678,-34.238138492,0.7953966056352662,0.5549511153064746,-0.1879894301790408,0.393908904101159,-0.6027919217527273,0.13143359583556924,0.08465732884609922,0.5670851830940622,-0.8972226722461927,-0.3516365965209989,4.70932361981,4.96529081713,5.19157681169,5.40551010355,6.40964046713,7.16887352474,8.21313985481,8.73167093553,0.0,0.0,0.9482758620689655,0.8793103448275862,0.8103448275862069,0.7068965517241379,0.3620689655172414,0.1896551724137931,0.08620689655172414,0.05172413793103448,0.0,0.0,0.651904303184,0.495080663843,0.271540863964,0.198547977568,-0.0258688583055,-0.140524877249,-0.166145673567,-0.210729480922,-0.334197088018,-0.412328855745,0.375,0.375,0.4375,0.4375,0.4375,0.4375,1.25657309709,0.04988133189335621,2.710047114164736,1.16938984273,0.04029702277736324,2.7071371332182936,1.41736654212,8.504110059238329e-05,2.8148858862046953,1.32823189294,0.03164158978338722,2.8119759052582536,1.12641466161,0.013702765583207412,2.6981768868568152,1.0475342735,0.01785378309844609,2.6729814192327326
WellC03_Seq0018/xy02,1,145.05461847435558,7.674815958705495,0.0952956261996,0.0699212726344,0.05290983520157504,2.5184225221356504,0.04903060268852498,2.33959062055,0.410544231171,0.71710625448,0.105054202323,2.90633100278,1.3649372254668097,-0.130914242045,-18.5870236236,2.078286787541975,2.0339249701623583,-0.46861064152454235,0.12650550914029113,-1.337268235890155,-0.5542653029915203,-1.0049614548246018,-0.09841811728028915,-1.3571478868524112,-0.6660621833161988,1.48012807842,2.28660777827,0.0,0.0,0.0,0.0,0.0,0.0,0.0,0.0,0.29310344827586204,0.05172413793103448,0.0,0.0,0.0,0.0,0.0,0.0,0.0,0.0,0.363038529533,0.389507245495,0.181199053023,-0.0143714457878,-0.0118698578306,-0.12423465326,-0.197082304562,-0.285282683342,-0.0982690692016,-0.202317230005,0.625,0.5625,0.5,0.375,0.357142857143,0.357142857143,0.689662584145,0.06804263499557417,1.471429826270567,0.669022509262,0.0754634724049215,1.5321178280620045,0.587290579459,0.04431388413448043,1.3584325283306824,0.57089136059,0.03689304672513892,1.407977085900203,0.509636795336,0.004787256574106314,1.9646858488205075,0.492478723,0.015315181061562351,1.950744099132585
WellC03_Seq0018/xy02,2,51.956264051481526,4.581189801787358,0.0411666103239,0.0492512067579,0.08817396488030832,0.5216972302015737,0.016124515496602175,0.838004258895,0.559450609326,0.592660129228,0.475913391336,0.339302768722,2.2792191087662266,-0.188369513682,-4.82538467454,7.341857668521115,-0.6465784841827875,-0.21288095241598892,-1.0823076784047303,-0.01840296578409184,1.793018506779548,-1.4325339442827183,0.7385657285262708,-0.9451509552597055,-1.9060949961814966,0.0,0.0,0.0,0.0,0.0,0.0,0.0,0.0,0.0,0.0,0.0,0.0,0.0,0.0,0.0,0.0,0.0,0.0,0.0,0.0,0.214679651868,0.240644714984,-0.0185019559342,-0.102203956181,0.0498370254181,-0.243542328527,-0.158456927521,-0.258054311049,-0.192654378295,-0.257833705236,0.5625,0.5625,0.625,0.75,0.5,0.5,0.94525423432,0.27623288230515763,1.8186614857093983,0.946672040534,0.06980979289921307,2.0874401896131904,0.730903355614,0.16920833675337402,1.5161362476915023,0.734620223673,0.03060378987238231,1.4831815349713973,0.732868499728,0.10544853501404615,1.4338611269862982,0.794299903341,0.18791037314994793,1.4668158397064033
WellC03_Seq0018/xy02,3,618.262125092517,100.96487508039618,0.757726576881,0.757498159606,0.1633043186420125,14.175734196153655,0.5158326860523696,9.97196975956,1.550915776,0.858580231253,-0.344736052598,32.2317818247,0.3610310611351685,0.501796528631,-10.9702078542,-0.884968143922221,-1.1129250512986681,-1.0323022185452067,-1.0049687813527985,-0.9854538952836616,-1.064507209933135,-0.7593692949666764,-0.5029092137825693,0.8461221984254781,-0.772722568830507,8.8492953799,8.97473545455,9.75378921319,9.75378921319,10.3445462453,10.8074491253,11.5604491345,12.110332459,12.5106757855,13.795202092,0.9827586206896551,0.9655172413793104,0.8620689655172413,0.8620689655172413,0.7758620689655172,0.7068965517241379,0.603448275862069,0.5344827586206896,0.4827586206896552,0.3448275862068966,0.689714469823,0.439549707158,0.316605008858,0.0661918573907,-0.0581049973689,-0.0868387965558,-0.15402998006,-0.0782210917461,0.0190511386203,0.0125622702433,0.4375,0.4375,0.375,0.375,0.4375,0.375,0.725961525418,0.009717794141354692,2.8070160224443357,0.69202040861,0.001666237782640792,2.616490652614967,0.667101738409,0.01789815777817165,2.794989255074051,0.645045819568,0.01698987771860226,2.602689557799763,0.627464485574,0.000425288034680343,2.828854945955879,0.605355405729,0.01991778493820062,2.6365552486815913
WellC03_Seq0018/xy02,4,64.44302644552793,4.964876634922422,0.0266911397662,0.123249356002,0.07704288437041526,1.348332303254652,0.0400000000000091,1.03940365235,0.346546708183,0.632355683068,1.88198767432,1.09025898507,3.204462877961483,-0.205039415207,-6.70240042601,11.835397274576929,5.767040072281111,-0.20439820772072625,2.91657036885439,-0.15234676763833654,-1.17529263868967,-1.446049340961954,-0.5907451410483135,-0.7144263074248451,-0.6477831185803371,1.18406080925,0.0,0.0,0.0,0.0,0.0,0.0,0.0,0.0,0.0,0.017241379310344827,0.0,0.0,0.0,0.0,0.0,0.0,0.0,0.0,0.0,0.353778491776,0.076887485598,0.00268283625152,0.0817623878815,-0.0128791900684,-0.0648407430894,-0.0662456888613,-0.116497004463,-0.135889913825,-0.0722475547582,0.25,0.375,0.4,0.4,0.375,0.375,0.66124975121,0.10475576210580809,1.7532018991018532,0.715200149709,0.1046213871260177,1.7359163310793355,0.586048602721,0.14156461741811327,1.160848553315208,0.597857732589,0.10238690181290544,1.2115960595609556,0.683291171773,0.01457127015528576,1.77457771630659,0.707137933838,0.028661941600605104,1.8688834985427996
WellC03_Seq0018/xy03,0,75.42407200598664,1.5741982086127706,0.0567341989029,0.0895586248467,0.02087129701095721,0.6885375806737192,0.020880613017848933,1.21651729042,0.394439584904,0.511256039883,-0.388982712521,0.360279210736,0.47454001694813214,-0.184225620556,-12.0811745089,-0.32053494571848473,-0.7156295963787862,-0.9455200593236426,-0.20296474625841876,-1.5057465815808555,-1.020136682394873,-0.798146123961816,-0.8723789939473852,-1.14110343465381,-1.2083978930353856,0.0,0.0,0.0,0.0,0.0,0.0,0.0,0.0,0.0,0.0,0.0,0.0,0.0,0.0,0.0,0.0,0.0,0.0,0.0,0.0,0.0801752230585,-0.0880252605116,-0.106425455237,-0.0966276901644,-0.258384787489,-0.021530101439,0.16025344615,-0.00220661837055,-0.0430636078196,0.029742490582,0.5625,0.5,0.5625,0.5,0.625,0.5,0.772448757607,0.07456883567630865,1.6146928348818594,0.739241512037,0.0017977285243652118,1.5692475319986197,0.6107118375,0.029155410925981513,1.5197662331697095,0.584356671272,0.022544570268894493,1.500213621284707,0.712248062174,0.06068771139075749,1.5725798509469537,0.689678502249,0.0017977285243652118,1.4796078785831146
WellC03_Seq0018/xy03,1,59.91936356990323,1.118033988749895,0.219244470463,0.21601291984,0.018658976366555897,0.5295280917949312,0.028284271247500485,0.966441347902,0.418039786492,0.755115643018,-0.349038830509,0.330829514485,0.24704297745247736,-0.0160303278086,-9.73024323603,-0.8056590024122565,-0.741023784323767,-0.9055996367470702,1.7588407549559486,-0.9651795577119482,0.5448916791904255,-1.5349629931813502,0.5498613192812476,-1.4928375083446295,-1.0485380654078846,0.0,0.0,0.0,0.0,0.0,0.0,0.0,0.0,0.0,0.0,0.0,0.0,0.0,0.0,0.0,0.0,0.0,0.0,0.0,0.0,0.0781410436074,0.183079773034,-0.125320327043,0.0573761878723,-0.094105223233,0.207352309075,0.17731103073,0.133583847264,-0.0423655493443,0.0683794960529,0.5,0.5,0.533333333333,0.466666666667,0.375,0.375,0.656232031586,0.06008442240780431,1.3112055898809634,0.65483366267,0.010436478084632514,1.3929025274328144,0.683620120356,0.025437622265269865,1.426820461013255,0.68983313927,0.026659016055364262,1.440942460280665,0.799831802867,0.006375531408103939,1.7107107349146515,0.818250591568,0.1677197057460193,1.6610627905914805
WellC03_Seq0018/xy03,2,419.06731158403005,76.62207058021853,0.906839572525,0.930886282066,0.18283953069638198,7.285159160924363,0.5708274695562691,6.75915018684,1.29555642815,0.530687270565,-0.20249181898,16.1321444834,0.9393729010572409,0.675384662406,0.750797905515,0.8340094533053333,-0.3185936991948912,0.05737266348025116,-0.4921489842899964,-0.3531203149148836,-0.8321913433331005,-1.6171661369121932,-1.505650136834067,-0.42294225668305163,-1.3032677595196598,4.06429150116,4.6371561104,5.07925773556,5.53416790985,6.30469513627,7.62314293229,7.93386041821,8.80175573821,9.07170744678,0.0,0.9482758620689655,0.7758620689655172,0.6379310344827587,0.4827586206896552,0.25862068965517243,0.10344827586206896,0.08620689655172414,0.034482758620689655,0.017241379310344827,0.0,0.05307186277,-0.00947539418342,-0.1849417497,-0.0272007452896,-0.0325678637077,-0.137390340557,-0.126424340015,0.0225013468584,0.247117970268,0.21122990804,0.3125,0.3125,0.375,0.4375,0.4375,0.5,0.50422907633,0.006637278730508042,2.253039679082316,0.48274122633,0.01660012767814651,2.272877274245484,0.422385196587,0.001686919509494809,1.6068044691045278,0.393494788919,0.015030159325483272,1.6266420642676958,0.328052115205,2.2209344709528303e-05,0.9273669849696435,0.318100813982,0.026295038614733868,0.9472045801328114
WellC03_Seq0018/xy04,0,70.77996777112614,4.771886419436239,0.320174323458,0.388988320517,0.06741860119047517,0.7932723365906591,0.038416663051328286,1.14161238341,0.382842347407,0.809215039186,-0.0817814979369,0.467204858456,1.3835588303188608,0.0571481242699,-8.04268080217,3.090401324749858,8.70635887622823,-0.5132648033940819,3.444766692133565,-0.2522720371675873,0.08425827983443979,-0.2908263956778012,-1.191770220527043,0.09040995140453045,0.8434416071136308,0.0,0.0,0.0,0.0,0.0,0.0,0.0,0.0,0.0,0.0,0.0,0.0,0.0,0.0,0.0,0.0,0.0,0.0,0.0,0.0,0.183960835563,0.0202394751274,0.117859857105,0.121160217071,0.267096115604,0.0786628471449,-0.104908633402,0.198246038238,0.224953082393,0.149687602238,0.3125,0.3125,0.1875,0.25,0.25,0.375,0.693202546421,0.000953856832889544,1.645937654887384,0.70694771213,0.05346970465386006,1.56057306813303,0.621421574499,0.01421730142010023,1.1822190402843975,0.631332575579,0.04378349359772273,1.3786627311830524,0.720095614535,0.03351934869526724,1.540334664000168,0.685541504379,0.027388913502233585,1.454970077245814
WellC03_Seq0018/xy04,1,87.74378433054893,1.042353107157039,0.151114824964,0.179635247639,0.011879509359093517,1.2748395977533897,0.012649110640683584,1.41522232791,0.187536839052,0.707045666233,0.895896595514,1.79212795806,2.23352422205354,-0.102995753549,-14.8434781243,5.151404470258784,0.7715025967287934,0.6318437220623716,-0.04938439223886437,-0.5138383197450653,-0.39553426920639145,-1.37886974746535,-0.5099063663222192,-1.5577816904412798,-1.4745876448055253,1.20916967696,0.0,0.0,0.0,0.0,0.0,0.0,0.0,0.0,0.0,0.034482758620689655,0.0,0.0,0.0,0.0,0.0,0.0,0.0,0.0,0.0,0.469582662561,0.0193396190646,-0.052495045606,-0.0337776652468,-0.0111017013223,0.0252696355904,0.0496369972069,-0.106862866157,-0.0652744381109,0.122507850766,0.5,0.5,0.375,0.4375,0.3125,0.375,0.890363183346,0.08423024063320608,1.7905255773390332,0.930648652056,0.07968840029210271,1.8029767643543342,0.856338667827,0.2002844295284286,1.7897799462295598,0.911064410077,0.14633263187163092,1.7187928455463122,1.14295841426,0.2265484305178717,2.205101667709599,1.16467199349,0.36395905792751804,1.9519031546221084
WellC03_Seq0018/xy04,2,66.96077468817502,1.8110770276274433,0.0826980530251,0.0852955953764,0.027046835047254487,0.541479454827245,0.0400000000000091,1.08001249497,0.290255285413,0.709174402316,-0.349289706342,0.313972610266,0.6033310390933282,-0.138453609032,-10.3120331612,-0.29738025135265334,1.2816922328586493,-0.1909184961461965,-0.47912616435103983,-0.3561765205891594,0.16141437261183755,-0.5102247047005575,-0.9848070981931607,-0.9793320285410694,-0.9484482796256022,0.0,0.0,0.0,0.0,0.0,0.0,0.0,0.0,0.0,0.0,0.0,0.0,0.0,0.0,0.0,0.0,0.0,0.0,0.0,0.0,0.216614841117,0.129428961354,0.174756776198,-0.0761601920202,-0.048581408127,-0.0713645983971,-0.188653670314,0.121356322449,0.0225722926013,0.207807418727,0.5,0.5,0.6,0.6,0.466666666667,0.466666666667,0.857102960056,0.017307152849975197,1.7644532879081007,0.858864245927,0.03665532403536629,1.6460884452534845,0.439564898009,0.006228356550689367,1.1358105913798258,0.435481537389,0.11583735059195725,1.1002688263445917,0.654964185391,0.0655065739484971,1.4027151064668821,0.68934584596,0.03269611870339243,1.4177937748356086
WellC03_Seq0018/xy04,3,352.0055141752121,23.752155691641875,0.0832547183449,0.0504133754524,0.06747665799297435,8.262692297308423,0.5020597573994625,5.67750829315,0.789130049912,0.749867205535,1.93359549477,44.1347992778,3.0042294005930508,-0.11749711696,-39.9777168389,8.341900701074382,8.388324049083966,1.3799399655850646,1.2116643738602209,0.550754649472736,-1.1426677919158585,0.19765594443465284,-0.44684173809150485,-1.6194468745430457,-0.44098756919447535,3.20793330086,3.53260996349,4.09449047681,4.96781295758,6.86892652239,7.35224017708,8.28089101486,8.28089101486,0.0,0.0,0.9482758620689655,0.7931034482758621,0.5344827586206896,0.2413793103448276,0.05172413793103448,0.034482758620689655,0.017241379310344827,0.017241379310344827,0.0,0.0,0.383281197727,0.102300128447,0.0346594315888,-0.192051598459,-0.169006502688,-0.0924741789064,-0.0478539969779,-0.0642147816015,-0.0669657597518,0.00939220169511,0.333333333333,0.4,0.375,0.375,0.375,0.375,0.835360178057,0.08141670892562546,2.203399298019678,0.875638666133,0.07063588537532432,2.100938407149261,0.891266077725,0.09946742830861521,2.6449044404802864,0.92774590945,0.10443961726039143,2.624404426934423,0.957396022841,0.09241476811799564,2.4891144916753998,0.993875854565,0.19415384869645314,2.4686144781295365
WellC03_Seq0018/xy05,0,76.53419520381374,1.460000000000108,0.237497500206,0.12418772759,0.01907644022534068,0.9232746070373798,0.031240998703644784,1.23442250329,0.560893886537,0.800243479474,-0.0595365886814,0.683264274837,1.1933939186153617,-0.00617258226185,-12.3963582335,1.309370972714956,0.21738036066212985,1.9515418447049253,0.4416557365905933,-0.28437152883223504,-1.3308209395400064,-1.1854979953142086,-0.18934597852883384,-0.7799778677104996,-1.5745172608561682,1.03310212467,0.0,0.0,0.0,0.0,0.0,0.0,0.0,0.0,0.0,0.017241379310344827,0.0,0.0,0.0,0.0,0.0,0.0,0.0,0.0,0.0,0.450377130986,0.173133298561,0.0105054974374,-0.151360030704,-0.0969768700219,0.0189657486582,0.105094467083,0.0216500897504,0.167700051533,0.298821299403,0.5625,0.5625,0.375,0.375,0.625,0.625,0.74452914062,0.0706453166368354,2.1760812117252004,0.68608569838,0.006749693980205541,1.8926992231764572,0.846375020617,0.049695069430807016,1.9878807733801447,0.895056172014,0.020713343901165044,2.051326155876423,0.941229127775,0.08278346633465469,2.2786170251375433,0.85021214305,0.06816408609793206,2.050969325891414
WellC03_Seq0018/xy05,1,63.020089576938375,5.309030043237606,0.00024556413278,0.0325909184949,0.08424345441077248,0.8897100651335764,0.054147945482725314,1.01645305769,0.47442621743,0.758987387223,-0.355818831737,0.270738471584,0.5076116730863098,-0.238815154776,-6.10062723164,0.2128639849253946,-0.6662294406964846,-1.2482604131084543,-0.9932032257493151,-0.3702004126449312,-0.9964334305502205,0.16404358353348636,-0.8372508036351736,-0.6404925494203706,-1.3376931061014359,0.0,0.0,0.0,0.0,0.0,0.0,0.0,0.0,0.0,0.0,0.0,0.0,0.0,0.0,0.0,0.0,0.0,0.0,0.0,0.0,-0.0406906421394,0.0824979178603,0.160333352202,-0.155067999559,0.282677643832,-0.0135540571161,-0.100535622609,-0.0198900764939,-0.0395073650578,0.120169302267,0.5,0.5,0.375,0.375,0.5,0.5,0.773313846771,0.19043624640555207,1.7037549835697554,0.715333556976,0.1577372731313479,1.5474697647750788,0.788317368281,0.11573529945375746,1.4894770425230195,0.748606447759,0.16554312687737444,1.4416396950671206,0.843367349318,0.18852367667180048,2.2262769034040124,0.797489507988,0.18967574353282401,2.3142887036892503
WellC03_Seq0018/xy05,2,65.60846829596875,4.502499305941112,0.0125663074367,0.00171977075193,0.06862680112618577,0.9128526715741192,0.02600000000002183,1.05820110155,0.285489111093,0.787687472521,-0.385589101404,0.288264091929,0.44597115712459606,-0.228496505163,-7.37577859896,-0.6533349238386412,0.13976750113446945,0.03423315165098595,-0.3233407701700233,3.452277892255392,0.10570110631056062,-0.7220248110444571,-0.7789680300546218,-0.8501218294611181,0.19334813443205867,0.0,0.0,0.0,0.0,0.0,0.0,0.0,0.0,0.0,0.0,0.0,0.0,0.0,0.0,0.0,0.0,0.0,0.0,0.0,0.0,0.416188502833,0.0815235437474,0.0449180736979,0.0804594042622,0.324883825828,0.40713552919,0.101255219861,-0.160028608155,-0.270829002637,-0.213628919306,0.625,0.6875,0.4375,0.5,0.625,0.6875,0.533447676429,0.014867896293061681,1.4499250837376998,0.609300096214,0.04969055450418508,1.4588568565027864,0.439089834058,0.0023747360758023905,1.427219166788859,0.434637633094,0.057558078211969815,1.3963781088298992,0.63704914325,0.14925544231151575,1.5299621893059108,0.605084577729,0.07507485354279826,1.6014682033325995
WellC03_Seq0018/xy05,3,748.4726072847134,163.39459782991602,0.102465746581,0.23922778246,0.21830404511752818,21.388660640629187,0.7323196023595158,12.0721388272,1.12747648103,0.833112213001,-0.0139562618446,80.3440700638,1.061660334379714,-0.126259316978,27.8851755794,0.7159951002823242,0.41331806172862207,-0.8623797156097193,-0.04246794968619483,2.009682026049971,-0.04103806066411764,-0.26123859390422677,0.09023460247561488,-0.1693317328004178,-0.7716995319212048,8.8914529806,9.59279546269,10.9273402697,11.4624991318,11.8265484728,12.5265058703,12.5265058703,13.3913639395,13.7455495081,14.955204154,0.9655172413793104,0.8793103448275862,0.7413793103448276,0.6896551724137931,0.6551724137931034,0.5862068965517241,0.5862068965517241,0.5,0.46551724137931033,0.3620689655172414,0.532868670869,0.27410758728,0.107061330271,0.166022631062,0.208329392618,0.0337144971502,0.12653366881,-0.0289281070164,-0.0720888066355,-0.136838506798,0.5,0.4375,0.5,0.5625,0.5,0.5,0.805788454373,0.0032134452048355098,2.24772606933112,0.800160719162,0.026464738034011635,2.2651222788287813,0.838633947086,0.058388351196088276,2.249254451873775,0.816402589438,0.035137058366905415,2.2696985304886255,0.867401943987,0.08482321581751472,2.2704160870117986,0.86471412016,0.06490489057676048,2.28781229650946
WellC03_Seq0018/xy05,4,463.8647972185766,83.17193096231442,0.398412035475,0.338663740197,0.17930209720812934,10.937915157835167,0.6434407509631297,7.48169027772,1.23282766875,0.869463127575,-0.301322021283,20.4079968041,0.4575518315212647,0.184115353551,-0.809834117232,-0.9574193315924711,-0.9620941935511134,-1.4263149429481106,-1.4142237310619559,-1.5032086859735596,-1.7551905524865519,-1.749275395428503,-1.6553255029776415,-1.4856234097384955,-1.6167356067227205,6.37222150892,7.19681231286,8.16209242677,9.1584358078,9.63347459784,9.94786973427,10.0610927673,11.0241243002,11.3141187771,11.5444555939,0.9655172413793104,0.8275862068965517,0.6896551724137931,0.5689655172413793,0.5172413793103449,0.4827586206896552,0.46551724137931033,0.3448275862068966,0.3103448275862069,0.27586206896551724,0.571534495764,0.401480426182,0.318526298164,0.283300788338,0.260448720891,-0.0557271940432,-0.0658730425068,0.101581673618,0.245978521247,0.0880496603213,0.3125,0.3125,0.25,0.25,0.3125,0.3125,0.67401443396,0.007584165383785146,2.695356540583485,0.640850912365,0.0012979178782294802,2.7614051476334613,0.706623657307,0.025306449232392555,2.693730170807257,0.689734142374,0.05925854173813522,2.7597787778572336,0.539391260525,0.05476895159792519,1.5538124649023424,0.453184847734,0.010151690358904333,1.424921316677493
WellC03_Seq0018/xy05,5,78.87017055710736,3.695145463983912,0.0527554893532,0.00396135223139,0.04685098862957797,1.4844864431849698,0.04004996878901056,1.27209952511,0.310380609643,0.666485024011,2.63955894032,1.66426113102,4.006078835679079,-0.183182674041,-10.5841362906,17.556316771763303,8.318867921634016,-0.4622317517319985,0.21005514943849768,1.6776173554752463,-0.8172640244908056,-1.0322614108693826,-0.08078470497062851,0.09943789198304742,-0.1917961657306897,1.45369893965,0.0,0.0,0.0,0.0,0.0,0.0,0.0,0.0,0.0,0.034482758620689655,0.0,0.0,0.0,0.0,0.0,0.0,0.0,0.0,0.0,0.408287391844,-0.0779737018536,-0.00598495058822,-0.125607609899,-0.220242583282,-0.171095781823,0.046452481274,0.233585622216,0.0709765016366,-0.00835304592809,0.666666666667,0.666666666667,0.4375,0.3125,0.625,0.5625,0.551438347266,0.046710306665995266,1.3459857689037404,0.617017820208,0.03581692849025925,1.3891208123749896,0.546354504306,0.05300315853351143,1.4349976757622993,0.565753761209,0.0021019694829755966,1.4150247655698445,0.653346119211,0.02129990784278407,1.9868529163092659,0.677396207297,0.029601281207658606,1.949440453944912
WellC03_Seq0018/xy05,6,78.66555552079491,0.9055385138135961,0.000981755033033,3.42241123242e-05,0.011511245396013517,0.8221921916437752,0.0400000000000091,1.26879928259,0.242427237305,0.761171043074,-0.281753547619,0.516633736846,0.7284941149708184,-0.224543079317,-13.3366981103,0.11331095389596557,-0.6364103077490797,-0.7622362351362999,-1.2733700652137998,-0.8418824668211635,-1.1805571188884638,-0.7855720318074573,-1.1474607124906955,-0.7575284176416579,-0.6172913418456929,0.0,0.0,0.0,0.0,0.0,0.0,0.0,0.0,0.0,0.0,0.0,0.0,0.0,0.0,0.0,0.0,0.0,0.0,0.0,0.0,0.3684493493,0.0854099811599,0.00376659960309,0.08672689225,-0.0223349897689,-0.0277386187218,-0.0214439229682,0.056091829558,0.064428563238,0.129783958742,0.533333333333,0.6,0.5625,0.625,0.625,0.75,0.736615779349,0.13816009997538656,1.65542259300416,0.735643300472,0.12142163791486724,1.5239015039982027,0.537021827995,0.06272033321372904,1.9151348366370344,0.510871074548,0.007795395237499863,1.8250338032681366,0.614596451072,0.027158508798474708,1.2069773191002824,0.559853330894,0.0444553551874063,1.1258318956521403
WellC03_Seq0018/xy05,7,66.34957385490539,0.8999999999998636,0.0623540482386,0.0119496926559,0.01356451816808955,1.010742301479458,0.0,1.07015441701,0.0600441722838,0.765336312314,1.68953503727,1.03050400344,3.1832870337686616,-0.157668586265,-11.1124535382,11.837532695435364,-0.5434805470767365,4.69008813847047,0.11297054288607189,1.5095458445750083,-0.9562224591473814,-1.3109957570103434,0.2059648915308796,-1.5166367510551768,-0.314879919832852,1.10145358504,0.0,0.0,0.0,0.0,0.0,0.0,0.0,0.0,0.0,0.017241379310344827,0.0,0.0,0.0,0.0,0.0,0.0,0.0,0.0,0.0,0.414889958428,0.114471178723,0.173494212924,-0.0120411771046,-0.0524080339099,-0.022829590479,-0.0514554226615,0.00886850867026,-0.0257686346074,0.00664809229983,0.375,0.4375,0.375,0.375,0.6875,0.625,0.591301719741,0.0768729217807002,1.6532660721115706,0.595411304991,0.08592555162724393,1.6298032809046399,0.751418941323,0.016057173473153774,1.838304608868418,0.722421040705,0.06636764242313942,1.4728762094270196,0.798369634764,0.12583988113092012,1.9034297722028162,0.742917748361,0.0945957477988978,1.7322782784785395
WellC03_Seq0018/xy06,0,85.83439047290473,1.9672569735548877,0.0797507775401,0.108331085006,0.02291921644362221,1.0335260035432126,0.04176122603565431,1.38442565279,0.349254294662,0.600439619567,-0.251493094125,0.707546265406,0.686111221151941,-0.140831639304,-13.572882437,-0.2446241729662466,0.71469223084455,-0.5878264004791536,-0.15061772068584922,1.4354041623790446,-1.0644266612649373,-1.4926445442803422,-1.588916244195458,-0.9859221989945794,-1.2165651420310999,0.0,0.0,0.0,0.0,0.0,0.0,0.0,0.0,0.0,0.0,0.0,0.0,0.0,0.0,0.0,0.0,0.0,0.0,0.0,0.0,-0.0159300663502,-0.0931331719851,0.0859329968973,0.241453374189,-0.156383714807,0.0149260179112,0.225853333497,-0.269018983389,-0.0402440972807,-0.134808095654,0.307692307692,0.461538461538,0.533333333333,0.533333333333,0.428571428571,0.428571428571,0.917243476561,0.18731360298505667,2.282142907922364,0.829744251119,0.03478304499448945,2.293849997371151,0.957192419831,0.1546469582905646,2.6909943517949624,1.03467360224,0.2741960673680509,2.753859876847871,1.09514554605,0.11810162473187295,2.2278731979644837,1.11554337814,0.1067691731048455,2.2395802874132706
WellC03_Seq0018/xy06,1,63.54198624394573,3.280243893371273,0.163801902843,0.217021386139,0.051623250818411646,0.9873196037758143,0.0400000000000091,1.02487074587,0.402284776567,0.63029923661,-0.076310615063,0.535870602704,0.9998189373560968,-0.0564340345245,-8.22390169695,0.17394616970413246,1.4406383376074388,-0.9644640783532394,0.11321566339277211,-0.1540900099714797,-1.0806536589719626,-1.5884559614599325,-0.9809177947213503,-0.25268209905113626,-0.052336665444548736,0.0,0.0,0.0,0.0,0.0,0.0,0.0,0.0,0.0,0.0,0.0,0.0,0.0,0.0,0.0,0.0,0.0,0.0,0.0,0.0,0.320460342875,0.0860713378842,0.0106967957045,0.0429944173279,-0.0571034326027,-0.232656584975,-0.0252793444311,-0.0794449430017,-0.24424172785,-0.328758550727,0.4,0.4,0.3125,0.375,0.375,0.375,1.30692237072,0.09083732249840268,2.4118355471119846,1.37167482033,0.17999637106433367,2.8365292060063547,1.10264011093,0.18790646373795772,2.695629656320428,1.20442283805,0.08414549969051742,2.707226159831909,1.21587622857,0.17260634433471964,2.101640550357238,1.39551405986,0.1729647685140145,2.830525847596657
WellC03_Seq0018/xy06,2,128.3083022666815,5.536867345349635,0.559653004263,0.588529208332,0.04315283771615629,2.870598543858077,0.008000000000015462,2.06948874624,0.743173301817,0.778755655484,-0.0209577026911,2.09954244696,1.1044191630509335,0.313153906141,-17.6930862173,1.1911164693854461,-0.7495049555127835,-0.20070033897007233,-0.7476609733191033,2.1985363935144937,-0.9441332427359108,-0.9631531595915104,-0.4272419943375483,-1.2302006877284986,-1.1013154572568966,1.66933748863,2.54959362592,0.0,0.0,0.0,0.0,0.0,0.0,0.0,0.0,0.4482758620689655,0.10344827586206896,0.0,0.0,0.0,0.0,0.0,0.0,0.0,0.0,0.272929991148,0.155237543205,0.213269736374,0.0384513525105,0.0589994501199,0.15353225625,0.351409562571,0.392803893859,0.201768246574,0.211476549748,0.4375,0.5,0.625,0.6875,0.666666666667,0.6,0.30199490686,0.05573727821144248,1.0952287688010935,0.264896711755,0.03955202679267625,1.15965080429973,0.278185404897,0.007805678113733234,0.8775309928584605,0.250639495039,0.008379573305025676,0.6622886177152363,0.616766432336,0.009501807440019605,2.3928417196375955,0.601517823994,0.006683443978724918,2.383533668015546
WellC03_Seq0018/xy07,0,157.7441502865373,4.45982062419538,0.333398395312,0.284282181751,0.02827249451782685,2.048316381812154,0.12806248474863993,2.54426048849,0.126950440864,0.790324046743,0.0766659912303,3.44658169759,1.3639852723322707,0.101541084158,-24.0994325277,1.292332870414655,-0.4193669044337014,-0.7288548673172972,0.5834005635891759,-1.0256126473272968,-1.3849786269124609,-0.9781503281785136,-0.3249610496210309,-1.4939466247068773,-1.5811987085375983,1.34540089908,2.04792577991,0.0,0.0,0.0,0.0,0.0,0.0,0.0,0.0,0.22413793103448276,0.017241379310344827,0.0,0.0,0.0,0.0,0.0,0.0,0.0,0.0,0.0659899060947,-0.215745395916,0.340155031292,0.166893099847,0.0448520451619,0.20697737401,0.130826711448,0.157523313829,0.0718737110209,-0.0245762118572,0.4375,0.375,0.466666666667,0.466666666667,0.375,0.375,0.566582481762,0.005484389709119063,1.809538708275807,0.538717679371,0.004123361461261507,1.9028212571931746,0.641696797382,0.013759190889061327,1.914468047533757,0.629219821135,0.046782643304544014,1.897748265071417,0.503293175783,0.027689874529644935,2.1120370077633526,0.45311318584,0.011669522423844555,2.0953172253010126
WellC03_Seq0018/xy07,1,60.126056463701595,2.8515960443232027,0.141496906874,0.212659771899,0.047426959492091844,0.7748780549221846,0.02236067977500298,0.969775104253,0.3026552159,0.80329112314,0.0647771662631,0.371106913328,1.6627647295855907,-0.0822593517205,-8.03410250269,4.594523530702854,1.1697947692231905,2.0309619762958784,-0.4195714728176294,0.5808884408993404,-1.2636638886889802,1.4842420228201094,-1.1693111745904419,-0.7347691086391723,-1.1894514450080398,0.0,0.0,0.0,0.0,0.0,0.0,0.0,0.0,0.0,0.0,0.0,0.0,0.0,0.0,0.0,0.0,0.0,0.0,0.0,0.0,0.221881169411,0.128589043525,0.124588582812,0.0204544705245,0.025397679185,-0.0136922202249,-0.168296087518,0.264073489846,0.0234957224251,0.0367029784142,0.866666666667,0.8,0.5625,0.625,0.75,0.75,0.690554199145,0.2089501756111046,1.4704152189859687,0.679779760101,0.18376356795042095,1.508226332008258,0.545820876955,0.12277078374580698,1.1656357425073047,0.522653092843,0.06219368618162235,1.2837640742936864,0.624907389136,0.06475444464778053,1.3431986388079684,0.608950666159,0.06929649904806559,1.291128233165289
WellC03_Seq0018/xy07,2,58.92704502381603,8.617795541784437,0.472635475748,0.040050164347,0.14624516702477544,1.7381703023581718,0.02009975124226875,0.950436210062,0.291118767446,0.5603801961,-0.247307292185,0.238138125946,0.765608235671387,0.227778268588,-2.05082445632,0.6014629235632722,0.35232108455895705,-0.0021621659979160768,1.9215401584826974,0.3887878160285996,-1.247501999939011,2.3112908513608277,0.519210283753873,-1.0199596545027585,-0.32494188070115904,1.73184872319,0.0,0.0,0.0,0.0,0.0,0.0,0.0,0.0,0.0,0.017241379310344827,0.0,0.0,0.0,0.0,0.0,0.0,0.0,0.0,0.0,0.0750509402809,-0.00216530205212,0.000801304955792,0.0208590740064,-0.0967964494235,0.0196507611391,-0.249068392224,0.166147151669,-0.0507427026665,-0.221618525811,0.866666666667,0.8,0.4375,0.4375,0.6875,0.5625,0.722890183584,0.0207629064803996,1.35055887681253,0.711351176847,0.011396120778234924,1.3328410682915495,0.832365857147,0.1349767498541314,1.375852250007709,0.872302678012,0.2102858600935726,1.3665876003354558,0.709415717987,0.02733678736567506,1.4659723932803728,0.661726618687,0.018943795120497462,1.4617255211383438
WellC03_Seq0018/xy07,3,628.5653540897931,325.6045690711357,4.10134245323e-05,0.0085388529382,0.5180122750205252,11.420100875211222,0.9602770433578038,10.1381508724,1.5727758156,0.582315872035,-0.312942944048,23.1677913951,1.1177938281663407,-0.204745836906,211.804107771,2.2602819502012546,-0.36762754986435686,-1.2929148968961799,-0.3579351725779967,-0.7491695234163784,-1.3780506540060853,-0.8228914896129447,-0.6037665574864559,-0.40466622679865605,-0.6168935551940145,8.4243763622,8.66763863514,8.7717100172,8.96306948217,8.96306948217,9.31093432467,10.069021737,10.875337324,11.1491367521,11.3237902557,1.0,0.9655172413793104,0.9482758620689655,0.9137931034482759,0.9137931034482759,0.8275862068965517,0.6551724137931034,0.5,0.4482758620689655,0.39655172413793105,-0.0328463993745,-0.0309786896706,0.0865363234603,0.122692836126,0.00538706274676,0.0924296411424,-0.131127916107,-0.158269104933,0.155452740989,-0.189789506284,0.625,0.625,0.5625,0.5625,0.625,0.625,0.564410086126,0.02126747204174316,1.2195260662216716,0.542744092698,0.008294105231245272,1.082810360372639,0.559969741346,0.06289716092160334,1.091477959227635,0.562269233228,0.1107933286059602,1.046983038419031,0.572077907562,0.07289518767519033,1.104572758561146,0.582239544558,0.17038758737023818,1.135273451437823
WellC03_Seq0018/xy08,0,215.23063304718454,32.7315199769274,0.114951336681,0.000551428834874,0.15207649354333191,6.608069006903605,0.16044936896104275,3.47146182334,0.630370904559,0.634180007843,-0.107818662484,5.88376098413,0.9096685847960905,-0.12963543014,-6.2355423457,0.36824256296952473,2.3841368358632504,6.4330438512185335,2.284359479094368,1.6279487818784952,1.4079864338710983,-1.6299197470292246,-0.9277146710650528,-1.2920795665783595,-0.7532916248857449,2.14038193013,2.84685244479,4.86936926107,5.59367703255,6.241315246,6.241315246,0.0,0.0,0.0,0.0,0.603448275862069,0.29310344827586204,0.05172413793103448,0.034482758620689655,0.017241379310344827,0.017241379310344827,0.0,0.0,0.0,0.0,0.153900456168,0.0554526854852,0.0942602794876,0.179412976897,-0.093336598445,-0.142884931589,0.104321252584,0.161605664036,-0.0572066903799,-0.166012533397,0.25,0.3125,0.3125,0.25,0.25,0.25,0.548167413116,0.06581410071237397,1.3641910792314136,0.561223744433,0.08873828687815283,1.394753631451109,0.600064043593,0.0181335480987581,1.6117381343285915,0.575257142505,0.03188386813612452,1.5717887742969732,0.817266917542,0.03287862818621517,2.3337196014287054,0.790187839988,0.07543260393623036,2.298358628246892
WellC03_Seq0018/xy09,0,511.2450360013064,136.79141383873488,0.416147980119,0.543509816886,0.2675652655889755,13.421490230224066,0.35490280359558357,8.24588767744,1.02726825699,0.66857478684,-0.231997110611,25.5931845143,0.7406236137462227,0.183754376611,44.2315542223,-0.12553192496417465,-0.21256242647921963,-0.9231007937159981,0.2254003034419858,-0.4616134791098401,-1.7191049723986993,-0.7712426316019836,-0.8760320551843228,-0.33015334186339773,-1.0906082081209119,6.39685972272,6.67809149524,7.61941287409,8.02614163542,8.64097732718,9.18203721697,9.64227979416,10.1847250916,10.71615164,11.8756485936,0.9827586206896551,0.9310344827586207,0.7586206896551724,0.6896551724137931,0.5862068965517241,0.5,0.43103448275862066,0.3448275862068966,0.25862068965517243,0.13793103448275862,0.508780591734,0.189086652913,0.00688879527604,0.0447534079763,-0.0825662153585,-0.273654633849,-0.216331859628,-0.224144621247,-0.115784182875,-0.174350604043,0.4375,0.4375,0.5,0.5,0.5,0.4375,0.780199951054,0.0703327593973559,2.591363223532533,0.768053668025,0.09160315240834192,2.5905099562138614,0.592045045883,0.000752156791944582,2.3745836525791932,0.583775045434,0.03332284214421372,2.371911508339125,0.485450128527,0.0022243127717744447,1.9353823537425645,0.481234779943,0.10872562793977154,1.5933732461870627
WellC03_Seq0018/xy09,1,72.30034257441378,3.443835071544431,0.0410726367166,0.0333519431189,0.04763234791038407,0.6440496875242091,0.02332380757941068,1.16613455765,0.317863044865,0.567520985689,-0.259821682933,0.401387328206,0.9763704139099594,-0.208303510689,-9.64599287329,0.7633631306650313,-0.856325666983198,-0.9130664989629405,0.7591346058921817,1.5949551784350202,-0.15964818333696762,-0.8158397917850237,-1.404084683764529,0.017444397008691936,-1.0704325146918534,0.0,0.0,0.0,0.0,0.0,0.0,0.0,0.0,0.0,0.0,0.0,0.0,0.0,0.0,0.0,0.0,0.0,0.0,0.0,0.0,0.193716749158,-0.140601633601,-0.143919568599,-0.202034053843,0.0636170863677,0.0220117718035,-0.106494406164,-0.167923291539,-0.179336329723,-0.0562036971336,0.5,0.5,0.6875,0.6875,0.625,0.625,0.643077068765,0.010720828447657652,1.6316645267346062,0.668949549576,0.0232861215170437,1.7267986044572041,0.571430532715,0.05284245747493994,1.0298773859361976,0.586505815759,0.03329034380555973,1.0642333788557932,0.781971505906,0.1891342161069641,1.735207058830045,0.744303401359,0.11326014514357623,1.6179059485471414
WellC03_Seq0018/xy09,2,124.74646797554641,32.058292219018895,0.838559366463,0.919891894068,0.25698757439211156,2.73537127278913,0.04079215610874977,2.01203980606,1.11300699946,0.832950156101,-0.102046047199,1.56143244983,1.2945920528451837,0.618275577094,9.47320141057,1.3698316565373272,-1.0723429315220678,-0.8961900161352307,0.23074373564453854,-0.3070429734064706,1.3721722316131233,-1.0838977815120856,-0.2556571578528759,-0.602065216256805,-0.15701857538623987,1.99188136748,2.77053575678,3.21079643572,0.0,0.0,0.0,0.0,0.0,0.0,0.0,0.39655172413793105,0.1724137931034483,0.06896551724137931,0.0,0.0,0.0,0.0,0.0,0.0,0.0,0.226989183463,0.219973726808,0.111835076569,0.113264776614,0.0779551399391,0.0446908301785,-0.0320301849002,0.0327285532827,0.0450230074172,0.0974771649405,0.8,0.733333333333,0.6875,0.625,0.625,0.625,0.367499342832,0.0077977702894813285,0.8944115797928716,0.329578023906,0.04457648458989548,0.9293209666415975,0.597256728084,0.0030166815953187906,2.6588933412313858,0.619142858534,0.0010261407401983434,2.6831812430321516,0.606017582943,0.023062279712303336,2.6055282220401708,0.595928205524,0.00303422545629175,2.629816123840936
WellC03_Seq0018/xy10,0,60.024271967977036,0.5830951894845067,4.36001979342e-05,0.000450386196846,0.009714323395635487,0.6118823416311306,0.05999999999999091,0.968133418838,0.38915144188,0.375461962146,-0.426838422235,0.19912255062,0.38197457441244165,-0.248719817374,-10.2841754845,-0.5556468374167949,2.094591770589928,0.21733110377475384,2.2794287904910613,-1.0012945674941114,0.6482883582057624,-0.26352355909465075,0.7304626981163067,-0.6769974100480325,-0.9534609293735135,0.0,0.0,0.0,0.0,0.0,0.0,0.0,0.0,0.0,0.0,0.0,0.0,0.0,0.0,0.0,0.0,0.0,0.0,0.0,0.0,0.356938155664,-0.133512546564,-0.310434448035,-0.127531637458,-0.122670378191,-0.0920866629081,-0.0941246560572,-0.140902983165,-0.0259598732648,0.0926726523761,0.6875,0.6875,0.5625,0.5625,0.533333333333,0.533333333333,0.507737908288,0.012552759441597297,1.497581492734363,0.494592823345,0.0099190795163935,1.436615883413418,0.478472598202,0.021554245446542445,1.3386278978427895,0.480016475172,0.0021285303378876324,1.2376515526681082,0.614908505456,0.0063440861800797554,1.607392037843522,0.614966336647,0.030870452078004894,1.6009326807650381
WellC03_Seq0018/xy10,1,59.65782036252583,0.7615773105862057,0.00259824301309,0.0061068376151,0.012765758218424484,0.6648308055438192,0.044721359549995794,0.962222909073,0.408705163228,0.555403363333,-0.345695927639,0.22574677686,0.7671226389621315,-0.284468498625,-10.0393480558,0.6697267857795177,0.5864100693970151,0.7034975954739013,1.1599382350721612,-1.1802358036523166,-0.4783182573876048,-0.23039115117453512,0.29796411326897276,-0.792917565730177,-1.5287707188514084,0.0,0.0,0.0,0.0,0.0,0.0,0.0,0.0,0.0,0.0,0.0,0.0,0.0,0.0,0.0,0.0,0.0,0.0,0.0,0.0,0.287341602953,-0.062825274762,-0.205881529967,-0.120960204979,-0.0555415439791,-0.123448433315,-0.102704766686,-0.0692204296505,-0.0747533638892,0.117917443776,0.75,0.75,0.5625,0.5625,0.5,0.5,0.606502967777,0.0,1.7997702590456364,0.59899009827,0.01295880907199522,1.6471806211848499,0.490679161165,0.04772261220460573,1.2491818638509402,0.49358030721,0.04742486291115369,1.2566666691406505,0.559549219453,0.0035073901381546817,1.6000103526722949,0.553885963162,0.04159795934816087,1.6421966270060557
WellC03_Seq0018/xy10,2,53.48788672240827,3.1042068230065536,0.0170225471176,0.0270268487646,0.0580356976733215,0.4753945729602191,0.02009975124226875,0.862707850361,0.37624798757,0.657725700149,-0.445975075942,0.140020737568,0.3560767806985813,-0.18788567496,-6.57966477979,-0.13585751055742845,-0.7611937364805614,-1.1037554978137591,0.7699357518170209,-0.1022259925470439,0.3798986892725975,-0.7622003620410247,-0.21248057791388542,-1.244408285027915,-1.4513553359583224,0.0,0.0,0.0,0.0,0.0,0.0,0.0,0.0,0.0,0.0,0.0,0.0,0.0,0.0,0.0,0.0,0.0,0.0,0.0,0.0,0.244939151537,0.00335303971257,-0.067368059469,-0.0391651840249,0.0118147233161,0.0984741068909,0.166785952508,0.124976647085,-0.106893328817,-0.180094000836,0.875,0.8125,0.625,0.5625,0.625,0.625,0.465878539782,0.022328682482330196,1.6514685232576312,0.467901550986,0.003248993704010971,1.6062389718314944,0.572302768186,0.01822095641899197,1.6262821744868194,0.563900276162,0.007646780136399552,1.5810526230606827,0.814364753639,0.09790218296907603,1.9668068701974875,0.766019931577,0.10865749155260034,1.581233330552729
WellC03_Seq0018/xy10,3,80.00616364012444,14.119263436879416,0.37741840147,0.431091526123,0.17647719618689936,1.7611825572608968,0.02039607805435259,1.2904219942,0.958522636636,0.88461830488,0.0964728908256,0.97978360303,1.3647552680096604,0.129321326879,-0.365687523033,1.036558859176008,2.5185516659574434,4.827315206030791,1.6844809448814804,-1.3012148851643646,0.8194185524610837,2.218739829376431,-1.0375302725630637,0.2905023463796863,-1.4879288356751172,1.30628699047,0.0,0.0,0.0,0.0,0.0,0.0,0.0,0.0,0.0,0.08620689655172414,0.0,0.0,0.0,0.0,0.0,0.0,0.0,0.0,0.0,0.329730537332,0.239116767751,0.113469045193,0.291734013988,0.299391332786,0.0836296288021,0.146858891482,-0.0854384051205,0.0422748640563,-0.140655187986,0.375,0.375,0.375,0.375,0.4375,0.4375,1.00350428075,0.04484034413878108,1.7741028228195534,0.870095781246,0.05339491331211609,1.8073508097611688,1.13236879938,0.10490763979972724,2.114429684043293,1.05356939673,0.04246752536086189,2.0179364189079387,1.19823511541,0.3387601356910845,2.1775415479043403,1.03984854399,0.3302055665177512,2.1907492834893576
WellC03_Seq0018/xy12,0,67.31330408233298,3.4828149534536634,0.00039153543513,1.8781998095e-06,0.05174036545871712,0.64841036389002,0.024413111231482456,1.08569845294,0.503142987252,0.546273342428,-0.331455833191,0.309423938191,0.6438505693779334,-0.220376777269,-8.70411995531,0.6258853186228799,0.41260726061392505,-0.39457854284929583,-0.7967116323609873,1.2761087592228204,0.3569591327369519,-0.06276143091685826,-0.8895046143668677,-0.09714158189893407,0.597482225484959,0.0,0.0,0.0,0.0,0.0,0.0,0.0,0.0,0.0,0.0,0.0,0.0,0.0,0.0,0.0,0.0,0.0,0.0,0.0,0.0,0.00847684263092,-0.00636105116261,-0.0141091861845,-0.235213144704,0.0205290742298,-0.128273604684,0.0130492017624,0.0309657557133,-0.0939585847945,-0.053993252355,0.5625,0.5,0.5625,0.5625,0.625,0.5625,0.804208203231,0.007993388445959626,1.9958853014278728,0.785300029999,0.08523877216585836,1.6471503919547612,0.664255299535,0.06007321698720511,1.5421874701031155,0.663192253377,0.044806199299676594,1.4835111477352672,0.709768211356,0.07276618711110719,1.722772702237742,0.693084845489,0.05004455540056924,1.3740377927646303
WellC03_Seq0018/xy12,1,58.84448265461869,3.5640005611671426,0.242935742861,0.328734234572,0.060566435464912784,0.6886189076695588,0.041231056256183216,0.949104558945,0.587405164311,0.715532824841,-0.325143908983,0.253101222296,0.6651223449266918,0.01656834316,-7.08967169023,-0.01368023671375651,2.8812737604203944,-0.43892670774052034,3.182014932031535,2.952086577452963,4.738583780287698,0.7341982834983845,-1.3634995091047724,0.6139613348504618,0.6136939603495457,0.0,0.0,0.0,0.0,0.0,0.0,0.0,0.0,0.0,0.0,0.0,0.0,0.0,0.0,0.0,0.0,0.0,0.0,0.0,0.0,0.173099293575,0.0450711592091,-0.0821926527628,-0.327227303052,0.0618375942969,0.0917643763977,0.078414999925,-0.0986930556561,-0.149469076579,-0.153172346487,0.5625,0.625,0.5,0.5625,0.6875,0.625,0.462590860938,0.03483726885679072,1.6040287389190029,0.420071149349,0.018076774165444204,1.5816704933233743,0.476136705233,0.0053729800508095565,1.3314039106753883,0.437444442674,0.012915176186822403,1.3478228906606926,0.410355586784,0.00013993571637145418,1.24333879256029,0.419961440209,0.05646223473572139,1.2361344333664548
WellC03_Seq0018/xy12,2,92.57770525680992,0.41231056256161164,0.0318180868125,0.0236384967822,0.00445367015112186,0.8207313811473215,0.02828427124746833,1.49318879446,0.328706415582,0.622211749623,-0.363764053155,0.621619533675,0.44371454440770297,-0.214589718816,-16.3486920854,-0.6611772411576813,-0.34694273552849086,-1.030836729971779,-0.7509398929463034,-1.4635914667505499,-0.6658024106090008,-1.421370497138507,-0.13759536057828647,-1.3812231760888978,-1.1900323454497697,0.0,0.0,0.0,0.0,0.0,0.0,0.0,0.0,0.0,0.0,0.0,0.0,0.0,0.0,0.0,0.0,0.0,0.0,0.0,0.0,0.127910780474,0.0511151853525,-0.0114156109141,-0.144429972931,0.117161748349,0.143510041531,0.237610553085,-0.0990744908909,-0.207735309631,-0.253312987011,0.3125,0.3125,0.466666666667,0.466666666667,0.6875,0.6875,0.775548221681,0.0726480940492956,1.4294996189856026,0.756564497301,0.13833914210995676,1.4550900967288571,0.710224220177,0.03891640989728578,1.4548074673649865,0.750969717945,0.07488095137994219,1.5035706479843138,0.923713666088,0.03281339625406099,2.0147236639467665,0.867780618424,0.007222918510790741,1.9878248122276527
WellC03_Seq0018/xy12,3,397.21864594702623,123.57637314632586,0.647422377626,0.642452722228,0.31110415990594315,14.033346001577836,0.1400000000000091,6.40675235398,1.55498610996,0.803230166609,0.22804226777,24.9289592924,1.5637625712786396,0.435280636075,51.6607563348,2.5073843542945538,1.0187361683081342,1.8437566225429887,2.3368973060155014,1.8673775021992132,0.5018766402630717,-0.2533566740585216,-0.3032019755128643,-1.2727641806610899,-1.4755510469277062,5.53517046418,5.67993583022,6.3083650923,7.3092892424,8.25379099703,9.85198484089,10.345138918,11.4032377176,12.5380343468,13.6247897163,0.9655172413793104,0.9310344827586207,0.7758620689655172,0.5689655172413793,0.43103448275862066,0.27586206896551724,0.2413793103448276,0.1724137931034483,0.1206896551724138,0.08620689655172414,0.422682614653,0.430422052941,0.254737292286,0.104883217606,0.108184824853,-0.045125890623,0.0879836054031,-0.11402741309,-0.088302372661,-0.219832622602,0.25,0.25,0.25,0.25,0.1875,0.1875,0.715549531901,0.02043145275519157,2.9240689214765445,0.618260784862,0.00015640614648522786,2.945409466136212,1.06825098022,0.023289569939754052,2.9656449228770527,0.957217261345,0.007731523464730683,2.9647930313892394,0.972879623348,0.04313762114907872,2.925901981986931,0.849813441442,0.02695583170999128,2.9250500904991186
WellC03_Seq0018/xy13,0,150.82333088647874,33.31087510108368,0.380104444048,0.227585668802,0.22086022703049843,3.94073292675361,0.02000000000000455,2.43263436914,0.880379088129,0.757572521366,0.0616831016155,3.03775878675,1.3440359980911016,0.136800813883,6.00462203128,1.586143109631048,-0.4917338675748866,-0.6572707689635493,-0.12934268670022275,-1.6431122670337062,-0.271449185187171,-1.12398958897902,-0.6237974787963219,-0.3080275050182282,0.7840836212631257,2.514890403,2.94349072686,3.58493319222,4.29220883506,0.0,0.0,0.0,0.0,0.0,0.0,0.5344827586206896,0.3793103448275862,0.13793103448275862,0.034482758620689655,0.0,0.0,0.0,0.0,0.0,0.0,0.23805437356,0.243230434702,0.0685100322789,0.0766810732265,0.135620574558,-0.113629563779,-0.200344268781,0.105146385374,0.00851708800418,-0.00418905516764,0.3125,0.3125,0.125,0.1875,0.1875,0.1875,0.534523634223,0.08329657681918608,1.7403945898501092,0.512237340656,0.055029913606888865,1.9260161017807038,0.582724922948,0.10551984662595364,2.683755578409122,0.540587757838,0.0099816748023106,2.7105701179869675,0.679866401512,0.06627564793845865,2.737163858515691,0.644874330538,0.04133696021896955,2.763978398093536
WellC03_Seq0018/xy14,0,61.49357534813477,4.195008939203738,0.0218892476847,0.001658855657,0.06821865398872082,0.6124573454535258,0.029732137494626793,0.991831860454,0.387288751118,0.611822901739,-0.359609266727,0.299536670113,0.3687909324663145,-0.223733447097,-6.93827608211,-0.7584782695518255,0.15149868047942538,4.7351024938757265,-0.9329736207211248,-1.4376709305272177,-1.2176309387848072,2.4195934373274817,-0.11304066764475262,-0.8297999961885716,-0.347472904659031,0.0,0.0,0.0,0.0,0.0,0.0,0.0,0.0,0.0,0.0,0.0,0.0,0.0,0.0,0.0,0.0,0.0,0.0,0.0,0.0,0.147675019862,-0.0403776890045,0.0273143532853,0.0131458362117,-0.161584360686,0.0987236425901,-0.143539784019,-0.06677401247,-0.0788502059296,0.0739809270709,0.533333333333,0.666666666667,0.4375,0.5625,0.625,0.625,0.593171849179,0.07657649507437767,1.3629202242730174,0.541843230597,0.06373128119480669,1.3235102361018938,0.576870090485,0.027824326841879604,1.330813310860659,0.522809684604,0.007266640195985702,1.4323391966760222,0.677518854253,0.04530858147317921,1.60802605948001,0.663103493278,0.0747148143061328,1.6285837461258859
WellC03_Seq0018/xy14,1,60.620890196785496,3.3339016182245373,0.00898672656309,0.0012080435103,0.054995919845487885,0.5935284323434082,0.02039607805435259,0.977756293497,0.438321480933,0.619204004115,-0.310001008583,0.302162979816,0.6114398469546919,-0.222111356735,-7.64138555585,-0.3483863906317448,-1.0014956163075692,4.898699672354848,0.5203661305078366,-1.2345497931408904,-1.7014921938778136,1.991176347090228,-1.5227143426649132,-1.55857348936158,0.0629143661132665,0.0,0.0,0.0,0.0,0.0,0.0,0.0,0.0,0.0,0.0,0.0,0.0,0.0,0.0,0.0,0.0,0.0,0.0,0.0,0.0,0.154109839424,0.030289829607,0.0286149497224,-0.0854755667368,-0.0589402892938,-0.16323586699,-0.000606398484426,-0.180878679748,-0.102921908242,-0.104000421205,0.533333333333,0.533333333333,0.5,0.5625,0.5625,0.5625,0.557498584622,0.07445840933900552,1.2813601936455017,0.536235639827,0.029308115987881887,1.2774332863892202,0.590371497724,0.023020642219645778,1.5469288634114189,0.546482820243,0.016080937496898276,1.5430019561551374,0.49927501829,0.022842420541018354,1.2274052587091215,0.484944273481,0.027844256206468986,1.175468447750549
WellC03_Seq0018/xy15,0,71.68911826913565,2.9945617375503066,0.0364884262576,0.0339884700558,0.04177149628634164,0.611153008664775,0.04123105625617936,1.15627610112,0.340733222679,0.771505202761,-0.345037383143,0.38611895093,0.5454567714985125,-0.177360774714,-9.98460530711,-0.38869381641875034,-1.006822052001809,-0.8229473002502448,-0.25548730530715824,-1.054099996539174,-1.3144983001684922,-0.6297918175926482,-1.3944588442635406,-1.072042784801392,-1.1620315377509212,0.0,0.0,0.0,0.0,0.0,0.0,0.0,0.0,0.0,0.0,0.0,0.0,0.0,0.0,0.0,0.0,0.0,0.0,0.0,0.0,0.340566100564,-0.0398103232674,-0.0576996265346,0.0125522635298,0.136092238776,0.367294721469,0.262210698413,0.071667470253,-0.0526190112503,0.150597679001,0.5,0.5625,0.375,0.3125,0.3125,0.25,0.409317871889,0.012223239628319605,1.2334143273045788,0.445846924163,0.08680253996445567,1.3071278370060535,0.568355647465,0.04702937543776359,1.5396531176531585,0.533112517546,0.04167188725939992,1.3343607642682729,0.583993455888,0.003656120803133327,1.526435347661892,0.591586113223,0.0007262063715558444,1.5255282891826722
WellC03_Seq0018/xy15,1,80.68234886685963,2.717738030053715,0.00877175003214,0.0078243836979,0.033684418813072374,0.7947930548262159,0.036000000000001364,1.30132820753,0.299391864004,0.844480419679,-0.189161140614,0.730588013184,0.7489026606982986,-0.20976850157,-11.8896348709,-0.04100454369127826,-0.9810895343330532,-0.46955712062045185,-0.6548929937824228,0.1541433419782905,-1.580209997992031,-1.464930070450899,-0.746149663513143,-0.37249599517356824,-0.29758382485362667,0.0,0.0,0.0,0.0,0.0,0.0,0.0,0.0,0.0,0.0,0.0,0.0,0.0,0.0,0.0,0.0,0.0,0.0,0.0,0.0,0.348338057162,0.0618480920763,0.121437399351,0.134292597308,0.210394327693,0.226528867048,0.0404183761494,-0.133268907896,0.221846502921,0.255944982432,0.25,0.3125,0.3125,0.375,0.3125,0.3125,1.02978647916,0.003947959091309675,2.0470019364247656,1.00896844805,0.12078346898101476,1.8171508181492388,0.768577128302,0.08044030207558758,1.6766349568467993,0.71343093889,0.004728245411501259,1.4976200902916448,0.810025482975,0.09894270107566107,1.9930067078934757,0.795826777735,0.044911955235320364,1.8139918413383214
WellC03_Seq0018/xy15,2,126.77482842639472,3.7420448955083696,0.032147586845,0.0432767330636,0.029517254662908065,2.8897307833083663,0.0732393336943859,2.0447552972,0.0516146209446,0.817128365852,1.15161540493,4.42875556229,2.369347999037521,-0.202931632482,-19.2102763902,5.857101786369281,7.357947837606314,5.616665365236786,3.402611187136692,3.683910330934527,-0.40937262706220556,1.9659882529261195,-1.1128561710227698,-1.408717297768813,-0.027110188018519388,1.53055381584,2.715036648,0.0,0.0,0.0,0.0,0.0,0.0,0.0,0.0,0.10344827586206896,0.017241379310344827,0.0,0.0,0.0,0.0,0.0,0.0,0.0,0.0,0.43092518912,0.0956817583734,0.0563082606269,0.0421652788379,0.0132950435219,0.0132499871061,0.00274353985007,-0.0235556078059,0.00457336207934,0.0383743247685,0.1875,0.25,0.5,0.5,0.375,0.4375,0.526757165599,0.02716243134707722,1.6507344275562568,0.540408823473,0.0888095446594386,1.54270779948241,0.425876167725,0.11512385342067089,1.3159056382013394,0.438989073309,0.15640773436676567,1.1697271192881038,0.683900476074,0.07797003864203148,1.5175910300553475,0.654423291401,0.07317875540850141,1.4848874707671047
WellC03_Seq0018/xy15,3,71.86435199521979,2.140093455903278,0.0753614665549,0.0749719586929,0.029779625036424607,0.8820430828480154,0.0,1.15910245154,0.319616045642,0.661121672716,-0.13617856483,0.460034938342,1.2688492087692735,-0.152035255838,-10.8707992935,2.186311489998488,-0.10217294280604516,-1.2509191818532688,-0.6985265495270698,-0.36953638608258643,-0.999515294397594,-0.8096986834017805,-1.6513268370826129,-0.9328206401049286,-1.1451474126387353,0.0,0.0,0.0,0.0,0.0,0.0,0.0,0.0,0.0,0.0,0.0,0.0,0.0,0.0,0.0,0.0,0.0,0.0,0.0,0.0,0.335673679396,-0.0117052836367,0.0375760673854,0.167242179964,-0.00480979072981,-0.189760774406,-0.114894659706,0.0754506965475,0.0559883769093,0.0238613870016,0.307692307692,0.384615384615,0.4375,0.4375,0.266666666667,0.333333333333,0.643247663966,0.05156088063200119,1.8132229152200037,0.600502806941,0.03645875557462002,1.5411875409266027,0.495639945823,0.11687044390177834,1.0074060756181475,0.529902579491,0.1502842851995872,0.9692821804489385,0.633447664367,0.16858611717122504,1.227760072215304,0.611422674882,0.06269632438486497,1.337153850860132
WellC03_Seq0018/xy15,4,108.9113600114427,17.38727408192555,0.292915775867,0.160540048416,0.15964610193187165,1.5298418218888021,0.11400000000001001,1.75663483889,1.26970308098,0.674737949164,-0.232879805169,1.1042808894,0.8523207570920832,0.0559021001035,-2.33090308051,0.2008508601500787,-0.7890436739689872,2.0798634965204883,-1.169089986607544,1.4811486962097549,1.8737740413360804,-1.0478899811759124,-1.1167821146581085,-0.1803129973296671,-0.30741808262554304,1.35949380149,0.0,0.0,0.0,0.0,0.0,0.0,0.0,0.0,0.0,0.1724137931034483,0.0,0.0,0.0,0.0,0.0,0.0,0.0,0.0,0.0,0.0221834938421,-0.0400482687306,0.153312827312,-0.0510908221551,-0.068126952465,0.0463182962034,-0.0157557778155,-0.201696163332,0.474737026188,0.132852992099,0.4375,0.4375,0.375,0.375,0.6875,0.6875,1.01809882581,0.14205486350369775,2.172021959447726,0.884572119223,0.08940809046396256,2.2870862510583785,0.938922288434,0.04840098418203306,2.075845818844739,0.753820979522,0.02354903240202025,2.0453425188325185,1.00343063706,0.010718987806501623,2.120192581575803,0.866026470795,0.017926859974834054,2.235256873186455
WellC03_Seq0018/xy15,5,113.14027958907565,6.9254256908872005,0.00205092421791,0.00029870831885,0.061210964972335906,3.3898674015365176,0.0774000000000001,1.82484321918,0.787731992724,0.763347115045,0.562359101218,2.09687122319,2.0981147872315584,-0.240001989863,-13.5583886413,6.186733571379696,3.589121029580567,1.7422738646024358,-0.02190897466907149,3.9733178386414725,-0.8446058847810516,2.137416033332361,-0.9736518990826921,0.2668889467842379,1.147551542273935,1.7803467925,3.02508659061,3.59795588569,4.063372865,0.0,0.0,0.0,0.0,0.0,0.0,0.2413793103448276,0.06896551724137931,0.034482758620689655,0.017241379310344827,0.0,0.0,0.0,0.0,0.0,0.0,0.0368692319823,0.201829448005,0.166172193429,0.126966221596,0.0274095443896,0.0945927819037,0.163895656447,0.109989780936,-0.0387854757753,0.0166484289357,0.625,0.6875,0.5625,0.5625,0.5,0.5,0.544393458566,0.007030036594015177,1.7972743039975452,0.472418967379,0.002804739497540736,1.7035478899021312,0.45277346173,0.0025310288769109577,1.6360948444953574,0.413817468107,0.021630262032977427,1.6237583590110478,0.611838211417,0.01104577084495309,1.6821801199724553,0.571436006171,0.036165174912250596,1.6792137102099725
WellC03_Seq0018/xy16,0,218.20745812407486,18.619613314996602,0.976030860506,0.966585734759,0.08532986670148236,5.087871853732152,0.058137767414992506,3.51947513103,1.409861036,0.764234149899,-0.0201343318466,5.47049078283,1.2149514041519776,0.751406825744,-20.8863970498,2.5373935184907577,1.129654915373008,0.6074948230847346,-0.0931355322804599,2.515448297761183,-0.13527397977034283,-0.17665782465326219,1.4588284894803065,0.37324465790919925,0.6155040617360754,2.65698417598,3.71316040835,4.87399037368,5.37793865828,5.75784865837,6.28849305066,0.0,0.0,0.0,0.0,0.7068965517241379,0.3620689655172414,0.1896551724137931,0.13793103448275862,0.08620689655172414,0.034482758620689655,0.0,0.0,0.0,0.0,0.0798264264759,-0.0028067888849,0.288258749628,0.205123698933,-0.119061739495,0.15887188174,0.0161150502668,-0.199241950823,-0.115341121456,0.159087915,0.3125,0.375,0.25,0.3125,0.375,0.375,0.417385457582,0.0026963417078713975,2.411576740755916,0.383202398426,0.010392417305416082,2.131102082085437,0.190185659292,0.001739147921553337,0.7271090678615387,0.177224374401,0.0034290865653441326,0.7509495798002052,0.233276117046,0.014214567160167021,1.0138023129421978,0.216622730416,0.01799992949942799,1.0833447154437885
WellC03_Seq0018/xy16,1,126.4634599545485,34.36335257218056,0.801674737005,0.79303081871,0.27172554494816836,1.8367362358270385,0.07211102550927725,2.03973322507,1.48013232798,0.68330388551,-0.325841359188,1.33554385389,0.5269966562471462,0.579826800572,11.4674039062,-0.5022460519943035,-0.23134686317567876,-0.9730693941936055,-1.3204927463293281,-0.6958266198320282,-1.2528247806131174,-1.744326547481615,-1.374817487746133,-1.4742792405274745,-1.5053544744963694,1.31474021374,2.37124439904,0.0,0.0,0.0,0.0,0.0,0.0,0.0,0.0,0.25862068965517243,0.017241379310344827,0.0,0.0,0.0,0.0,0.0,0.0,0.0,0.0,0.119044530349,-0.0131758899443,-0.0811319616574,-0.0580808282229,0.0232691040004,0.0994191729579,-0.0314454615063,0.134733827635,-0.149015885762,-0.320156036486,0.4375,0.5625,0.5,0.4375,0.625,0.5,0.473943122854,0.05124492354153142,1.33697450643,0.458756297719,0.04267755789388434,1.353859226634042,0.440758976316,0.08923701261895937,0.9867566122561232,0.43477592261,0.05932632349542968,1.13816071433221,0.368813351758,0.012740836738909534,1.2853667755446656,0.362942292096,0.012682277540901907,1.302841588508656
WellC03_Seq0018/xy16,2,94.66671954618,7.128597337485148,0.138461868706,0.205036980165,0.07530204248820199,0.9438982996064711,0.09682974749527529,1.52688257333,0.405593757698,0.644087010467,-0.0794734244923,1.28082658615,0.8604709782282064,-0.0713345460783,-10.0106170402,0.0375627747269176,2.797748533674528,-1.0713658637822165,-0.8347385127156621,-1.0184315916217352,-0.9809530570960989,-0.7844030073432204,-1.3151714497673888,-1.010481804179383,-1.6332686305635977,0.0,0.0,0.0,0.0,0.0,0.0,0.0,0.0,0.0,0.0,0.0,0.0,0.0,0.0,0.0,0.0,0.0,0.0,0.0,0.0,0.377212070446,0.0233786221718,-0.0409117165511,-0.00358027422516,-0.0481911868749,-0.115374531156,-0.10661349117,-0.176273845169,-0.119695937812,0.0922338857153,0.6,0.533333333333,0.466666666667,0.466666666667,0.333333333333,0.4,1.02924936287,0.09822395476129787,2.399424506478013,0.874903957455,0.10485564209262162,2.1212085724981375,0.991100002839,0.06241294511768791,2.7544046605006827,1.05170908476,0.1197430648340097,2.601098126804046,1.15159619931,0.14593155638615368,2.49733005340222,1.04329041315,0.29923809008278973,2.516777993834675
WellC03_Seq0018/xy17,0,74.0202171049635,2.193171219946075,0.166595380739,0.223974750408,0.02962935405655558,0.7280109889280518,0.08944271910001192,1.19387446943,0.245755297383,0.638053785418,-0.094413909975,0.560580092998,1.198704332863082,-0.0848981132091,-11.2080364624,1.8466705368064673,0.680828776097143,-0.7425587933604061,-0.954862582155195,-0.28982269445569697,-1.0031025170022076,-0.47447870225764044,-0.28976969316450285,-0.27020645031896606,-0.7220983178638845,0.0,0.0,0.0,0.0,0.0,0.0,0.0,0.0,0.0,0.0,0.0,0.0,0.0,0.0,0.0,0.0,0.0,0.0,0.0,0.0,0.163159023078,-0.0437986673732,-0.0226277429563,-0.0988529943765,-0.115198689617,0.0488525660397,-0.0429084056456,0.0952125283678,0.0619082204132,-0.220214091374,0.4375,0.5,0.5625,0.625,0.25,0.3125,0.867255810507,0.033508089029129266,1.575454121846338,0.810962982923,0.058653068914213485,1.5013736327735512,0.716879748406,0.07387924043707882,1.4140002428957454,0.712289669464,0.05682668394764764,1.450603499405671,0.678820184767,0.1669926890865776,1.591268838423035,0.665656012177,0.11287358941283379,1.5444817788541836
WellC03_Seq0018/xy19,0,439.42436621420217,121.65967121441686,0.671044035162,0.924090250007,0.276861459146106,21.42927800930308,0.08121576201700745,7.08748977765,1.3797640847,0.848409697438,1.51494533736,65.414594745,2.4547520376058283,0.429594182689,42.1027957737,6.279133905559442,6.03293480037037,3.7463229896889807,5.0443555260339235,6.562821859381698,0.35306308395336394,2.8269526575644113,1.8128337140966675,-1.5315820443500636,0.945814865521033,5.42232943383,6.48940516093,9.07786431014,11.2357678124,14.5336365073,16.3802626097,17.4673398338,18.6974467656,18.6974467656,20.0059261301,0.896551724137931,0.7068965517241379,0.43103448275862066,0.3103448275862069,0.20689655172413793,0.1724137931034483,0.15517241379310345,0.13793103448275862,0.13793103448275862,0.1206896551724138,0.602826651206,0.34364787331,0.446946864593,0.374274203679,0.033809867636,-0.114714939973,-0.125871569664,-0.218823443191,-0.299954119713,-0.318716354979,0.6875,0.625,0.5,0.5,0.5,0.5625,0.347237636226,0.040881361568294194,1.7365692662582906,0.330073577792,0.02075139029915348,1.7387110232377063,0.292165766689,7.430243453805611e-05,2.0916726456171366,0.31705046176,0.007344773567179743,2.093814402596552,0.281727018218,0.01934868504168437,1.2457913763176915,0.267191499242,0.02030438026092287,1.2479331332971073
WellC03_Seq0018/xy20,0,159.52551903183675,4.073438351073939,0.546915928192,0.0480481277755,0.02553471304024403,6.214195362233144,0.06462197768560594,2.57299224245,0.295628956525,0.846962731168,1.3347964641,7.55546923759,2.586647382362049,0.307969373182,-24.8083279391,5.967121384899057,9.572474654279823,4.761276179604467,3.80610157588447,1.0482075397416457,0.2925610793769078,-0.65570827837601,-1.1041094220124121,-1.2771258037322601,-1.0559204190912688,3.69439743069,3.97513489528,4.57276730066,6.18086911123,6.18086911123,6.18086911123,0.0,0.0,0.0,0.0,0.1724137931034483,0.15517241379310345,0.10344827586206896,0.034482758620689655,0.034482758620689655,0.034482758620689655,0.0,0.0,0.0,0.0,0.605089617698,0.43413141229,0.3508027504,0.201164431327,0.143332673342,-0.0123377679069,-0.152077089808,-0.168269297606,-0.176175143919,-0.147134338563,0.4,0.466666666667,0.375,0.4375,0.625,0.6875,0.5669193937,0.0059176410465721415,1.8545023439639574,0.565665207314,0.00034375804240902724,1.7795598861919548,0.694886023063,0.00010097653775694274,1.6837824015669907,0.727248490715,0.004758289197028242,1.7461284289971293,0.587989479866,0.049490462528605304,1.486382169463104,0.609349952294,0.04322906343950622,1.5049082324144545
WellC03_Seq0018/xy20,1,271.3686390734673,113.94755986856411,0.990695297911,0.977327165952,0.4198995147619664,8.590157158050147,0.14012851244483573,4.37691353344,1.72181184635,0.895525044394,-0.0892475736578,7.9231410636,1.1867829409719783,0.756410430339,64.8168273075,1.2737995036664982,1.3833637227186752,0.06918524886696353,0.7802207076677887,0.2718406534166591,0.11594092622783458,1.4077074843599604,0.09404804014203005,-0.5739362926880096,0.20425571037314239,4.04477907131,4.5736039767,5.44513235659,6.58745402492,8.27788576003,8.54239674904,8.71627099869,9.07934229944,9.54879095695,0.0,0.9137931034482759,0.7586206896551724,0.5344827586206896,0.3448275862068966,0.1896551724137931,0.1724137931034483,0.15517241379310345,0.1206896551724138,0.06896551724137931,0.0,0.606013759927,0.474487239839,0.327678043785,0.223705890188,0.260536119751,0.262441634758,0.0635988156725,0.0543989938823,-0.107742235134,-0.16724850809,0.4375,0.5,0.5625,0.625,0.5,0.5,0.352569173049,0.04444416197262735,2.450198907965706,0.345391813858,0.014039095529711143,2.433654622833717,0.23628130977,0.0024685514236278106,1.547029970575746,0.246217416534,0.004615816094410052,1.543182432422085,0.254028351363,0.0018047676713840001,2.159873192641088,0.268871663765,0.0068740955589043804,2.1560256544874274
WellC03_Seq0018/xy20,2,98.27850200089563,17.739134702684943,0.238121500497,0.14473847963,0.18049862728395355,1.7288944444355174,0.061188234163106814,1.58513712905,0.927031258677,0.576431169385,-0.0778250363682,1.05931897777,1.2157886224517924,0.0116565357085,-0.0539854411568,1.3140896501271273,1.5620089038421483,3.655054962914738,-0.43470512642468995,1.4336869236710834,0.5781632877588896,-1.4481422650042184,0.08387845006040529,0.569321538321665,-1.8749511760001074,1.41822992314,0.0,0.0,0.0,0.0,0.0,0.0,0.0,0.0,0.0,0.15517241379310345,0.0,0.0,0.0,0.0,0.0,0.0,0.0,0.0,0.0,-0.153013994601,0.131026401854,-0.0548119378627,-0.0223741491066,-0.0169305344187,0.028634082459,0.00528885632821,0.00473171496941,-0.107474677713,-0.129254692945,0.75,0.6875,0.5,0.5,0.5625,0.5625,0.776449218999,0.021616608214115353,2.109665446268322,0.774681189855,0.03757983617838033,1.9530468929249274,0.597641089904,0.003276506055067342,1.5209376957246354,0.613004462655,0.007031923923849227,1.6421580973741317,0.637278978661,0.07754454518526459,1.5169882691817125,0.586511093598,0.03925297167223627,1.6382086708312087
WellC03_Seq0018/xy21,0,127.13822465640617,2.3086792761228794,0.00920381849928,0.00913231582384,0.01815881323152133,0.9838699100999074,0.05656854249493666,2.05061652672,0.177134039439,0.650677677354,-0.347135036967,1.16949858864,0.5833822324680571,-0.241667187695,-20.7094341478,-0.4662317263539584,-0.6980394559169474,-0.7364630823887168,-0.5399427133060422,0.019791084966699124,-1.3198202182213818,-1.4309467756290224,-0.772388220466866,-0.8395134937729134,-1.0015558214271019,1.06124510721,0.0,0.0,0.0,0.0,0.0,0.0,0.0,0.0,0.0,0.034482758620689655,0.0,0.0,0.0,0.0,0.0,0.0,0.0,0.0,0.0,-0.0649045492719,0.0248025154558,0.190490083906,-0.0103816734272,-0.00458789008765,-0.0105158737051,-0.139653322182,0.11171166254,-0.129006517279,-0.217166057273,0.285714285714,0.357142857143,0.375,0.3125,0.5,0.5625,0.897257182777,0.04246863464346913,1.8931578161818492,0.882296204695,0.20090996255208607,1.8906798543667949,1.04156397672,0.03930048723942523,2.2500232931480233,0.909785714084,0.03812572306542338,1.7936716370241808,0.929074604469,0.10379420522675371,2.245944210909551,0.818974152377,0.030727777962936766,2.0216605717802527
WellC03_Seq0018/xy21,1,514.3754555288369,51.27260477096903,0.58941238465,0.536643676833,0.09967933776749693,14.006312862420263,0.2884441020371217,8.29637831498,0.730675721526,0.975520356002,-0.265692320191,24.8827626712,0.6823588136188165,0.312378416706,-41.8540108462,-0.5261057468143879,-0.4456756732170035,-0.8639030664020142,-0.7465101519720547,-0.28739305864090126,-1.4981748620787512,-1.000645962232461,-1.0297282378926038,0.37742435487115644,-1.3293330342425425,7.13661364182,7.6919794574,8.25386118533,9.41195490702,10.208427767,11.1493960283,12.0423292394,12.4838097723,13.1761254812,13.4327889888,0.9482758620689655,0.8620689655172413,0.7758620689655172,0.6206896551724138,0.5344827586206896,0.4482758620689655,0.3793103448275862,0.3448275862068966,0.29310344827586204,0.27586206896551724,0.695359196011,0.519202017107,0.497805719819,0.425391049119,0.350213035707,0.213737703284,0.116698178576,0.0882226011897,-0.0205058383098,-0.0020487679515,0.4375,0.4375,0.3125,0.3125,0.3125,0.3125,0.441503429647,0.03216057389313507,1.2656491783720192,0.401961810251,0.002443470799994234,1.26222321059558,0.476365151757,0.0013203755716033503,1.764868949853335,0.441271850071,0.003418025087005608,1.7682949176297742,0.427009652177,0.02125709346307843,1.3783559452003393,0.391654144301,0.05586113815617318,1.3817819129767785
WellC03_Seq0018/xy21,2,118.86679286057003,7.843468620451087,0.0724345484159,6.69700398308e-05,0.06598536421901635,3.6135854770573665,0.05656854249493666,1.91720633646,0.428705174069,0.782397246179,1.9342265138,3.18671166096,3.330083180116867,-0.187718253666,-13.6771191319,15.201769381264889,7.846948628141956,3.3132356453701064,2.1732625302268955,1.6227580782093325,0.11195847194636199,-0.6726771504558644,-1.0941966163979562,-1.501843756774139,-0.718527205169909,2.63767044289,2.99903079593,3.49242365234,0.0,0.0,0.0,0.0,0.0,0.0,0.0,0.1896551724137931,0.13793103448275862,0.06896551724137931,0.0,0.0,0.0,0.0,0.0,0.0,0.0,0.356191818508,0.0775498611411,-0.0333130552454,-0.0563333935538,0.186929392857,0.354872385461,0.0922016073442,-0.0144510308857,-0.0918459988369,-0.018130410518,0.5625,0.5,0.6,0.6,0.4375,0.4375,0.743012515004,0.06970082434209031,2.061959925081066,0.783814215094,0.07677189126983552,2.041369255906773,0.60336835945,0.019580872138985725,2.1126100822871354,0.619052616821,0.01769796356155373,2.0427003395658945,0.790222325574,0.08004866737074517,2.213370636073138,0.803724324246,0.05744260778497882,2.143460893351897
WellC03_Seq0018/xy21,3,92.23340895945077,2.8393837359538177,0.00435435694689,0.0158633649609,0.0307847640891395,1.0051885395287752,0.031240998703615668,1.48763562838,0.185360081271,0.758449566122,-0.0771134316514,1.12020564597,0.9200109429277772,-0.236301062753,-13.8592847773,0.6651298494382525,2.0781252639964656,-0.6319609842075224,-0.47383386085626134,0.39275825681444454,-0.6324557951421039,-0.9581780097921189,0.062411794655750974,0.10401411370428315,-1.2463877545111948,0.0,0.0,0.0,0.0,0.0,0.0,0.0,0.0,0.0,0.0,0.0,0.0,0.0,0.0,0.0,0.0,0.0,0.0,0.0,0.0,0.143484193147,0.0914780135466,0.268303462907,0.0355991047972,0.140943041135,0.100528649778,-0.016665116859,0.32172428165,0.0425886146488,-0.136677039254,0.533333333333,0.533333333333,0.533333333333,0.466666666667,0.5625,0.4375,1.29255439384,0.18310384481136596,2.78222236264152,1.26065679194,0.1685451846418391,2.8120347776112804,1.14105301903,0.10069002543718662,2.379615947499586,0.960943668349,0.13050244040694614,1.8103582933334907,1.35897295038,0.4486589178071934,2.2702925004758727,1.25390974781,0.5632855508476216,2.2250709648449383
WellC03_Seq0018/xy23,0,404.9064428992961,10.743393318686618,0.702207342341,0.818594104308,0.02653302634988843,8.759727164700974,0.3371527843574703,6.53074907902,0.741915811484,0.682537686434,-0.111129302664,19.1414087684,1.0616516750246152,0.474908043752,-62.5640832794,0.3261674106230239,0.3655374847858339,-0.5126819216064717,-0.4203130711253107,-0.7461118539725731,0.721486145878333,1.1761602516373761,-1.0344588322938224,-1.1321923728225416,-1.484880798548224,4.51739598384,5.00251989728,5.79649477895,6.58370697265,7.46989894305,7.99695784568,8.69829497196,9.53112459801,9.96464640237,11.5071228376,0.9655172413793104,0.8275862068965517,0.6206896551724138,0.46551724137931033,0.3275862068965517,0.25862068965517243,0.1724137931034483,0.10344827586206896,0.06896551724137931,0.017241379310344827,0.314514083319,0.0170761867149,0.126299169904,-0.0550729168306,-0.276037276313,-0.189393481143,-0.0961365946974,-0.12318034592,0.199820340032,0.201421292001,0.4375,0.4375,0.5,0.5,0.5,0.5,0.271462803885,0.011387125543227138,1.535499837218634,0.253651177897,0.0007490504288999746,1.4456857259559845,0.193142353579,0.01819525662455552,0.7023715958883582,0.174518424016,0.009985710902861997,0.6125574846257088,0.201172245773,0.011449516953195633,0.5401419898746554,0.190422659902,0.0186706865605482,0.5210582711258462
WellC03_Seq0018/xy23,1,88.3882197884904,5.296942514318948,0.11786955717,0.0965232106061,0.059928150233077744,1.1359577456930356,0.06403124237433416,1.4256164482,0.346964134158,0.534471696894,-0.143252940499,0.729418921879,1.1437674066262342,-0.131796798986,-10.705562428,1.9218597518103202,-0.488756615700618,3.4162129189693724,0.5399869453978337,-1.0082072790919498,-1.0204952383230375,-0.6891779072030966,0.5308339840035905,-0.5480691093397478,0.26207405136701345,1.11667542285,0.0,0.0,0.0,0.0,0.0,0.0,0.0,0.0,0.0,0.017241379310344827,0.0,0.0,0.0,0.0,0.0,0.0,0.0,0.0,0.0,0.127150810565,0.152677636537,-0.017326141215,-0.0500703175877,0.0508539434017,-0.117860782384,-0.110888443099,-0.276663440978,-0.0498387453029,-0.258243418506,0.5625,0.5625,0.5625,0.5625,0.5625,0.5625,0.794000740275,0.10844725720108161,1.8656582960143602,0.814668772011,0.020416417163488458,1.8318537286274483,0.679489500137,0.20304446885661587,1.4843100513614336,0.644835732364,0.22017155784063155,1.1566857587579644,0.928930583774,0.2353234592507495,2.1335010197663054,0.939969305118,0.38470850634588816,2.212320630326228
