WellC02_Seq0019/xy01,0-0,617.8136890525487,382.26174919811166,0.781677305912,0.837255534205,0.618733051681537,28.50340477907862,2.3506943655013934,21.3039203122,1.69203810856,0.923294713556,0.0834988446439,306.790110802,1.171948034375391,0.515169254621,217.242292042,0.7104569810960424,-0.623470149018662,-0.9242823199077312,-1.164421817914671,-0.874010724764716,-0.7107527829010625,-1.7136626506702672,-1.5000000000000002,-1.5000000000000016,-2.0000000000000004,16.4190439464,17.043170546,17.043170546,17.043170546,17.5995238062,18.1449940469,18.6788878965,18.6788878965,19.1639143033,19.1639143033,1.0,0.96,0.96,0.96,0.92,0.88,0.84,0.84,0.8,0.8,0.179383486163,0.18581261896,-0.0335839119119,0.0077166162263,0.00992613558114,-0.0717423917244,0.00565733937376,0.282450296966,-0.0764421528554,-0.185582557502,0.625,0.8,0.8,0.857142857143,0.857142857143,0.923076923077,0.291238273124,0.011283605936579762,0.6182959465416721,0.286207801566,0.0029430525623476977,0.5457315589349331,0.309061537354,0.0025981413469051092,0.6258243536060228,0.31101726416,0.0060021756954801095,0.5343352404262776,0.345615571763,0.00799316434695035,0.620742982891808,0.357491986535,0.07781034751526945,0.5262707225252992
WellC02_Seq0019/xy01,0-1,771.9760894874245,21.902340057628617,0.382869897967,0.280581736474,0.028371785546066976,21.318581941583236,1.3230812522290742,26.6198651547,-0.302105151216,0.677808898128,0.645735748045,904.755914574,1.6786892919095366,0.150911502495,-184.294248788,1.582621206631961,-0.8395249971365786,-1.538358092032439,-1.4064394640784321,-1.6239168821060643,-1.5570543211538401,-0.8696819140939911,-1.5000000000000002,-1.5000000000000002,-2.0,9.65103022552,9.99266486235,9.99266486235,11.7645901793,12.1919235886,12.6097135688,13.5005112223,13.5005112223,14.3200757184,15.2145335159,0.96,0.92,0.92,0.72,0.68,0.64,0.56,0.56,0.48,0.4,-0.0654398084278,0.0959001531604,-0.173455983906,-0.228993699856,-0.0506601766242,0.098696866837,0.251269883327,0.187746466309,-0.0967389693134,-0.207271532098,0.5625,0.6,0.666666666667,0.571428571429,0.642857142857,0.615384615385,0.633762858668,0.00620757421707645,1.6767876286700716,0.619166906004,0.015802557950506717,1.7503846397245049,0.724859986976,0.02044328386326353,1.5772000765409744,0.664399762945,0.00577781401069703,1.5997474124146953,0.836312050296,0.08553224474116282,1.876338579570672,0.771664242152,0.09294291831737153,1.379171726043484
WellC02_Seq0019/xy01,1-0,324.07174140596084,42.88565727606377,0.00967012532127,0.0730622704006,0.13233383784099031,12.761504613485014,0.44089000895915964,11.1748876347,0.651635315136,0.775151879264,1.10817735427,123.382201193,2.3805572633618772,-0.212401471932,-43.6746501337,6.255139430570129,-0.3465001585274119,0.20521773957910838,-1.776973840647399,-1.6551632491611066,-1.3995336297422056,-1.2003862380845594,-1.500000000000001,-1.5,-1.9999999999999998,4.43405265859,4.8571901974,6.10172889618,7.27755273825,8.18011389942,8.18011389942,8.50490952519,9.5303673184,10.0275208699,10.4919207012,0.92,0.8,0.52,0.36,0.28,0.28,0.24,0.12,0.08,0.04,0.19876668891,0.176659887503,0.120518504679,0.135868937552,0.0408322106978,-0.125976965278,-0.0748119799833,0.342517085033,-0.0362427973076,-0.289588963285,0.3125,0.333333333333,0.2,0.214285714286,0.214285714286,0.230769230769,0.80610760684,0.10176351895522948,1.696213963661353,0.842420859523,0.09190655207260372,1.7016298916305372,1.0171497233,0.4349208041528484,1.6754123001270345,0.983264181105,0.3726936629824255,1.5497940080500092,0.962347785673,0.22568602710330285,1.9394109421239614,0.910049908152,0.22027009913411835,1.813109655392931
WellC02_Seq0019/xy01,1-1,539.0294704774767,32.68485276087364,0.181276360894,0.333358827714,0.06063648566732563,8.41527872384508,0.4620865719754244,18.5872231199,0.554979410346,0.617833736689,0.012029948745,169.281498851,1.354637546204397,-0.0362344237141,-111.29115843,0.8515490362111002,-0.8719772928937042,-1.2166267608746928,-1.4998823594671913,-1.7861470499334844,-1.4941616718632076,-0.7635470416037959,-1.5000000000000009,-1.5000000000000009,-2.0,4.28399277755,4.8230555857,5.2148811472,6.26707051163,7.69055025791,8.19636880028,8.19636880028,8.57981576618,9.27468145006,0.0,1.0,0.84,0.72,0.44,0.24,0.2,0.2,0.12,0.04,0.0,0.295956688141,-0.317055925553,-0.167958048592,0.0186002717413,-0.0145229445323,-0.201965371002,-0.0220558526303,0.201473505448,-0.0958539155249,-0.290435186347,0.4375,0.333333333333,0.466666666667,0.285714285714,0.357142857143,0.384615384615,0.724736641228,0.0019960357828622474,1.594890174493744,0.761605573223,0.002662910526592827,1.6028227588853845,0.707599280334,0.06021293222100009,1.357314606104554,0.721112057102,0.05925389889617847,1.362543132882652,0.68951728125,0.012701904122366157,1.865551145957842,0.731828298469,0.03858659936091196,1.8526494598769834
WellC02_Seq0019/xy02,0-0,530.9333563430642,28.892492104351216,0.619619796051,0.777080799365,0.05441830271007166,24.821913624859782,1.2694187646320718,18.3080467705,0.382217003254,0.79369279473,-0.426468729009,104.624228508,-0.13126417738310117,0.406990374946,-112.921028383,-1.0153623367938946,-0.6403098413947474,-1.5196638603778707,-1.5254290421967776,-1.7422997087799972,-0.8512063944224941,-0.9262097287267235,-1.4999999999999996,-1.5000000000000004,-1.9999999999999998,12.9831450547,13.4674368488,13.9733231416,15.0106709472,15.0106709472,16.6682733162,16.6682733162,17.8608957196,18.5391037178,20.0380727293,0.96,0.92,0.88,0.8,0.8,0.68,0.68,0.6,0.56,0.48,0.464770866862,0.0629642948673,-0.0290585501288,-0.0679518725625,-0.0670367423191,-0.260223450344,-0.30692218531,-0.170857787786,-0.209110967602,-0.330556643449,0.375,0.4,0.4,0.428571428571,0.357142857143,0.384615384615,0.475145058597,0.0030837391633711728,2.318890179272362,0.465423407794,0.008438032532510294,2.146499142055193,0.324387226532,0.014090465943408107,0.9990556637534567,0.332127595957,0.010602928661792653,0.9634879017499318,0.430334534418,0.0031332275879505955,1.77363155030346,0.43435992352,0.00749023333209517,1.6826342560357725
WellC02_Seq0019/xy02,0-1,405.2314068151731,106.57055690949541,0.116860890216,0.0432773298522,0.26298691344548836,19.964984247426806,1.2214679692893982,13.9734967867,0.809956631572,0.681565646862,-0.401878307467,64.8267770816,0.03576651224661751,-0.127649162571,-1.66768377708,-1.5174312271655759,-1.5860127293226363,3.031488084486573,1.005166167816256,-0.14889280443353892,-0.9059176770790196,-0.7559874383705503,-1.5000000000000004,-1.4999999999999987,-2.0,7.46337418515,8.27853658312,8.57579288622,8.82879786112,9.31114689357,10.4168633318,11.42898766,12.9167103521,13.5005431043,14.2314611862,1.0,0.88,0.84,0.8,0.72,0.56,0.44,0.32,0.28,0.24,0.641146387161,0.206388597602,-0.0065948630322,-0.151332600903,-0.157528742507,-0.189262654757,-0.490782561776,-0.648920437476,-0.394523275059,-0.253677707377,0.3125,0.333333333333,0.266666666667,0.214285714286,0.142857142857,0.0769230769231,0.610275514491,0.00575024836552013,2.6075657814880966,0.663135703326,0.046466361850953326,2.572091071273675,0.664509352107,0.026954534230491625,2.0326465447489306,0.623254098345,0.02366084731300297,1.684437011697636,0.818409745253,0.13606714062677314,2.7951797067402353,0.856257563722,0.09506072348551046,2.7918860198227415
WellC02_Seq0019/xy07,0-0,445.7620149940096,206.63816201273178,0.989797431084,0.953382384216,0.463561620465819,20.20717694285869,0.6873136110975563,15.3711039653,1.37133979145,0.447466875609,0.276150683394,270.376233191,1.1853259429989695,0.772349705653,87.5741026718,0.2722735394668483,-1.5617791953958546,-1.276304682495018,-0.4939144135655389,-1.798452944268954,-1.6458211587628988,-1.9995446141708417,-1.4999999999999993,-1.5000000000000002,-2.0,8.82745342346,9.15720606001,9.15720606001,11.3505039177,12.381902535,14.292368274,14.292368274,16.8006665235,16.8006665235,16.8006665235,0.92,0.88,0.88,0.64,0.56,0.44,0.44,0.32,0.32,0.32,-0.0438653863268,0.266318059807,-0.0917835581595,-0.286211677906,0.00361259724319,-0.318099104816,-0.039994680631,-0.101267637364,-0.210209753536,-0.115816088739,0.5,0.4,0.333333333333,0.357142857143,0.285714285714,0.153846153846,0.090402779978,0.029175753527171035,0.22485535191751105,0.0780943990267,0.011971664101336498,0.19380217391666893,0.0967932347422,0.0014641648305425894,0.2521660400914524,0.0862198012427,0.0076496156255577595,0.2506923470311594,0.0826186470675,0.0015318820080900159,0.23427128774012357,0.0704290998248,0.0007676539958934054,0.22665209238794945
WellC02_Seq0019/xy07,0-1,503.58289293493806,36.364955657885744,0.953731505293,0.819437788372,0.07221245234512767,20.187610061619512,0.197989898732214,17.3649273426,0.331962212156,0.891926391873,0.703508891917,469.917605252,1.5686756080947486,0.704861737089,-98.143193154,1.4749402310512991,1.7748221576058727,-0.9053896604237122,-0.5757307593275391,0.038656779558497334,-1.1783697367903188,-0.6728002030277653,-1.5000000000000013,-1.4999999999999998,-2.0,5.79181134508,7.40785688397,9.08840437766,10.9892161827,10.9892161827,11.6715967321,12.4610759707,12.4610759707,12.4610759707,13.6499128392,0.88,0.64,0.48,0.36,0.36,0.32,0.28,0.28,0.28,0.2,0.474523924055,0.0690941580779,0.144163866215,0.266130536911,0.383930786291,0.321717514485,0.0449522955028,0.0149041925937,-0.116855729201,-0.208257122412,0.375,0.333333333333,0.466666666667,0.428571428571,0.642857142857,0.615384615385,0.208962508359,0.011760256148066472,0.6439350116964033,0.211825631186,0.01377384941306912,0.6419367915590903,0.226870794764,0.00039141827758786934,0.6698831047752842,0.236633859855,0.0009044525542552333,0.666523106637539,0.230888114664,0.023261682427004698,0.9993259547571902,0.180851984872,0.005390068223015635,0.4110617027555541
WellC02_Seq0019/xy12,0-0,254.69289199440578,129.79615749320155,0.369086982911,0.238891513374,0.5096182954962577,12.451455979121487,0.8532971346488629,8.78251351705,1.24233238643,0.955834465698,1.16594710279,100.980670101,2.1658387553324836,0.129603922375,61.7671003145,4.879060050963436,-0.6307120752777173,0.30871434279143317,-1.6482110678025161,-1.31881925105475,-0.7973014823787521,-1.116830044550487,-1.4999999999999996,-1.4999999999999998,-2.0,6.20410737325,7.13831363957,8.90184192008,9.28218870007,9.28218870007,10.7737029099,10.7737029099,11.5432968977,12.0063821592,12.9901773126,1.0,0.84,0.6,0.56,0.56,0.4,0.4,0.32,0.28,0.2,0.0693743388451,0.0795965065982,0.176397981795,0.506468302987,0.144615385666,0.15885013115,0.166924227995,0.0423906542008,-0.0482389725673,-0.0889867174513,0.6875,0.6,0.733333333333,0.714285714286,0.857142857143,0.769230769231,0.608167679228,0.028176102769811993,1.4239998703139591,0.590552253707,0.0911059590568774,1.533398965458749,0.648513180409,3.892833891908118e-05,1.8062252701359816,0.617090604429,0.06447151421234729,1.5585308823829782,0.750363902376,0.011174982499217207,2.1542119301983673,0.728623018083,0.01735828647570473,2.1336198706711738
WellC02_Seq0019/xy12,0-1,183.0124719057544,29.59797290356213,0.324148930815,0.213966712755,0.16172653478394708,9.058124309149216,0.4883605225650359,6.3107748933,0.863685686582,0.829443260578,-0.153284019503,17.0579977026,0.9251277046535303,0.111552448991,-19.2850792233,-0.4742193161882855,0.16106136795102444,-0.6817772200490393,-0.09897285466540673,-0.9526405118763575,-0.8199018047423943,-1.8277740561289533,-1.5000000000000002,-1.5,-2.0,4.0644282418,4.50512494199,5.71428215518,6.36263074969,6.36263074969,7.08411400056,8.27111932085,9.43893659265,9.43893659265,0.0,0.88,0.76,0.48,0.36,0.36,0.2,0.08,0.04,0.04,0.0,0.499284097268,0.0716686383632,-0.113794919609,-0.0426090930853,-0.0319977419037,-0.182964246817,-0.158641763748,-0.239101308223,-0.07643541852,0.139112763068,0.375,0.4,0.466666666667,0.5,0.714285714286,0.692307692308,1.09754844147,0.04888480167839229,2.2795183167065463,1.18218785071,0.05107707107657837,1.8448087759238687,1.01633352253,0.08376427542617731,1.864114530160251,1.09110093472,0.3783948589841711,1.591127426196879,1.21296426261,0.3579288787437704,2.256249058190889,1.21760557693,0.26979141291889275,2.1070971835065873
WellC02_Seq0019/xy16,0-0,567.7560778176528,94.7112585704572,0.542177390343,0.3655216977,0.16681681142808616,21.594412610673157,0.6004964612718392,19.5777957868,0.583013035483,0.571407911553,0.642938133381,513.224417684,1.602036678897618,0.337126501867,-56.9376955051,1.4204686367126627,1.815911897504745,-1.2586088017699932,-0.789511884523471,-1.7822453646105256,-1.775250946448932,-1.004529057602124,-1.5,-1.4999999999999998,-2.0,6.05429623159,7.48573968545,8.1041085968,8.40101919496,8.96500395989,11.5206852572,13.2270100609,13.2270100609,13.2270100609,14.0421734439,1.0,0.76,0.68,0.64,0.56,0.32,0.24,0.24,0.24,0.2,0.328806439702,-0.307101646748,-0.264753647748,-0.285605205404,-0.324625956793,-0.0557222904156,0.262595366917,0.328483249169,0.168149654408,-0.179216140915,0.375,0.4,0.266666666667,0.357142857143,0.142857142857,0.230769230769,0.740602724514,0.008492074148117482,2.015163508228618,0.820760872771,0.019851632772411813,1.9673759453172381,0.528761592991,0.041112326930479635,2.149025774024079,0.393992252459,0.02063315042174766,2.083789012174102,0.716264954565,0.024083441959222466,2.0611755783307943,0.686031587161,0.089874554900385,2.0672817717169716
WellC02_Seq0019/xy16,0-1,566.3906714352913,170.6689192559676,0.547705951954,0.289434188113,0.30132720728516815,31.629714130861185,2.3077166203847383,19.5307128081,1.13193063288,1.05715795704,0.255914645653,465.196488857,1.160637716152351,0.310904260153,19.3846683652,-0.14370185654696588,-0.11911595254834495,-1.1244038110310306,1.5729874489458515,-1.5568806645555462,-0.7950981163480191,-1.98912472882608,-1.5000000000000002,-1.5,-2.0,10.9682775896,10.9682775896,11.305546231,12.7868126251,13.684655418,16.9251207761,18.8452460418,20.0124220557,22.877597817,22.877597817,1.0,1.0,0.96,0.8,0.72,0.52,0.44,0.4,0.32,0.32,0.425468316714,0.473790864314,0.43690354196,0.247176735779,0.298189743132,-0.060843956623,-0.0311365298401,-0.329031997552,-0.33060102856,-0.33697649278,0.3125,0.2,0.266666666667,0.214285714286,0.142857142857,0.153846153846,0.649844700316,0.0487460631760726,1.6110971741635496,0.624426998574,0.009803350268056121,1.7391877195638485,0.605452757488,0.076599502792431,1.2371594451390435,0.59813184563,0.13514891623657102,0.9994965984804971,0.624038758387,0.02379918369206544,1.0648647916871072,0.624093526791,0.2427868863097666,1.0838454569778246
WellC02_Seq0019/xy16,1-0,716.8539226898764,597.5013687013611,0.866588069583,0.854442149911,0.8335050556176571,35.72150282392945,3.7174808674692637,24.7191007824,1.75129696275,0.66481506131,-0.0958086183204,274.263866634,1.001519416487106,0.616457714253,406.028037374,0.40859049606934006,0.9260067361061219,-0.5634851326210706,-0.15088842391027413,-0.6845882579401485,-1.6242369816812419,-1.0670901622431548,-1.5000000000000009,-1.5000000000000004,-1.9999999999999998,22.2145486607,22.2145486607,22.2145486607,22.2145486607,22.2145486607,22.2145486607,22.2145486607,22.2145486607,24.0687091646,24.0687091646,1.0,1.0,1.0,1.0,1.0,1.0,1.0,1.0,0.88,0.88,0.346789261307,-0.0268396042099,0.0284948378497,0.0384350020602,-0.19213401838,-0.263176723448,0.0265337318615,-0.030374816856,0.0653510064034,-0.188350393593,0.625,0.6,0.533333333333,0.571428571429,0.571428571429,0.538461538462,0.425917723635,0.06487112262330062,0.8483169974868617,0.414719253566,0.05563400661716738,0.800676486120775,0.408054881118,0.12202510704972101,0.7498822141232023,0.385729674422,0.04163278717766515,0.6832305491514229,0.382053849967,0.10814561468421673,0.588151991440957,0.354295119969,0.11918273253236263,0.5414279171332257
WellC02_Seq0019/xy16,1-1,764.6190960795743,244.5542884514601,0.00673439816129,0.000392031190261,0.3198380601600999,36.774497086975934,6.2950040508327145,26.3661757269,1.29978891611,0.583582102308,-0.0863524404332,303.236990815,1.2412201982166946,-0.196545961504,40.3227694647,0.7105414621975159,-0.01641922701616627,-0.877052750477425,0.35580371493243046,-0.5968974011695911,-1.1610163948555297,-1.285499379542265,-1.5000000000000007,-1.5000000000000002,-2.0,22.2255382087,22.2255382087,22.2255382087,22.2255382087,22.2255382087,22.2255382087,22.2255382087,22.2255382087,22.8057847811,22.8057847811,1.0,1.0,1.0,1.0,1.0,1.0,1.0,1.0,0.96,0.96,0.224467748642,0.0772526330748,-0.13540831674,-0.32882241503,-0.25360499134,-0.157276281893,0.237059306752,0.0968106924624,-0.13720765775,-0.388897342033,0.5625,0.533333333333,0.666666666667,0.642857142857,0.714285714286,0.692307692308,0.815304518219,0.005093956721151043,1.9176992007860298,0.783219312048,0.04500179864036775,1.69717305776914,0.761347767336,0.08498554325748989,1.7050471117286365,0.781433211308,0.013575303358242608,1.4845209687117467,0.723104870867,0.10353170160817048,1.5929365944499176,0.777058464497,0.17187568551958585,1.4227687284368713
WellC02_Seq0019/xy17,0-0,396.6648511195939,181.85178690351106,0.0232352068173,0.192118721638,0.4584519812890681,36.540113902394985,0.24686838598733557,13.6780983145,0.976243545095,0.762283171552,0.765859791188,262.245156226,1.7590582920427207,-0.181262505588,75.9016929441,1.8785050062011353,2.029956189471135,3.037144862639111,2.039525099657191,0.10744549362272693,-0.6960566629374703,-0.6697298187508158,-1.5,-1.5,-2.0,9.02378091075,11.3518844195,14.1801124086,16.3406132216,19.4119839966,24.0788095252,24.0788095252,24.0788095252,27.1952597579,31.7429233808,0.84,0.64,0.48,0.4,0.32,0.24,0.24,0.24,0.2,0.16,0.69336612064,0.288957048366,-0.0044860834688,-0.162218951653,-0.155019948837,-0.151610280916,-0.168129608881,-0.201081524672,-0.181662035453,-0.156591695882,0.75,0.733333333333,0.733333333333,0.714285714286,0.714285714286,0.615384615385,0.426400104787,0.041711532562332766,1.2165271122539267,0.363202181667,0.017719007272936346,0.8071516621708081,0.401194848966,0.03705185552493189,0.7959193742850911,0.399578583896,0.03750785532507226,0.8047004714809923,0.394706510877,0.03765308539309938,0.7289004828659503,0.373376344733,0.06164561068250128,0.8020917631152258
WellC02_Seq0019/xy17,0-1,310.2605484482044,38.047307394873556,0.00485129287949,0.00630919089747,0.12263018158502759,10.687024843238635,0.6134525246504514,10.6986396017,0.552383098266,0.705234507451,-0.192141971933,52.2933874221,0.7107913423898761,-0.232578646456,-44.8239986138,-0.4487586551881293,-0.4658926022035135,-1.2664665198729554,-1.1087247473643622,-0.7291531589844062,-1.5162977760645489,-1.3660706875447437,-1.4999999999999998,-1.4999999999999991,-2.0,6.22390047355,6.4153125107,6.4153125107,6.70035274233,7.34109427723,7.76773234537,8.36804039352,9.10318415096,10.10650872,10.541086092,0.96,0.92,0.92,0.84,0.64,0.52,0.32,0.16,0.08,0.04,-0.076728478468,0.0850771028667,0.164138316951,-0.16547326498,-0.0729373993519,-0.0992234641442,-0.256148495071,-0.056414185642,0.262727825296,-0.619501461236,0.6875,0.733333333333,0.666666666667,0.714285714286,0.714285714286,0.769230769231,0.887226318169,0.018528986670294047,2.2300517771930632,0.885468214452,0.07546174056644224,2.2281409706615554,1.00489870678,0.05531290679738176,1.8577374082344973,0.991155267646,0.04073078298303797,1.8558266017029892,1.19221688967,0.1278266176873157,2.2198172572349746,1.13619400992,0.07191976317472522,2.2179064507034667
WellC02_Seq0019/xy19,0-0,732.7477019733589,25.123236256501734,0.840149103514,0.836441479285,0.03428633919812028,28.143291420869737,0.5250561874694941,25.267162137,0.633244385373,0.448663364933,-0.070300806071,319.410414939,0.8878774274954946,0.620117026271,-170.595360069,0.0753152302472544,-1.360993289200415,-1.3605388619661716,-1.7454194302756671,-1.137861880618876,-1.0496004171637467,-1.3115231728812113,-1.5000000000000007,-1.4999999999999987,-2.0,12.7830753302,12.7830753302,14.1890878833,14.1890878833,14.6529529795,14.6529529795,16.0199792414,16.0199792414,16.0199792414,16.4060466375,1.0,1.0,0.88,0.88,0.84,0.84,0.72,0.72,0.72,0.68,0.0112686348581,-0.0923788028273,-0.216125734168,0.0450743046989,-0.163604568815,-0.356878323891,0.047608395486,0.108723886035,-0.133470573428,0.374055012368,0.625,0.666666666667,0.6,0.642857142857,0.5,0.615384615385,0.428969737228,0.05558046726152636,0.8769853326911625,0.329291807646,0.016068473071955233,0.789892116638994,0.381782703986,0.021239157816406718,0.7388927597352126,0.260599020135,0.024862328188854053,0.5618888149636171,0.304296073795,0.03270653646524631,0.6682546289448943,0.228967441611,0.011403901451406333,0.5391168422548696
WellC02_Seq0019/xy19,0-1,1247.8942107735536,458.5652930608684,0.997723787068,0.981399874536,0.36747128811232294,53.6778198141467,0.3255764119219885,43.0308348543,1.33110071953,0.82357154465,0.521113257454,2609.94277403,1.4300605377078868,0.761779247582,125.249879533,0.9587720576858847,1.9966476339820947,0.6349828020477459,1.0363912017806758,-1.7838460460674344,-1.644078080148409,-1.9672894001104004,-1.4999999999999996,-1.5000000000000004,-2.0,22.4653426866,22.4653426866,24.2850685841,25.2969284596,26.3402019601,26.3402019601,29.8271689492,31.2239004322,32.7401804613,36.3330904356,0.96,0.96,0.88,0.84,0.8,0.8,0.68,0.64,0.6,0.52,0.203785377765,0.163653140525,0.016439744572,0.405985563331,0.105443133,-0.0399596130896,-0.276423411834,0.0713701981781,-0.16760837739,-0.264038658169,0.9375,0.866666666667,0.933333333333,0.857142857143,0.857142857143,0.846153846154,0.105522577861,0.000692373328952539,0.3757261682086017,0.103671956344,0.010921583959436496,0.3861482757827963,0.0950969131921,0.009659130652658953,0.3980595063475958,0.0889763617403,0.00159772455360234,0.3936612805431211,0.0719223063584,0.007508103176499776,0.26183321652833724,0.0645577621874,0.002721107454177881,0.25743499072386195
WellC02_Seq0019/xy21,0-0,872.5956897524547,123.08914818130805,0.438529700208,0.497032842078,0.14106091701670795,25.773942267336622,0.6972087205421321,30.0895065432,0.609030904794,0.694746882046,0.2863277706,1005.55815038,1.1821259293795445,0.210590376525,-109.983167293,-0.11042232335293489,0.6171103058254506,-0.6433128668654002,-1.5852427827139168,-1.6930321004755238,-0.9118600595551736,-1.005299878384617,-1.4999999999999998,-1.5000000000000007,-2.0,11.0374245967,11.4552646505,11.8572265966,11.8572265966,12.9679038295,13.8394138086,14.8294560417,16.0227436885,16.6276717822,18.0545680196,0.96,0.92,0.88,0.88,0.76,0.68,0.6,0.52,0.48,0.4,-0.0036747660403,0.0424422889721,0.0469582459414,0.0684482636219,-0.350027730837,0.114572396625,0.053601700674,-0.223676643869,-0.286395295261,-0.114058347398,0.5,0.466666666667,0.6,0.714285714286,0.714285714286,0.692307692308,0.49326695471,0.016851208861581996,1.1602919007497257,0.501539336156,0.016406387728167268,1.0185554166553845,0.687601621841,0.11582890947957078,1.967839879093596,0.702389206488,0.08491501195320172,1.968284700227011,0.676633968564,0.1189796645948168,2.047669560071651,0.682128129936,0.11942448572823046,2.0086246389876945
WellC02_Seq0019/xy21,0-1,964.1687125547319,56.19619649050999,0.74029636568,0.822442579477,0.05828460907179662,26.418452339226842,0.4829120002650741,33.2471969846,-0.0811084583184,0.476611535728,0.0985065677579,781.037822868,1.2004803021469745,0.521100858251,-201.335483969,0.4116857667516811,-0.7184292059475439,-1.2344532317302124,-1.5547416987961094,-0.7732393930609587,-1.7632965962073834,-1.9607551255330478,-1.5000000000000002,-1.4999999999999993,-2.0,10.7473898182,11.1299318187,11.1299318187,12.7004646827,13.6676965735,14.2072014387,15.294712307,15.9142212287,18.0399013796,18.0399013796,0.96,0.92,0.92,0.76,0.68,0.64,0.56,0.52,0.4,0.4,0.161054760643,-0.431419406593,-0.0715186717817,-0.0827203533571,-0.301315310548,0.259408979413,0.619366589517,-0.123077272455,-0.457575281584,-0.0959456863142,0.4375,0.466666666667,0.333333333333,0.285714285714,0.571428571429,0.538461538462,0.379408617996,0.01510971705866355,2.018138938722635,0.390007665873,0.001905831436830661,2.000137987265562,0.217884923685,0.009681164986099954,0.49027051757311785,0.208456545946,0.005915850887115165,0.5044982048444291,0.403558623063,0.0019212606898441275,1.6069263949956203,0.323635727381,0.019922212146898363,0.7931962966278875
WellC02_Seq0019/xy21,1-0,489.50745510630463,166.86476560376678,0.849933169647,0.881359187583,0.34088299138882233,11.810520733651,1.059999999999991,16.8795674175,1.50190710034,0.636765437303,-0.159970601791,132.82428696,0.8511933790818911,0.589786099138,36.1161986058,-0.06430837699107572,5.499548575387873,-0.8985101136197291,0.20829830192289078,0.023424920120378,-0.8591013982127578,-0.8637476073548189,-1.5,-1.4999999999999996,-2.0,7.03080516687,7.03080516687,7.03080516687,7.34621596792,7.99768637177,8.26404822148,8.67503076407,9.61505384463,10.6613019837,11.7885785678,0.96,0.96,0.96,0.88,0.72,0.64,0.52,0.28,0.16,0.08,0.301622667017,-0.147155814481,-0.107601480827,-0.129790201644,-0.265207470724,-0.270396852018,0.0584018432142,0.295583079029,0.110789950164,-0.246246320948,0.0625,0.0666666666667,0.0,0.0,0.0,0.0,0.300092029969,0.01391476458062858,1.0536222664093229,0.289065829758,0.025737987489020998,1.006219621597545,0.341530083526,0.08584901619603306,0.9207403467454618,0.325017174406,0.1057292868729567,0.873337701933684,0.305283835138,0.02753660703093912,0.5327728081609219,0.272610147653,0.017897675902918034,0.5348096713545489
WellC02_Seq0019/xy21,1-1,382.6790614234278,25.72353008434111,0.00507992733513,0.00422275822223,0.06721959123830522,5.823435412194427,0.7472616676907586,13.1958297043,0.594086799208,0.751673597169,-0.474663244358,39.7336080977,-0.23369367270593716,-0.228826075803,-76.4909272836,-0.8982639979913749,-1.1889838687508918,-0.7041139587433811,0.9351750851373763,0.012125664449381901,-1.9152623206707808,-0.901217436288102,-1.4999999999999998,-1.5000000000000004,-2.0,3.10832366886,3.45479468278,4.20932159488,5.21405187026,5.70201259709,6.28003184705,0.0,0.0,0.0,0.0,0.92,0.76,0.44,0.2,0.12,0.04,0.0,0.0,0.0,0.0,-0.0856290905114,0.0845800550342,0.114315245649,0.230871518273,-0.0964268673557,-0.312397262608,-0.22654019245,0.0179205750605,-0.19380689539,-0.803612305241,0.5625,0.533333333333,0.466666666667,0.5,0.428571428571,0.384615384615,0.804974538033,0.050106960674889144,2.1730952702476762,0.801791893853,0.07520308496822029,1.9494202617108607,0.875492136164,0.007995075295848428,1.8245508413898701,0.950361182026,0.05577645630693443,1.826274253432055,0.969434535556,0.03481367899243176,1.981101177102802,0.892400072355,0.0995425931726869,1.5333963628621285
WellC02_Seq0019/xy25,0-0,663.9343347735437,288.05389096486795,0.718150953273,0.93179399679,0.4338590066487796,26.624738571486482,0.335046265461974,22.894287406,1.44370465702,0.674458845579,0.193819692389,333.808915561,1.3576669766074223,0.475025785714,110.715503272,1.7039831695265661,3.093836570124748,1.9739920723790716,-0.12784023738890005,-1.2739125529465922,-1.4706675507729143,-1.5482331159615843,-1.4999999999999998,-1.4999999999999998,-2.0,12.7118110506,12.7118110506,14.7283533351,15.3429705201,15.9628583089,16.554341412,16.554341412,16.554341412,17.0683767961,17.5560140546,0.96,0.96,0.8,0.76,0.72,0.68,0.68,0.68,0.64,0.6,0.0983173093087,-0.0734937969194,0.0152474291256,-0.0524025386134,-0.0850904479529,0.400406652332,-0.0923044968266,-0.121850114481,-0.236720674544,-0.447167182354,0.25,0.333333333333,0.333333333333,0.357142857143,0.357142857143,0.384615384615,0.242181985466,0.015451410380863222,0.5826199144061108,0.270561113257,0.005969839032741127,0.6061277933877744,0.257985294807,0.011214524702630685,0.47379244894392075,0.278943959491,0.014482656087449107,0.6236743877376418,0.251869254573,0.01464420201791131,0.5430311332554654,0.275743038949,0.01791233340273127,0.6152262469365067
WellC02_Seq0019/xy25,0-1,660.9773844786125,216.34350833801318,0.785536409241,0.882638304085,0.3273084880334714,19.36225152196925,1.3941434646405708,22.7923236027,1.32335573761,0.79603902904,0.641693483821,385.528130042,2.136523308511612,0.58381692619,39.7949288687,5.348715303552401,-1.18771936290732,0.35872221927817627,-0.13171490041799583,-0.747243792832637,-1.651721749250626,-1.459124953204589,-1.4999999999999996,-1.5000000000000002,-2.0,8.57680937379,9.20111268429,9.49791435192,9.76956027484,10.3191250566,11.225525889,12.7598801468,15.4190891525,15.4190891525,17.4108254628,1.0,0.92,0.88,0.84,0.76,0.64,0.48,0.32,0.32,0.24,0.394286264272,-0.067376560054,-0.00187472066618,0.0589555969639,0.258528872055,-0.0464498623874,-0.3725866519,-0.190893604648,-0.119203924834,-0.275601124666,0.4375,0.466666666667,0.533333333333,0.5,0.642857142857,0.615384615385,0.450040170946,0.03642779261036479,1.7798837787308202,0.437661466829,0.0350169386500979,1.777752561810916,0.32580410517,0.002854565793629441,0.9612190619637841,0.301840450915,0.009276456453410228,0.9590878450438804,0.352904788789,0.0060188836071704555,0.9766373953379964,0.337423007732,0.06520997699997103,0.9109145858310503
