WellB06_Seq0004/xy03,0,334.6153866244979,227.4443494571804,0.996205470011,0.984459477788,0.6797187414230184,11.305153515100951,0.23883885781002107,5.39702236491,1.62245435809,1.01058538198,0.0135253493619,17.3102859279,1.0222254798305834,0.767862848648,166.862923662,0.8100658177738667,-0.009832668488185092,-0.31044648769436156,-0.8876412535872942,-0.3569927039565637,-1.2424718078731174,-0.6907720789937732,-1.1257580864905818,0.3616641391372366,-1.5000496226458329,5.21307373278,6.22551186483,7.32550766253,8.10624405223,9.22260874472,9.42513850342,10.2192854984,10.4421482686,10.9739124646,11.9469218127,0.8793103448275862,0.6896551724137931,0.5344827586206896,0.4482758620689655,0.3448275862068966,0.3275862068965517,0.25862068965517243,0.2413793103448276,0.1896551724137931,0.1206896551724138,0.669580589126,0.541479425522,0.512131380803,0.374491669271,0.294407465513,0.360207724389,0.288613102302,0.154090662034,0.236541650764,0.247708753107,0.25,0.25,0.25,0.25,0.25,0.3125,0.0953294291004,0.004181476916606479,0.38702241317816566,0.0892393557393,0.004405186826281875,0.3587480435252513,0.14886871343,0.010939806349156391,0.9417145543334443,0.144612525773,0.011645159334335534,0.9134401846805298,0.127607164919,0.00830173423777521,0.9287351046892938,0.126885273468,0.015448699125462253,0.9570094743422084
WellB06_Seq0004/xy03,1,144.02484273637796,74.40006720427081,0.00701318785337,0.0119557939402,0.5165780138392664,4.237593656782118,0.11999999999998182,2.32298133446,1.68130280812,0.869379021634,-0.104077822144,2.44891197554,1.0407639780189524,-0.226099814397,48.324666396,0.4855893703064229,0.6775536793647756,0.25175148271852077,0.8214520628090742,-0.9758241437244868,-1.007425588974662,-0.05553239829659562,-1.1394445054208402,-0.5599354719923104,-0.5561463832605762,2.18482459711,3.33893048343,3.90893609568,4.47324620876,0.0,0.0,0.0,0.0,0.0,0.0,0.7241379310344828,0.27586206896551724,0.1724137931034483,0.06896551724137931,0.0,0.0,0.0,0.0,0.0,0.0,0.450607908247,0.142982604739,0.0215961565115,0.14643342324,0.164734485624,0.206191005321,0.0798968460679,-0.0590267077101,-0.0531017854869,0.0286587894099,0.4375,0.5,0.5,0.5,0.375,0.4375,0.519906197792,0.018631320527395863,1.8783845864484916,0.477429068326,0.03856635514273899,1.3615053620297382,0.699824814776,0.06544603490680613,1.9143814582163108,0.650257427546,0.030713430111384568,1.8961584487024068,0.654013758938,0.0026171594606783045,1.9189706027988191,0.60893160835,0.006534444806908352,1.7210766034372083
WellB06_Seq0004/xy03,2,121.86954089984694,3.616683563708598,0.0181717084497,0.0259608764188,0.0296766816138317,1.183493134749852,0.04123105625618874,1.96563775645,0.216111604835,0.745046716486,-0.423217879208,0.922769770934,0.19950150856813012,-0.214264482962,-18.4475455297,-0.4716680328483909,0.7008099292548238,0.16875650431368872,0.11560680671767676,-0.543594988033373,-1.4269533753531911,-0.23429753551141852,-0.3157645606483297,-0.9575549157014227,0.7730790964993917,1.08724422279,0.0,0.0,0.0,0.0,0.0,0.0,0.0,0.0,0.0,0.017241379310344827,0.0,0.0,0.0,0.0,0.0,0.0,0.0,0.0,0.0,0.0715119704644,0.00312301063494,0.0538158377488,-0.140215595373,-0.0108898578179,0.0818113905989,0.363215629061,0.153074398584,-0.0839732904445,0.153962922539,0.625,0.625,0.5625,0.5,0.5,0.5,0.719784090445,0.06317404748450667,1.5393501290157479,0.68975615894,0.00539168173535335,1.5202873052101282,0.684790568082,0.025425315098154863,1.5645644392881182,0.697260658947,0.026433028310713313,1.5455016154824985,0.736866163447,0.18616688003118081,1.4719199274726327,0.679814395316,0.10012308618632283,1.5237782708815066
WellB06_Seq0004/xy03,3,50.31511329394226,2.9177559870558163,0.00258296043982,0.0117675373309,0.05798965352637102,0.7525529881676178,0.0028284271247436175,0.811534085386,0.329293462512,0.783549054358,-0.110807476227,0.314839851271,0.9756422888472371,-0.248518161816,-6.19169152856,0.22126451700273364,-0.23882094098379225,2.2509019592259776,0.7301992884174373,-1.0355599111148126,-1.4557271337565607,2.0740794180839117,0.6127748369543782,0.05733047838153427,-0.9591252350786088,0.0,0.0,0.0,0.0,0.0,0.0,0.0,0.0,0.0,0.0,0.0,0.0,0.0,0.0,0.0,0.0,0.0,0.0,0.0,0.0,0.226962908343,0.0342697166157,-0.0737929253806,-0.105121265206,0.13210931185,0.0456259675774,0.10643023126,0.0868421049628,0.0709619743562,0.163722152712,0.4375,0.375,0.4,0.4,0.375,0.375,0.657699811425,0.014880650352245594,1.4369990862728428,0.662162066528,0.0006996180184713279,1.3181301173165128,0.830140974927,0.00021535458086353515,1.8113295024709906,0.820546056157,0.001152635192177982,1.8318457959651666,0.699579833997,0.1525454183503699,1.363603480863325,0.723941008609,0.13316880676103077,1.432648193524016
WellB06_Seq0004/xy04,0,63.97149395371987,1.056882207249238,0.0867443802415,0.0880440387896,0.016521143120619298,0.6842923351901496,0.015620499351813661,1.03179828958,0.27511295788,0.50551573091,-0.285854862468,0.323155542796,0.7716898721626713,-0.105102576208,-10.5250248683,-0.3527668016711578,5.858180301817486,3.1982580394134077,0.5013759149191985,-0.37846532229957175,0.7407983488008107,0.8669200701274642,-1.1202458559679522,-1.6231090722703307,-1.286218011919181,0.0,0.0,0.0,0.0,0.0,0.0,0.0,0.0,0.0,0.0,0.0,0.0,0.0,0.0,0.0,0.0,0.0,0.0,0.0,0.0,0.314352471308,-0.166141787258,-0.0743038056707,0.00783811749091,0.00276918501944,-0.0579583922877,0.0654462728781,0.0085048526002,-0.156481914182,-0.0953704494296,0.5625,0.5,0.4375,0.4375,0.5625,0.5,0.733422817244,0.007639485440730914,1.9270123067749074,0.72475314707,0.008301479524507712,2.0205802183719466,0.757311890682,0.07355069067227157,2.0469772088758584,0.749123850698,0.04890874936788189,2.1405451204728974,0.613048503471,0.017893044331733644,2.018728622851723,0.680449744656,0.02434827531438341,2.112296534448762
WellB06_Seq0004/xy04,1,63.39556231611231,3.606937759374221,0.434142448799,0.304763243867,0.05689574518463573,0.6648308055438192,0.044721359549995794,1.02250906961,0.524857155098,0.573063018979,-0.28558689377,0.322021269775,0.7155992576171969,0.198589673127,-7.87069808073,-0.07614702378047822,11.402165719372997,4.919598805860369,3.353945731776303,-0.21114272079487817,1.8598801151555993,0.17582981790727725,-1.1936228015551322,-1.5094885177521624,-1.2111414654618975,0.0,0.0,0.0,0.0,0.0,0.0,0.0,0.0,0.0,0.0,0.0,0.0,0.0,0.0,0.0,0.0,0.0,0.0,0.0,0.0,0.235969269529,-0.0885145419852,-0.0349281484948,-0.0275569466032,-0.042819205827,-0.228270338573,-0.123262041979,0.125482414573,-0.0770511872787,-0.00238280539208,0.8125,0.75,0.642857142857,0.642857142857,0.8125,0.875,0.623244552992,0.11757249553627937,1.2337408450739245,0.615971609693,0.026822019788601752,1.3110735670774605,0.603392069512,0.027352537178382055,1.4054027496875596,0.589407297212,0.03432932736387341,1.2950620226413454,0.802313186717,0.13737661030232837,1.3368313534298795,0.75765620082,0.050965367933813906,1.3502842688818932
WellB06_Seq0004/xy04,2,60.82234616401081,3.3301651610693725,0.117024672037,0.0952636476621,0.0547523298770718,0.5870741009446871,0.021540659228520536,0.98100558329,0.315692801049,0.489893539035,-0.296384933937,0.30175902481,0.6134109329811718,-0.132111424106,-7.68159520049,-0.08208944232600501,2.2510021366081787,-0.2689766497189221,-0.39736413202863785,-0.9765730600553106,-0.2975260432946887,1.3614365977290888,0.08781340809247284,-1.315172295543128,-0.2870302372329827,0.0,0.0,0.0,0.0,0.0,0.0,0.0,0.0,0.0,0.0,0.0,0.0,0.0,0.0,0.0,0.0,0.0,0.0,0.0,0.0,0.296771118141,-0.127171494964,-0.165735524604,0.0298266872616,0.00468630020908,0.0358445933535,-0.060591924836,-0.100464589538,-0.229854083975,0.0713060842487,0.6875,0.75,0.6,0.6,0.5,0.5,0.586466678969,0.015179425394594624,1.636356287617618,0.564558449364,0.013774739246078891,1.642176896247673,0.90596286811,0.09465558744035017,1.4998157268117498,0.886152623226,0.03938324032110155,1.505636335441805,0.725088254658,0.04323518721705074,1.7210478307491353,0.724947644365,0.057187287827867576,1.7268684393791902
WellB06_Seq0004/xy04,3,341.51658259928297,145.58855174772498,0.97582480998,0.987534143212,0.42630009541454883,8.044223766156687,0.736806623205834,5.50833197741,1.74848991988,0.62837570804,-0.378927140307,8.71598387801,0.2723083483101416,0.731537427408,83.7576786515,-0.703450804760025,-0.11000044006832033,0.6193453977732539,-0.271043999289597,0.25927115763376696,-0.509725575185846,-0.2208774604191981,-1.388647273239276,-1.0307623677803675,-0.20629790162321004,5.14620468281,5.28867630797,5.4466846154,5.67140576384,6.24524246321,7.15596942213,8.07418137744,8.59378446894,0.0,0.0,0.9827586206896551,0.9482758620689655,0.896551724137931,0.8103448275862069,0.5517241379310345,0.25862068965517243,0.10344827586206896,0.05172413793103448,0.0,0.0,0.0258800175179,0.0358993868342,0.0828564416234,-0.0497786832622,-0.120245861127,-0.0103784118503,-0.184986160027,0.0676466597742,0.0819925839812,0.0376669941569,0.4375,0.4375,0.5,0.4375,0.4375,0.4375,0.0977522631678,0.0122822875728017,0.2702124554474336,0.0913253470927,0.01574227720390499,0.26210010139663614,0.0858584896376,0.0022950439630004776,0.26206755538251975,0.0808131545236,0.006949857160683909,0.22841007319936737,0.0955874441955,0.0012708842104666724,0.2661362754804984,0.0920333077209,0.002100042736900525,0.22695064281071592
WellB06_Seq0004/xy05,0,74.14774858289425,2.3148218073968976,0.118163277429,0.142234356002,0.03121904375571186,0.7932742274900751,0.042426406871176776,1.19593142876,0.331826687118,0.726299057264,-0.272583098991,0.458106621622,0.7792518487808067,-0.141090997046,-11.109475186,0.3343996297105125,0.2674939350184884,-0.49505661833889203,-0.6046675551297773,0.38549693569227417,-1.4485260819748222,-0.8345382255736391,-0.5813248514689642,-1.4706736018053692,-0.13182832635199704,0.0,0.0,0.0,0.0,0.0,0.0,0.0,0.0,0.0,0.0,0.0,0.0,0.0,0.0,0.0,0.0,0.0,0.0,0.0,0.0,0.284664355798,0.0317330292347,0.195024082935,0.121776380384,0.140040815532,0.095570420577,-0.280294859789,-0.331869715993,-0.0666636623706,-0.0770339591313,0.5,0.4375,0.5,0.5,0.5,0.4375,0.518378984474,0.07441708884146152,1.3278615219532681,0.523320190077,0.03995442010573879,1.2685528215950816,0.659536857981,0.05154946236562904,1.7105796173298813,0.684376715391,0.03668137145269696,1.6930767391929151,0.474569736238,0.01012508408991008,1.1361316997654618,0.480727759,0.004743006823106305,1.2304897423753214
WellB06_Seq0004/xy05,1,102.84887589908807,42.52023047914973,0.966679457463,0.928608080055,0.413424357898371,2.107889940200851,0.08246211251233336,1.65885283708,1.55828210862,0.615462453961,0.220825444519,1.28422618166,1.7894728391103805,0.746798090395,23.8996535648,5.185703983601682,1.9003956275346656,3.192533397548397,-1.1893924043369752,-0.3851736513474804,2.4323352036693553,1.4490272580300054,0.6194387060257527,-1.3875827140560921,0.2979867167910992,1.4722357156,2.30127001162,0.0,0.0,0.0,0.0,0.0,0.0,0.0,0.0,0.3275862068965517,0.08620689655172414,0.0,0.0,0.0,0.0,0.0,0.0,0.0,0.0,-0.0441412671477,0.0759385271034,-0.140477123186,0.00566153385224,-0.0823702885017,0.068130772072,0.196965380991,0.0693473223647,-0.0401768197154,-0.101440006973,0.75,0.6875,0.6875,0.625,0.5625,0.5625,0.394465113522,0.00610762606737808,1.5317768845007882,0.345309282722,0.008956892561555978,1.3940998457728213,0.533424693604,0.03187225555697133,2.1511526483594516,0.497159569257,0.021752221732058395,2.1650733054225317,0.625883664508,0.010645532411509478,2.042409561258924,0.594980963591,0.021865752741068174,2.165479585223244
WellB06_Seq0004/xy05,2,99.38933752299646,7.991845844359193,0.631194216425,0.602516789171,0.08040948902099342,1.940895669529921,0.08829496021858474,1.60305383102,0.902511976426,0.825930473192,-0.211407059687,1.08951939381,0.7085279363207903,0.394677641094,-10.0023887803,-0.1490348850378047,0.6028205801858677,2.9289112001188435,0.8478467688084299,1.8543151302026484,0.45787876589123977,-0.7110487179541614,-1.106935565855227,-1.884916676093909,-1.023169076087969,1.52421041684,2.21243746292,0.0,0.0,0.0,0.0,0.0,0.0,0.0,0.0,0.25862068965517243,0.034482758620689655,0.0,0.0,0.0,0.0,0.0,0.0,0.0,0.0,0.343660765499,0.105426787085,-0.0616465921588,0.224336382284,0.219594331037,0.155171957728,0.136389595553,0.139593223267,0.14388069526,0.105894786358,0.375,0.4375,0.3125,0.375,0.3125,0.3125,0.622810616159,0.16770580770260587,1.7255473917336315,0.613859003135,0.23069195576531779,1.7422984308547775,0.585689015021,0.03296525995179837,1.3958750042726165,0.569136101639,0.015958535635489733,1.444789822522516,0.551782081528,0.0022932300587296785,1.4454126274553745,0.523396808457,0.01897603867743853,1.4689043180260715
WellB06_Seq0004/xy06,0,98.25788523268399,6.161858485879103,0.00174020456925,1.01156367681e-05,0.0627110839123724,1.074046553925854,0.10983624174196567,1.58480460053,0.330632641439,0.650405299433,0.0343830952242,1.32138164042,1.2098322746649668,-0.239048786714,-11.6275290346,1.1256189889995003,5.7258524656721885,0.6806908275502539,-0.4297782854478682,-1.0100011560133841,-0.8994940322415457,-0.6585637024741406,-1.2521243498043277,-1.5710955662088304,-0.950465817890171,1.38666939102,0.0,0.0,0.0,0.0,0.0,0.0,0.0,0.0,0.0,0.017241379310344827,0.0,0.0,0.0,0.0,0.0,0.0,0.0,0.0,0.0,0.269118589903,-0.198193597797,-0.0703317170331,-0.0517489926691,-0.157266184867,0.0671532370844,0.17133814713,-0.0183130809567,0.0723322711671,0.122455341613,0.375,0.375,0.5,0.6875,0.5625,0.5625,0.880526448307,0.029998136238450237,2.663422581885091,1.00164662351,0.14443596846269238,2.6393216624563145,0.93299969902,0.009633015178065234,2.6409875539312666,0.897872568193,0.142262099562897,2.6484490511225074,0.871390463805,0.004718855224608237,2.467388009270043,0.94774578613,0.028819774653421955,2.4748495064612843
WellB06_Seq0004/xy06,1,152.15134678408813,24.354457497550626,0.628360959859,0.732320833069,0.16006731463317941,4.164156096978105,0.18216476058774383,2.45405398039,0.900600592136,0.557899406641,-0.0570559894099,2.89627186926,1.096433241157138,0.388883972427,-3.19223011224,0.8862776527471619,7.3540036123709065,7.696792395812128,0.7847671611943561,1.2872715298519086,4.4173948759233275,2.0159695550067136,-0.07430490489831731,0.6523135973095675,0.8787475862984282,2.00767922258,3.63573601351,3.9126279997,4.41540009205,0.0,0.0,0.0,0.0,0.0,0.0,0.3448275862068966,0.10344827586206896,0.08620689655172414,0.034482758620689655,0.0,0.0,0.0,0.0,0.0,0.0,0.311623542924,0.0469029285417,-0.0681756596426,-0.0146229584581,0.0529629645336,-0.00357171653643,-0.0828450944669,-0.0972462244739,-0.100458035798,-0.0639932032021,0.375,0.375,0.4375,0.5,0.375,0.4375,0.737626486059,0.047061516671202196,2.6341166302989234,0.691368092825,0.005436823882824204,2.438808983148488,0.662667141355,0.006194420851916456,2.343469348088423,0.579434932557,0.025961673642002032,2.2733885242781233,0.542291041637,0.05731804346646219,1.9902767657967504,0.49411011126,0.008155594510614143,2.0593764084599173
WellB06_Seq0004/xy06,2,90.87612059680734,8.171682813227555,0.123548839999,0.134755732642,0.08992112294805246,1.0942467728990746,0.02000000000000455,1.46574388059,0.494834715018,0.622246868048,0.0425443787536,1.12701052596,1.265480704251563,-0.0912992880193,-8.2812514406,1.6516732056930818,5.227949787949029,-0.576005943527278,0.8372169021044749,-0.8185234049587518,-0.07660288215444533,-0.36995858560280714,-0.9729093617377553,-1.3806798735000483,-1.6449840227301302,1.24078039959,0.0,0.0,0.0,0.0,0.0,0.0,0.0,0.0,0.0,0.017241379310344827,0.0,0.0,0.0,0.0,0.0,0.0,0.0,0.0,0.0,0.350671611172,0.00804863261448,-0.231089127344,-0.252178867759,-0.222579492563,0.0550504373205,0.272970616631,0.0183496614356,0.0398105413165,0.0255865669162,0.5625,0.625,0.4375,0.4375,0.5625,0.625,1.20203273535,0.07145575607205325,2.610356876512809,1.02798084898,0.2292760188697812,2.496134634929288,1.22695195816,0.23699410024697812,2.812580861355484,1.07372387157,0.04446222209886027,2.6983586197719633,0.951032393276,0.07283706606887767,2.6726561907813386,1.10910444786,0.016707596115583583,2.558433949197818
WellB06_Seq0004/xy06,3,88.74741227954117,4.084311447477971,0.00263442657095,0.0105368908071,0.046021752551082803,1.087006899702119,0.003999999999996362,1.43140987548,0.174621891093,0.598359116212,0.0550472346779,1.18334519117,1.1614884852181901,-0.221905280747,-11.9832245548,1.385635230074894,4.876922391537284,0.32633854968602094,0.38888416806403336,0.1749551446773454,-1.1980136666916141,-0.006603050912795894,-0.5573338440984568,-1.1452351169415338,-0.48638202684887366,1.26615007009,0.0,0.0,0.0,0.0,0.0,0.0,0.0,0.0,0.0,0.017241379310344827,0.0,0.0,0.0,0.0,0.0,0.0,0.0,0.0,0.0,0.406679164453,-0.0690387352785,-0.176924521823,-0.27724566042,-0.28132391019,0.0247347588774,0.197428170345,0.157971961593,0.187394143226,0.186741292266,0.692307692308,0.692307692308,0.466666666667,0.533333333333,0.333333333333,0.533333333333,0.972251352997,0.0006412460279096714,2.7558802607407396,0.99552700732,0.00638273718071872,2.716305826273782,1.20978183178,0.03279703661145333,2.4395342600658845,1.26172505212,0.09837438704014546,2.4940380850078885,0.931405486408,0.04320127554299593,2.840938344017521,1.01675603124,0.04945491562336082,2.8013639095505645
WellB06_Seq0004/xy06,4,89.64951092652169,4.3389399627097465,0.00205745327178,0.000195117928032,0.04839892507908959,1.0786083626599663,0.041761226035651036,1.44595985365,0.189008419863,0.627059382135,0.0894000499579,1.05300632897,1.4501501894029967,-0.270187974092,-11.8919191395,2.4510557824606893,7.971579391393021,-0.7449069163769506,1.0691867875628995,-0.8554015826933856,-0.2452636583128771,-0.018003428140805244,0.04452763714612251,-1.4647790672727448,-0.8476860922607661,1.20140084901,0.0,0.0,0.0,0.0,0.0,0.0,0.0,0.0,0.0,0.017241379310344827,0.0,0.0,0.0,0.0,0.0,0.0,0.0,0.0,0.0,0.342459773201,-0.0538389183961,-0.071085692377,-0.110956356586,-0.153192519771,-0.000888036616052,0.249741952913,-0.028197209246,-0.175029422938,-0.0181638861969,0.5,0.5,0.625,0.625,0.625,0.625,1.19005932362,0.0866649116364715,2.0757173736659467,1.14195827676,0.10177239555721275,2.279459344641944,0.684120829241,0.08048831547682733,1.6969218519018054,0.861987713104,0.18818383733587318,1.8070990766180555,0.832996687621,0.012189305581594383,2.6302911677183323,0.960180646864,0.027296789502347426,2.394065054997467
WellB06_Seq0004/xy06,5,88.66067547272354,6.352015428192799,4.50661412222e-05,0.000124211196292,0.0716441127289516,1.2545421475582406,0.022360679774982645,1.43001089472,0.370530937919,0.680600254133,0.145537172538,1.07903514266,1.5219099626408148,-0.223485480295,-9.69981705401,2.815988560524686,5.4913921202523674,-0.20439665782999406,0.6092936195000824,0.4608424183294715,-0.5846217169569057,-1.12068792616664,-0.33077596170873624,-1.5483559217764753,-0.48232999004050514,1.26026822542,0.0,0.0,0.0,0.0,0.0,0.0,0.0,0.0,0.0,0.017241379310344827,0.0,0.0,0.0,0.0,0.0,0.0,0.0,0.0,0.0,0.397574567861,-0.109285925226,-0.189844569834,-0.100203496163,-0.084909335805,0.108082423882,0.251393088321,0.0771505420015,-0.0528731214651,-0.050223434385,0.6875,0.5625,0.4375,0.375,0.6875,0.6875,1.29400775332,0.4393004846252586,2.565531916779647,1.34469392556,0.4690918363317332,2.4017955105580757,1.2455248555,0.5695633878627891,2.467447288308054,1.34681121664,0.2829909763404633,2.3037108820864827,1.15357793687,0.146381536148273,2.334247275707994,1.04881053286,0.024566382618593747,2.170510869486423
WellB06_Seq0004/xy06,6,93.6982534452733,9.220498901903332,0.341887920391,0.264708099531,0.09840630495091122,0.9391400321570954,0.03199999999999932,1.51126215234,0.408157605982,0.750683664453,-0.137500525654,0.976303007007,0.9877134940859442,0.113994014849,-7.7433766851,0.3361905954543367,-0.7461035271881329,-0.8124924356025063,-0.5825995979898821,-1.135429264609478,-1.408843451157564,-1.2171842300051687,1.306645764721531,-1.1602993799932588,-1.3824581162531668,1.06004357892,0.0,0.0,0.0,0.0,0.0,0.0,0.0,0.0,0.0,0.034482758620689655,0.0,0.0,0.0,0.0,0.0,0.0,0.0,0.0,0.0,0.178464248482,-0.0764603140076,0.0979193532823,-0.0942573031645,-0.0603991575905,0.219951046739,0.0324504967157,0.115560922767,0.272163107018,0.239699667768,0.25,0.3125,0.5625,0.5,0.5625,0.4375,0.998896192647,0.017302437165096846,2.69495026772511,0.973715040941,0.055590816339276386,2.6834161638945404,1.05642795626,0.061411543134941356,2.6049293386312775,0.996731442588,0.05603097428175027,2.5933952348007074,1.17027735832,0.11479849546449764,2.763481117797446,1.12824162137,0.0343553351746875,2.751947013966876
WellB06_Seq0004/xy06,7,80.00351356454051,3.4014702703388573,0.00207597984588,0.0198992980295,0.04251651107291456,1.0881176406988522,0.020000000000027284,1.29037925104,0.271585527236,0.583430763522,0.276739932961,1.01997486597,1.5871961498188771,-0.235843871445,-11.0830008989,3.352834285619725,7.596061633704503,0.20066138325673455,0.42644308817229026,-1.2300513580719603,-0.0869777667610987,-0.34189866618477227,0.3652603049843326,-1.0904433139610854,-1.5708865765485973,1.20016665509,0.0,0.0,0.0,0.0,0.0,0.0,0.0,0.0,0.0,0.017241379310344827,0.0,0.0,0.0,0.0,0.0,0.0,0.0,0.0,0.0,0.474837681709,0.186596157101,0.0681657828322,0.0320838129575,-0.118032811921,-0.136373023528,-0.104695186685,-0.240864302401,-0.193209808206,-0.199399846306,0.5625,0.5625,0.5,0.416666666667,0.5,0.5,1.50233108801,0.23384501203249186,2.724827049593328,1.40751526853,0.06822455566747611,2.688498174239374,1.31222429936,0.018454653598345763,2.515439643484002,1.16024048605,0.0813459016808263,2.349546098999845,1.02038505871,0.019784328468636092,2.5666768108874094,1.03904820422,0.30790692338186054,2.4452951270973413
WellB06_Seq0004/xy07,0,65.1813278916993,4.856706703106539,0.0128180057571,0.0138747402871,0.07451070513899473,0.6825979783152023,0.03847076812333445,1.05131174019,0.569808270376,0.553328937581,-0.201032613862,0.418320764737,0.8973201405676025,-0.20990786028,-6.94423831233,0.019829921594498146,-0.6620591635167239,0.06542185103436049,1.8215176111695692,0.24221164503857784,1.1402279792104073,1.3871574673545917,-0.8497873435776366,-0.6511566060969094,0.26168720820995306,0.0,0.0,0.0,0.0,0.0,0.0,0.0,0.0,0.0,0.0,0.0,0.0,0.0,0.0,0.0,0.0,0.0,0.0,0.0,0.0,0.13581942572,-0.150690282807,-0.168645181028,-0.191802943471,0.0369923463223,-0.124014996486,0.15149121226,0.0736555477542,-0.054964843395,0.0903564544909,0.5,0.5,0.375,0.375,0.625,0.625,0.815901888388,0.014896722037697386,1.8011129520781395,0.794338190196,0.06902131650103835,1.7273798169255337,0.683116712775,0.03583046962978041,1.496751295297782,0.706325574462,0.047518735766916946,1.66580858085841,0.902409567372,0.10005475690093728,1.6279913592429798,0.888003202454,0.11174302303807136,1.5009581798452474
WellB06_Seq0004/xy07,1,77.8480249091813,1.4091841611372304,0.0237466205741,0.0269977969423,0.018101732995553916,0.7366111592964104,0.02200000000000273,1.25561330499,0.202978587608,0.436256148161,-0.325595604945,0.397585266638,0.7904694793726678,-0.207383618789,-12.6850402315,0.7169267387356957,0.8939242535647005,-1.11341631114403,-1.0909714155548238,-0.717765302593393,-1.6321995064315222,-0.4041729566099881,-1.2260634484365758,-0.2978819515754161,-1.0789016505457094,0.0,0.0,0.0,0.0,0.0,0.0,0.0,0.0,0.0,0.0,0.0,0.0,0.0,0.0,0.0,0.0,0.0,0.0,0.0,0.0,-0.0749239943223,-0.0162153157088,-0.222576206556,0.0213764122875,-0.0271282976764,-0.0532636246107,0.0138638492071,-0.0500653726402,-0.17394705155,-0.053018293628,0.4375,0.5625,0.3125,0.3125,0.6875,0.6875,0.567275776648,0.05348992549497931,1.5877305377000661,0.576310899546,0.01672082952386356,1.4132514736578914,0.59721747207,0.007343991850165184,1.4792955743348681,0.633597517008,0.016624424193623907,1.5235892799741155,0.572660755553,0.028113357066431446,1.415692611140899,0.563017951074,0.08319585805975785,1.3868200811362033
WellB06_Seq0004/xy07,2,63.01924036515976,3.942638710305578,0.039151722456,0.0618556959576,0.06256246009092278,0.9408506789071241,0.041182520563962446,1.01643936073,0.25859207746,0.696519418809,-0.0366232599394,0.410321628918,1.3857878439685067,-0.172555561103,-7.46686481653,2.512842249308801,5.880377082489494,10.08143132449994,3.9519890660774433,4.501318087161339,4.314615074074156,2.796186585565848,1.5579743199511213,0.7674336397974155,1.085664294055472,1.24856557697,0.0,0.0,0.0,0.0,0.0,0.0,0.0,0.0,0.0,0.017241379310344827,0.0,0.0,0.0,0.0,0.0,0.0,0.0,0.0,0.0,0.190494153135,-0.172743933001,-0.0918590826989,0.126823141944,0.0361889270788,-0.00932521291851,0.0215965283255,0.0772034629669,-0.173285441856,-0.160470129946,0.75,0.75,0.4375,0.5,0.375,0.5,0.639592244468,0.07341534439272691,1.3821136434101224,0.639385056683,0.061837009524042044,1.4633953192648905,0.531601289367,0.048947242297304766,1.2435233808924666,0.539237097532,0.009143522194126204,1.2265035717580268,0.376321789598,0.00425873287167757,1.1533151967234945,0.383998658258,0.007027633303273377,1.1616094722727683
WellB06_Seq0004/xy07,3,120.25875817687732,2.505992817228395,0.000846508268857,4.20957629061e-05,0.020838339387660776,1.411523999087494,0.1,1.93965738995,0.564063894952,0.491556594753,-0.392246609055,0.807155159713,0.6512147828976215,-0.224283776071,-19.2666073855,0.36990294338651886,-0.32231896368407,-1.4289606235133974,-0.5598857542319275,-0.538599597620733,-1.667280011968048,-0.5389019597325682,-0.15894830078591893,0.5588267543816214,-1.2285410936209038,1.21289130564,0.0,0.0,0.0,0.0,0.0,0.0,0.0,0.0,0.0,0.15517241379310345,0.0,0.0,0.0,0.0,0.0,0.0,0.0,0.0,0.0,-0.03402576874,-0.14250376365,-0.0774591898182,-0.22278771757,0.137417549957,0.0709214970866,-0.0372920855811,-0.0867460078644,-0.215823243785,0.0195900983399,0.625,0.75,0.4375,0.4375,0.625,0.5625,0.602568600498,0.023207288072030683,1.4989497212849543,0.580828968974,0.09975399956725962,1.459725723392178,0.494190205557,0.0027931115076242114,1.7781270715321362,0.462547618552,0.06726733366868726,1.751999250847745,0.567548302681,0.0012604461391101155,1.5452236959129693,0.530829711625,0.010408617899396195,1.4954988846598247
WellB06_Seq0004/xy07,4,60.13381651140643,0.7071067811866119,0.00505257759059,0.00150773707402,0.011758887464800857,0.5614267539047195,0.01999999999998181,0.969900266313,0.177575321505,0.664056305151,-0.243312786354,0.273576672401,1.0594694599175971,-0.226184413673,-10.1799967065,1.10641097230907,-0.0024549447149309067,-0.038322689550523314,-0.006974875482160137,0.3184579086998105,-1.0362059509591868,-1.082920518275856,-0.8997919398193623,-1.3890089107066952,-1.5721586282443138,0.0,0.0,0.0,0.0,0.0,0.0,0.0,0.0,0.0,0.0,0.0,0.0,0.0,0.0,0.0,0.0,0.0,0.0,0.0,0.0,0.224594404463,-0.221363623829,-0.161395955623,0.182241703543,0.222021636566,0.03388945928,0.0301985373088,0.0159503963409,0.0266548338804,0.0556273632293,0.5625,0.5625,0.5,0.625,0.533333333333,0.466666666667,0.458223139346,0.010322714044341583,1.0962066906844667,0.46912378937,0.07759459012274597,1.1005170666710045,0.496009654467,0.007747221681027488,1.5341020853390974,0.456086336301,0.0561384007476721,1.487984382261758,0.480245448929,0.01735092856116885,1.234843351517726,0.468379204428,0.02402495140675829,1.1413971863171042
WellB06_Seq0004/xy07,5,75.31203918884862,2.6475649189396555,0.243845723981,0.113265485675,0.035154604064042895,1.278129883853738,0.010000000000013642,1.2147103095,0.192234804653,0.730139440694,0.926801058739,1.16581368973,2.461630821393124,0.0118440304131,-10.987524488,6.430088707740046,2.8153207985757067,-1.329300114148857,0.5266504274253765,-1.5528064637570607,-0.8336912210647442,-1.2318324765879571,0.7520092731678223,-0.9851678057770927,-1.4421406625205768,1.23823907223,0.0,0.0,0.0,0.0,0.0,0.0,0.0,0.0,0.0,0.017241379310344827,0.0,0.0,0.0,0.0,0.0,0.0,0.0,0.0,0.0,0.343711833036,-0.166635168314,0.016792660865,0.0546559882892,-0.110257086111,-0.0183587527846,0.274233334117,0.114902389391,-0.0502649770792,-0.108854305182,0.5625,0.5,0.4375,0.375,0.3125,0.3125,0.616680634365,0.002391266231841383,1.295230892459341,0.566640816263,0.0051256443000905145,1.3215005637594441,0.436569293552,0.01897844198367569,0.8159383898117282,0.494525044358,0.06158408912885246,0.8197464894760811,0.485884009394,0.012799301018048785,1.3251286834080294,0.540910711998,0.12279970228995815,1.1706343018589025
WellB06_Seq0004/xy08,0,254.25255320582684,149.4092219376033,0.0498347685908,0.00141999823173,0.5876409894560666,11.734154592470645,0.08160882305243204,4.10084763235,1.78157537811,0.933140697264,0.473310087625,15.3453360996,1.5908743547873805,-0.218628339845,103.377321431,2.0475602313097196,1.762257409558682,1.039394484179386,1.3155828945909027,2.129966595338118,0.8699271293509105,-1.0245669212997413,0.6518173850393074,-1.2031646857335214,-0.31769582722491396,4.71744797619,5.69369517644,6.88763069916,7.87209731626,8.98154011021,9.61082375101,9.61082375101,10.7628308827,12.2052825516,12.2052825516,0.6724137931034483,0.5172413793103449,0.3793103448275862,0.29310344827586204,0.22413793103448276,0.1896551724137931,0.1896551724137931,0.1206896551724138,0.06896551724137931,0.06896551724137931,0.795787261593,0.575950376537,0.41726015982,0.253822510324,0.286469669876,0.386305776134,0.423968804999,0.341784329733,0.188075286706,0.00858259606369,0.4375,0.5,0.375,0.4375,0.375,0.4375,0.944267536585,0.03164887344743825,2.520392609831253,0.91617289176,0.04227835260164035,2.6138050764184,1.09675238241,0.04099877632116004,2.38783152328723,1.07606702982,0.051249208404174795,2.481243989874377,1.04858879002,0.03499347953031914,2.4096047203964215,1.02790343743,0.007849095988121634,2.503017186983569
WellB06_Seq0004/xy08,1,58.984090779030915,3.111269837220873,0.295086886263,0.224861180459,0.05274761034931376,0.6046486583132441,0.020000000000027284,0.951356302888,0.5091215696,0.667778946132,-0.150330251389,0.345037278729,1.0500130864918895,0.0398140383246,-7.56767817724,1.238856047721752,-0.8515340221210743,1.4260554214933254,-0.7611832034154666,0.15278807343932144,-0.46210893217791593,-0.743319981809738,-0.9539404962334945,-1.124383178192486,-1.1438842329145897,0.0,0.0,0.0,0.0,0.0,0.0,0.0,0.0,0.0,0.0,0.0,0.0,0.0,0.0,0.0,0.0,0.0,0.0,0.0,0.0,0.303841818089,-0.0824071161831,-0.0379686491267,-0.00816053384568,0.00638414962713,-0.129247557096,-0.0588316871603,0.123912987954,0.100018111913,0.0101637401659,0.5,0.4375,0.4375,0.4375,0.4375,0.4375,0.509696008465,0.052049161760641206,1.351178536697688,0.46569331501,0.06645673429546213,1.3123269200335004,0.471971487979,0.07377946929164929,1.0371614187169984,0.457692084478,0.03541192141763619,0.9389165053606542,0.585642529559,0.04841570139965046,1.091454939087784,0.567490105599,0.05006057228071147,1.0714496051152564
WellB06_Seq0004/xy09,0,251.81984571277147,23.460230177898936,0.382760026674,0.546942642631,0.09316275336240948,7.0750090007009785,0.10256627125912318,4.06161041472,1.00036566224,0.689885690826,0.470199624236,15.0088478746,1.594676726512283,0.148419369074,-22.1312336534,2.1888331947598507,1.4771588311547248,3.799977615145667,1.6541579231607875,1.4218600218981523,0.04603211164267362,-0.6888334402596792,-0.3747179985219513,-1.4769058525503196,-1.0718688709145814,2.94358473548,3.65109357627,5.52644817098,5.9662719968,6.22140202113,6.91943947175,7.26107871054,0.0,0.0,0.0,0.6551724137931034,0.4482758620689655,0.1724137931034483,0.13793103448275862,0.1206896551724138,0.06896551724137931,0.034482758620689655,0.0,0.0,0.0,0.303115010459,-0.0225343225469,-0.0694657498409,-0.164225651551,-0.0692450370823,0.0732419645463,0.24006345119,0.157917116118,-0.211306748103,-0.210984182307,0.625,0.625,0.625,0.6875,0.625,0.625,0.992512000338,0.04265869428589577,2.6118495637427643,0.9808759476,0.019036279335281254,2.667274257275064,0.962733341155,0.028698947239617554,2.6037219340958044,0.95975001271,0.06561758124590568,2.659146627628104,1.03041468342,0.0035571043908640774,2.5984921587422636,1.0206457531,0.004456137243390875,2.6539168522745635
WellB06_Seq0004/xy11,0,101.74765044116816,6.368053077668296,0.175431549196,0.0991409759716,0.06258673345337236,1.1984423223501373,0.04294182110715414,1.64109113615,0.48682035334,0.812339056178,-0.0210335821207,1.21468323378,1.2667941356128418,-0.0712336228318,-12.0531492381,1.7994863010917967,-0.34898237824268064,-1.3167781523082789,1.0210235958985194,-0.8166963557248987,-0.6133582022535995,-1.1744904455817602,-0.3911603602011877,-1.160657017863381,0.38351045969818376,1.05432063434,0.0,0.0,0.0,0.0,0.0,0.0,0.0,0.0,0.0,0.017241379310344827,0.0,0.0,0.0,0.0,0.0,0.0,0.0,0.0,0.0,0.465428495647,0.25250367643,0.100737594049,-0.00244099914607,-0.0764036188556,-0.0107209127777,-0.152941119389,-0.1712961749,-0.113567635635,-0.0306676899701,0.25,0.25,0.4375,0.4375,0.375,0.5,1.22926555581,0.12691978009058485,2.635560918522507,1.360004861,0.06831464454675044,2.5995836850961322,0.97172468539,0.0168327268498321,2.3475458349438836,1.01132974982,0.13309150574219666,2.5948191543270633,1.04200499404,0.10462366649588653,2.684594744050988,1.15452647959,0.1406008999222599,2.519577866284627
WellB06_Seq0004/xy11,1,102.00705578084235,13.18891959183926,0.200662530736,0.0430047788322,0.12929418941543683,1.147526034563057,0.02690724809417196,1.64527509324,0.76851613135,0.690224210829,0.35816581941,1.43818311785,2.033563056087036,-0.0350122032403,-5.27924752584,5.115812414457777,5.313376624203183,4.511936127793546,-0.285056790736383,0.983862126749965,-0.27888258115259124,0.5768133881405566,-0.320192776738502,-1.0139505712866508,0.3254515036307448,1.11861445248,0.0,0.0,0.0,0.0,0.0,0.0,0.0,0.0,0.0,0.05172413793103448,0.0,0.0,0.0,0.0,0.0,0.0,0.0,0.0,0.0,0.366792617098,0.259185711888,0.0338326713199,0.0147004562129,-0.0803686051542,-0.1826841207,-0.17566254417,-0.21354954361,-0.150354525006,-0.171862188945,0.5625,0.5625,0.375,0.4375,0.5,0.5,0.87685311438,0.14079866287864443,2.001277190235227,0.867402337468,0.0010406062676817055,1.7834103623020436,1.11355102535,0.1882648134753473,2.187567374301654,0.952757125617,0.20587959047992999,2.081622450157158,1.16631216203,0.019770831176403526,2.2525662313045256,1.02497068404,0.028445095365998454,2.213018940820531
WellB06_Seq0004/xy11,2,97.24682229178724,5.091325956958546,0.152279131967,0.11587876033,0.0523546768621613,0.9200000000000272,0.04079215610874977,1.56849713374,0.449277503704,0.705957569724,0.107657279819,1.20409565174,1.5002288182573447,-0.108050939878,-12.5150107028,2.785624596015815,0.5584123631335545,-1.4865180832673393,-0.6481560933921688,0.07823567389630659,-0.2251987582895567,-1.6762305931661243,-1.0288744686333717,-1.3916160952877163,-1.444603548998311,1.0207075977,0.0,0.0,0.0,0.0,0.0,0.0,0.0,0.0,0.0,0.017241379310344827,0.0,0.0,0.0,0.0,0.0,0.0,0.0,0.0,0.0,0.4649435644,0.2381275609,0.0516185027978,-0.0133954261499,-0.167654700076,-0.212578057841,-0.223173229935,-0.255271479544,-0.22159719484,-0.207149164021,0.4375,0.375,0.5625,0.5625,0.5625,0.5625,1.05023628897,0.22444577971624124,2.5427344229158035,1.40530633913,0.18398283217763844,2.504015962849932,1.39128472381,0.11721038067479737,2.5918691790961583,1.11805105263,0.34343688041911596,2.2353722293420035,1.278733004,0.009267072500343719,2.513602184630643,1.27828262638,0.05270340198069648,2.4482810966950073
WellB06_Seq0004/xy11,3,101.85943105259658,5.662022606807561,0.103494275647,0.0915797560881,0.055586630990348794,1.192553562738376,0.01811077027626966,1.64289404924,0.437623552334,0.797467176358,-0.0781901187776,1.23472477351,1.082884921714163,-0.154698221723,-12.7794173582,0.8790947287538482,-0.3802828412888237,-1.498333564370181,0.6883371262533005,0.018826177326312976,-0.26235826373499505,-1.6987706375177816,-1.096520949307558,-0.7148501234850047,-1.5021599910139423,0.0,0.0,0.0,0.0,0.0,0.0,0.0,0.0,0.0,0.0,0.0,0.0,0.0,0.0,0.0,0.0,0.0,0.0,0.0,0.0,0.466332834362,0.209927557126,0.204563989281,0.0522639740189,-0.127735688366,-0.0723272921162,-0.111062239133,-0.149653800184,-0.0578848794556,0.0561886126734,0.4375,0.5,0.5,0.5625,0.625,0.625,0.901554048757,0.09281942419185069,2.319569100992008,0.86191928617,0.04516549656771972,2.5056983375663697,0.947876998061,0.31660333558089515,2.6928709918049307,1.00982480448,0.03960422055980144,2.63893680788707,0.810058634743,0.07825146909885963,1.6113043759476473,0.835390257843,0.13218565301672194,2.3693719709639756
WellB06_Seq0004/xy12,0,63.00555274248993,0.8170679286326051,0.050937270361,0.0403252218425,0.012968189200276432,0.6281401117585166,0.010198039027187442,1.01621859262,0.158180671756,0.783246899937,-0.258350778479,0.321311673139,0.8289349994286797,-0.186330584071,-10.5899574823,0.5356318237862054,-0.8915766335912814,-0.824447595320771,-0.4536112141589683,-1.082243293020772,1.2978271284487333,0.3834875692668369,0.3113513715308569,0.17152207065373481,-0.42580592066842016,0.0,0.0,0.0,0.0,0.0,0.0,0.0,0.0,0.0,0.0,0.0,0.0,0.0,0.0,0.0,0.0,0.0,0.0,0.0,0.0,0.187103045127,-0.00766147798826,0.0233767796107,-0.180827245114,0.0285137722587,0.0348204886265,0.00657200067407,0.193391172942,-0.102522349797,-0.03110239733,0.625,0.625,0.375,0.3125,0.625,0.4375,0.631631611632,0.010933503823073473,1.216163558024864,0.649500013305,0.010317668791191642,1.180227262188967,0.575144454835,0.09155410121242898,1.5711388493196055,0.570076092333,0.08145400916198156,1.6064103416905355,0.535585313383,0.03528339859211982,1.4740998749715355,0.549075390191,0.06095481906115651,1.5745793726550328
WellB06_Seq0004/xy12,1,745.8367232330377,99.49384101541162,0.0406616531979,0.0210036882746,0.1333989570587618,14.140045827365634,1.0403864666555314,12.0296245683,1.45330676007,1.00288545851,-0.504864722638,29.2072302026,-0.3828690095348482,-0.185546694443,-35.5383598626,-1.0074942195138588,-1.0033899857669313,-0.6266022695189477,-1.312289260329165,-1.40899399145961,-1.5299787921241814,-1.4596364167534117,-1.5270380673259558,-1.2052253316275099,-1.2001174561421821,10.4360471178,10.5963581223,10.7514175438,11.1492150898,11.6867537156,12.0829872998,12.6227203373,13.0167208413,13.700545134,13.700545134,0.9827586206896551,0.9655172413793104,0.9482758620689655,0.896551724137931,0.8275862068965517,0.7758620689655172,0.7068965517241379,0.6551724137931034,0.5689655172413793,0.5689655172413793,0.602267636406,0.416282487631,0.328506192939,0.383870759426,0.459240749234,0.372561913502,0.417378644114,0.329267987675,0.338014650938,0.23781595018,0.625,0.625,0.5625,0.5,0.5625,0.5,0.573971581996,0.020454105585109746,1.9238415880558388,0.561964715684,0.026346631533295122,1.8454569111839896,0.598800159693,0.04274738249038483,1.946488144525113,0.586056727637,0.07524576043882344,1.8681034676532637,0.651698577403,0.0448057629977022,2.3794607576119198,0.643744027546,0.053897478579503756,2.3030401217645493
WellB06_Seq0004/xy13,0,71.30675281454828,5.1429563482496174,0.629866403713,0.728722458208,0.07212439418781572,0.7034202158027372,0.0400000000000091,1.15010891636,0.651137169998,0.795015051741,-0.414232650493,0.288122081383,0.4129038591535485,0.41187533858,-7.76698421927,-0.3121283019032246,1.2172058746173233,-0.14964553669674663,-0.5126697382810304,-1.1969043626816587,-1.1628975424062349,-1.3846908047401536,-1.2799795323536656,-1.4830842703378857,-0.9376405350272745,0.0,0.0,0.0,0.0,0.0,0.0,0.0,0.0,0.0,0.0,0.0,0.0,0.0,0.0,0.0,0.0,0.0,0.0,0.0,0.0,0.243619811359,0.128512849757,0.0983625872188,0.0261715337964,0.203094739508,0.155305028728,0.186179023982,0.0207007076176,0.0772669125243,-0.0279333862369,0.666666666667,0.733333333333,0.733333333333,0.733333333333,0.5,0.4375,0.559680149311,0.020014671225054646,1.4643196976911237,0.550150715476,0.017717981526657104,1.4100821361100242,0.946770889887,0.1313640042599927,1.9157763418141884,0.908622596988,0.09725575760318785,1.9461236701322262,0.72019566528,0.12205554268673287,1.6414204354253819,0.726020013882,0.118414470368399,1.7582819597199175
WellB06_Seq0004/xy13,1,76.18135916506067,2.52881395124283,0.0862906784644,0.039431946606,0.03319465521432478,1.1160645142643044,0.0,1.22873159944,0.175250569644,0.47798568684,-0.177148688283,0.525180998634,1.0935022587338823,-0.135395094859,-11.2636640449,1.3677576986513404,0.8230888480027301,2.333482582448654,1.5357782975453391,0.8185656629250975,-0.8447321701262904,-1.1064396648931107,-0.8275949983504081,-1.357315641360974,-1.3457985318157242,1.24133637665,0.0,0.0,0.0,0.0,0.0,0.0,0.0,0.0,0.0,0.017241379310344827,0.0,0.0,0.0,0.0,0.0,0.0,0.0,0.0,0.0,0.174345345459,-0.101440714623,-0.176492373956,0.155032364534,0.012212736266,-0.0589843192014,-0.141534368092,0.00594298687829,-0.090267706659,-0.12450317889,0.625,0.625,0.6,0.666666666667,0.6875,0.6875,0.407431718466,0.03447726684993754,1.1613802850256978,0.446885538065,0.041859130752503165,1.3990546204791285,0.531076621182,0.054732102225804734,1.2362210404674234,0.531218113803,0.059851201589786886,1.2045576245784073,0.523081748485,0.033449687056780274,1.499574937050659,0.583857885262,0.04792025550886571,1.5396803387813984
WellB06_Seq0004/xy13,2,950.6369031091309,94.49461889441106,0.0728575919437,0.122123944965,0.09940137878653686,18.781216999971015,0.28002856997100556,15.332853276,0.928030775523,0.946451808657,-0.455405961407,69.1140596542,-0.29334042571454905,-0.157365858978,-77.6162322665,-1.278911466137345,-1.135907605035329,-0.8248882227307304,-0.847229882374374,-0.9889671130945672,-0.9604109603898046,-0.7119774594349417,-0.5393535122315645,-0.5387528422332193,-1.6417055271509384,13.4446611899,13.8961247548,14.3385369409,14.7779280325,15.4337840124,15.6591528058,15.8601523645,15.8601523645,16.202473868,16.3509198703,0.9655172413793104,0.9310344827586207,0.896551724137931,0.8620689655172413,0.8103448275862069,0.7931034482758621,0.7758620689655172,0.7758620689655172,0.7413793103448276,0.7241379310344828,0.727474723677,0.507413094254,0.427262213586,0.460642496818,0.446137796925,0.3219287498,0.220098173018,0.189727090254,0.254492602977,0.344007338258,0.5,0.5,0.5,0.5,0.4375,0.4375,1.03528401191,0.07245946659647055,1.9916009573033984,0.970665033016,0.08203211945597805,1.8783954445303623,1.04310608839,0.008201506891533244,2.097962539162821,0.977461921129,0.0013711459677967011,1.747607604558659,1.04907280459,0.07925567736522629,2.1752654018539563,0.983257244085,0.07387009114991606,1.8630258119564416
WellB06_Seq0004/xy14,0,156.65581474725667,4.660911927938548,0.0461709936834,0.040109560452,0.029752562555423235,2.2534808630206005,0.04386342439892886,2.52670668947,0.599880118528,0.556142447001,-0.34763608265,1.93057663651,0.44757145535092496,-0.186604263475,-23.7013003187,-0.601131377025415,-0.7785669682015444,-0.5932906520642476,-1.2173993715956803,-1.2339128581311773,0.2932078057115577,-0.8538797472913,-1.3851827501591827,-1.3129312974305338,-0.9360853004169032,1.40532318104,2.03701082603,0.0,0.0,0.0,0.0,0.0,0.0,0.0,0.0,0.41379310344827586,0.034482758620689655,0.0,0.0,0.0,0.0,0.0,0.0,0.0,0.0,-0.0138003931944,-0.0655524727779,-0.242747373479,0.0681545707413,0.223806908017,0.185277046951,-0.0445725300698,-0.200209608212,-0.104116686956,-0.13800211708,0.5625,0.625,0.5625,0.4375,0.5625,0.5625,0.774965802466,0.03905061220968229,1.9778041810173397,0.742162370847,0.007980016449084247,2.3483679633887693,0.852646602586,0.09442120750471059,2.2447171293828405,0.757259595506,0.04946684494386597,2.2677718664102424,0.858040880787,0.060017041452912145,2.0554999907367666,0.796989448116,0.052886049979077886,2.0785547277641685
WellB06_Seq0004/xy14,1,121.12461333940173,6.407807737440401,0.9643464069,0.953311138207,0.05290260633885505,2.622746651889993,0.04472135955001613,1.9536227958,1.2188458624,0.684641942179,-0.412955469069,0.813541489308,0.4327292783834715,0.723972899314,-15.5215537571,-0.0010900338611024019,1.1866794405982324,0.3285966097003046,2.8942343630032585,0.1323858974828278,1.1386441368281641,-0.9805622202179975,-1.3494329164907675,-0.6060660521129124,-0.6757386698325392,1.67624981176,2.69714953426,3.12800255754,0.0,0.0,0.0,0.0,0.0,0.0,0.0,0.41379310344827586,0.05172413793103448,0.017241379310344827,0.0,0.0,0.0,0.0,0.0,0.0,0.0,0.198981085969,0.0554526758028,0.138322700859,0.0495873712014,-0.00611439679891,-0.100568144235,-0.185719671379,-0.170132953214,-0.0116165353522,-0.207204486298,0.4375,0.3125,0.5625,0.5,0.4375,0.375,0.449945382617,0.003907775870892793,2.2565306949704196,0.460583837576,0.027673411089989528,2.2636230725158404,0.301578931607,0.025682291256585103,0.9832132360792655,0.29876724437,0.0019166560374360856,1.0389577392126401,0.327543343613,0.0021491369220232957,1.0266595504133549,0.333731837508,0.018995296802305116,1.048953501954386
WellB06_Seq0004/xy14,2,66.32515795812026,2.884250335875973,0.0571194515387,0.0725892587226,0.04348652041955448,0.5691959240894137,0.060827625302971734,1.06976061223,0.46036812948,0.691491598104,-0.342945351014,0.306530903168,0.5656448391005079,-0.17726047355,-9.12378275459,-0.0294009263896835,-0.5427220103269437,0.8158247966442875,0.5921992749125242,-1.4291508556943935,2.2184336915455463,-0.24821373998034524,-0.5425352642079853,-0.46048060735025187,-1.6383250129972402,0.0,0.0,0.0,0.0,0.0,0.0,0.0,0.0,0.0,0.0,0.0,0.0,0.0,0.0,0.0,0.0,0.0,0.0,0.0,0.0,0.203813558628,-0.0478055105471,-0.0495786431146,0.0220290037929,0.00699362357776,0.210552648209,0.0700323423697,-0.0342021543667,0.00173792448694,-0.207561265141,0.5,0.4375,0.5,0.375,0.6,0.533333333333,0.657774254046,0.013222492838546821,1.4285880291072057,0.639936831678,0.004673127144664454,1.517100581349884,0.651511195515,0.06874708539698186,1.4691181110921356,0.614185892747,0.019831859810259783,1.528643611174593,0.786673962436,0.10852604028805293,1.5275858647437144,0.778454825013,0.03413621891871928,1.4534322671507944
WellB06_Seq0004/xy14,3,487.6422866353163,60.440135671588365,0.241941585661,0.00126637199468,0.12394359006192704,10.95919705087921,0.15231546211730085,7.86519817154,0.959410429292,0.899220058478,0.568775470278,45.1186105955,1.8355451178374333,0.021989984936,-27.8464948393,4.951976046975222,0.9781136823945094,-0.8510950209239416,0.5975621100895108,-0.6870070067536709,-0.472032093472996,0.06977784503175144,0.7981097628249558,-0.12537297091814015,-1.8530871812462981,4.78036142779,5.58314489645,6.61561646542,7.90800318982,8.8852851062,9.17320441434,9.41195866103,10.1550849509,10.6336633446,10.9986290724,0.7068965517241379,0.5689655172413793,0.43103448275862066,0.3103448275862069,0.2413793103448276,0.22413793103448276,0.20689655172413793,0.15517241379310345,0.1206896551724138,0.08620689655172414,0.311614813065,0.127057564949,0.190158152719,0.466095454467,0.259481178818,0.273473744092,0.322435960625,0.235435507385,0.105105513606,0.073131372137,0.375,0.375,0.5,0.5,0.375,0.375,0.849650099657,0.2497473262133415,1.8064392453801765,0.783883175854,0.1593095021633346,1.6949358041662526,0.943478603988,0.1277356198012016,1.675878594086305,0.895511634459,0.1557692855344959,1.8024062946605222,0.714102694539,0.16332191831289689,1.1690664381567468,0.68414206547,0.12437105724082793,1.4197914061663424
WellB06_Seq0004/xy15,0,73.12300828675956,4.351333129053556,0.275614777611,0.390203178237,0.0595070311110471,1.0198039027185444,0.02154065922856065,1.17940335946,0.424197754402,0.617954494668,-0.36380690054,0.376787672421,0.4452819603931752,0.047458335399,-8.88743674672,-0.4433726415929842,0.5523591071351208,-0.7868265695519239,-1.0036860368529397,-0.2319568700967518,-0.7646060493505096,0.07445376985035423,-1.2782195968818555,0.250752818793599,-0.9460908173069176,1.00572163147,0.0,0.0,0.0,0.0,0.0,0.0,0.0,0.0,0.0,0.017241379310344827,0.0,0.0,0.0,0.0,0.0,0.0,0.0,0.0,0.0,0.0363823275106,-0.022554368757,0.00347112611894,-0.067936147852,0.0899146972398,0.115966423234,0.185033912045,-0.167217734008,-0.128367488467,-0.0201618698548,0.533333333333,0.466666666667,0.4375,0.5,0.733333333333,0.733333333333,0.508011929157,0.13520472449756463,1.0724335917049912,0.478452939092,0.05169601652232662,1.0823116555034447,0.615896260067,0.08525843649253048,1.5043389291309306,0.551786178169,0.05166438379745821,1.447075723552532,0.898185618164,0.24177829104330884,1.701696034837354,0.773804793121,0.37493488145141785,1.2073326146825238
WellB06_Seq0004/xy15,1,62.03461893897067,3.680013586931503,0.552211180229,0.389925379825,0.05932193426628253,0.773896633924704,0.01999999999999318,1.00055836998,0.555224574605,0.81931857857,-0.213833805796,0.339224894021,1.0015811650794348,0.311720001969,-7.55122626091,0.30772556870260814,0.3254554258656608,1.8437945396916113,-0.16138433480620717,2.2315895184739682,-0.12966157914882048,0.07978477193950129,-0.4637662526346209,0.7664777455262999,-0.6042071881669289,0.0,0.0,0.0,0.0,0.0,0.0,0.0,0.0,0.0,0.0,0.0,0.0,0.0,0.0,0.0,0.0,0.0,0.0,0.0,0.0,0.443086010565,0.169654773224,0.156859802068,0.137749394962,-0.0215836921518,-0.0282368536603,0.0324747589146,-0.0910668671143,-0.161104028716,0.00212397284846,0.25,0.3125,0.6,0.6,0.307692307692,0.384615384615,0.612376976175,0.15205936141450085,1.2430118532085996,0.603960117299,0.11243357379789277,1.1748571112892692,0.472113623848,0.04444266374435037,1.2788419704115241,0.453852059201,0.06054326382611042,1.1023798287159596,0.433138155606,0.08386819317960721,1.3380293764486912,0.448002751272,0.023651216494860947,1.2086305488727602
WellB06_Seq0004/xy16,0,94.86641207343051,5.299981132041866,0.0866708298624,0.032786564284,0.055867835793552124,0.906002207502824,0.06449806198638615,1.53010342054,0.307420373073,0.75119004791,-0.124302115672,1.2305015581,0.7836515658906968,-0.128062164291,-11.8753871659,-0.10032666837133508,-1.1321218407894884,-1.205049910849093,-0.4290593267413416,2.358740031698378,-1.057487783314756,-1.5807448544348512,-1.1920305474409838,-0.23005601693132016,-1.5537741336585549,1.09254075332,0.0,0.0,0.0,0.0,0.0,0.0,0.0,0.0,0.0,0.034482758620689655,0.0,0.0,0.0,0.0,0.0,0.0,0.0,0.0,0.0,0.272536354413,-0.0173795334969,0.0368929169693,0.148039375945,-0.0874496445669,-0.153151467544,-0.0445027776917,-0.0292818359329,-0.0156542701876,0.137880044647,0.625,0.625,0.533333333333,0.6,0.5625,0.5625,1.39514047141,0.09616367419865342,2.6385832144338384,1.45863231251,0.14911263458452859,2.5934123526107125,1.58380910736,0.059644173339186195,2.622998561346358,1.43401367109,0.11259313372506162,2.577827699523232,1.62059058257,0.1567710646220609,2.7052664083384697,1.52089002111,0.1241583941715382,2.569924503538612
WellB06_Seq0004/xy17,0,59.68557734923214,1.6332985030300242,0.0487674657778,0.0631144046732,0.02736504488300869,0.5444621566279872,0.03340000000000032,0.962670602407,0.266765712024,0.661423644296,-0.190795591306,0.289836789763,1.156999104219858,-0.168574533454,-9.17265220855,1.9425074786575358,2.073022790503975,-0.9188937149361474,0.14435484724966585,-0.8974487774258071,-0.4272050974658952,-0.4732061842734101,-1.0864037474446475,-1.5550471907985366,-0.9828780161838675,0.0,0.0,0.0,0.0,0.0,0.0,0.0,0.0,0.0,0.0,0.0,0.0,0.0,0.0,0.0,0.0,0.0,0.0,0.0,0.0,0.178244304087,0.0069060325235,-0.0719077923971,0.0561443275343,-0.0165349157495,-0.0511160074627,0.0022821384042,0.204078136646,0.230299217174,-0.184215850161,0.375,0.5,0.4375,0.5,0.5625,0.5625,0.439687567407,0.014294654326807753,0.986899933401098,0.477554446405,0.06156305724691304,1.042092246066103,0.653669030306,0.000760932095674983,1.2217503983975269,0.678706471701,0.10643105147789268,1.182657972243162,0.77696610222,0.15269921611183226,1.5682589130636222,0.776520683447,0.10026080085868129,1.5097734062837078
WellB06_Seq0004/xy17,1,55.622640301589314,1.4560219778561068,0.0879308080456,0.0657269406519,0.026176786466112857,0.45923414507199833,0.018000000000000682,0.897139359703,0.24059376043,0.503836248209,-0.305323684383,0.224944734281,0.8416471255967582,-0.14523940338,-8.61434235874,0.32756953041265735,-0.3548074979953011,-1.0290892292046263,-0.24778099805596776,-0.8841432142140775,-0.9530579809306725,-0.15271695036666078,-1.5253498961163572,-0.727595429658094,-0.42327536679799627,0.0,0.0,0.0,0.0,0.0,0.0,0.0,0.0,0.0,0.0,0.0,0.0,0.0,0.0,0.0,0.0,0.0,0.0,0.0,0.0,0.048704601677,-0.323563344604,-0.0258865491039,0.0273470604282,0.245645667042,-0.0709956149255,-0.230503978661,0.0265900309692,0.184587374296,-0.00879072869973,0.5,0.375,0.4375,0.375,0.533333333333,0.533333333333,0.672141506812,0.05917194897614221,1.6402462775765927,0.669514810746,0.09138142121359305,1.426241755431144,0.630466262136,0.061569519771694704,1.5519081450015584,0.62092237763,0.014731052154298917,1.412600135729298,0.797565316674,0.12740665910155363,1.9103596025046474,0.815101949102,0.15827612513375125,1.7889402661545872
WellB06_Seq0004/xy17,2,79.13152281941368,40.164432026358796,0.988205532114,0.974125110446,0.5075655136577896,1.3971055794033385,0.06324555320335859,1.27631488418,1.77401472602,0.581671908046,-0.319258237591,0.535280777679,0.5171497529643124,0.767334328339,25.8378329836,-0.7401659116700348,-0.8636490587238597,-0.8064698757085504,-0.6505598605075491,1.2417482388267649,-0.04973300749157206,-1.2676162645596212,-0.22235853522144122,-0.94999727797576,-0.7531548951207752,1.27288444535,0.0,0.0,0.0,0.0,0.0,0.0,0.0,0.0,0.0,0.1724137931034483,0.0,0.0,0.0,0.0,0.0,0.0,0.0,0.0,0.0,0.239737303594,-0.0998997471778,-0.185889349271,0.162494259841,0.0450164834798,0.0791815251648,-0.235659008218,-0.150927693559,-0.17822140581,-0.179981388729,0.1875,0.25,0.3125,0.3125,0.1875,0.25,0.194450018324,0.028958297651648462,0.5687264980597746,0.176523469039,0.001897445091866267,0.5630387685105736,0.35152613217,0.03406753283570076,1.9555012378901586,0.325462535748,0.007634485564872693,2.0184802142348643,0.236808813243,0.03049430207295639,0.6842126592150296,0.195338571933,0.01894172052716564,0.6785249296658284
WellB06_Seq0004/xy17,3,748.2101152308812,533.8127546246905,0.76826706648,0.255715137548,0.7134530043876346,29.497657466314177,0.18159295140507684,12.0679050844,1.46383013968,1.044625764,0.123021061594,145.164199697,0.9489613499717787,0.530797598636,398.350856019,-0.45336486456643366,-0.46507147720067943,-0.16176539246131627,-1.5677565630429406,-1.4940329990224623,-0.9492625137618771,-1.2624498400431037,-1.71658604764983,-1.6195987953648963,-1.34869564720327,10.8625735278,11.5874111407,15.6118148937,18.0454264997,19.5346524393,20.087464006,20.087464006,21.1085269818,21.1085269818,21.1085269818,0.9655172413793104,0.896551724137931,0.6206896551724138,0.5172413793103449,0.46551724137931033,0.4482758620689655,0.4482758620689655,0.41379310344827586,0.41379310344827586,0.41379310344827586,0.871393302937,0.758490697017,0.639274011386,0.54177653035,0.451624460401,0.342672502796,0.2569701957,0.139876540658,0.11196668835,0.0317205640261,0.375,0.375,0.3125,0.3125,0.3125,0.25,0.520892496806,0.0016987691802266343,2.18237375903789,0.493761534836,0.001733099098031237,2.0979293386248328,0.547463434895,0.015700457101137263,2.0546084037475167,0.541813361777,0.00898057198957642,1.9701639833344593,0.551486017977,0.0022219026555602367,2.049325251517356,0.546876281519,0.008322693277759089,2.017654054833878
WellB06_Seq0004/xy18,0,155.93736524067467,30.652094545071456,0.804021057785,0.79266685257,0.19656670803538864,4.906710507050526,0.17813478043325418,2.5151187942,0.502052035314,0.88963906999,0.0963470703664,3.24929909759,1.3410098738179868,0.565213554909,2.41995610022,2.401558344471977,1.9981517838655511,-0.18760376564210857,1.127329883894892,2.6406427239830403,-1.3688279705555235,-0.9089594958931575,-1.744425894399227,-1.5225733483565689,-0.8516273467286832,2.46236987955,3.92531404811,4.63541597782,5.00363303003,5.35369453752,0.0,0.0,0.0,0.0,0.0,0.5,0.20689655172413793,0.13793103448275862,0.10344827586206896,0.05172413793103448,0.0,0.0,0.0,0.0,0.0,0.424890824409,0.376777926175,0.30459336586,0.284196942496,0.209552359808,0.178976208181,0.233590379866,0.0435896254516,-0.0949822678512,-0.0947828090282,0.5,0.5,0.4375,0.375,0.5625,0.5625,0.514763536055,0.010718796879150538,1.581066432424481,0.4939713509,0.0028879064022906743,1.6161434699896338,0.36686182168,0.022037195387814536,0.9004181002178478,0.355963410903,0.021478115960615836,0.8744902803378073,0.42642355225,0.015327700125173907,1.530988459664169,0.401453288404,0.018971847837618676,1.5660654972293218
WellB06_Seq0004/xy18,1,159.30847696630798,102.2642972889366,0.939880736912,0.958249406883,0.6419262755902462,3.5170044071624305,0.2802356151526681,2.56949156397,1.68317761728,0.540246700353,-0.0671696441368,2.93458686141,1.121403463206418,0.697094294649,73.4218260172,1.5357002626281426,-0.09353916442734134,-1.2504378878421352,-1.5114623197828156,-1.4525572555764579,-1.4722304846612468,-1.5861465091189466,-1.155798307669965,-1.4920384810289968,-1.0891718047570766,2.26210817912,2.9455517566,3.32777087624,0.0,0.0,0.0,0.0,0.0,0.0,0.0,0.6551724137931034,0.3620689655172414,0.15517241379310345,0.0,0.0,0.0,0.0,0.0,0.0,0.0,-0.15243406439,-0.0854221856076,0.201127198624,0.0617567725499,-0.0158772637778,-0.0278515180548,0.12630703989,0.0905851740877,-0.111062390064,-0.0307048149165,0.6875,0.625,0.6875,0.625,0.625,0.5625,0.280372368584,0.03904602603108897,1.1579353760727304,0.27401995675,0.0309866827200959,1.1185756772584543,0.249195689046,0.015478170019066201,1.3465120909464374,0.242843277213,0.010422119210783402,1.2622333688439273,0.223434318005,0.003208780728802229,0.9151947312629015,0.217713912522,0.00826483153716455,0.8315107034642423
WellB06_Seq0004/xy18,2,217.49970678626303,83.21658488546612,0.914493789313,0.968235594118,0.3826055037731295,4.484863431588522,0.7789736837660193,3.50805978688,1.75259551392,0.583024054576,-0.48280678657,1.96775802919,0.2192394540450806,0.68042200046,43.838711441,-0.35321624136757945,0.7733701481340236,0.20252809893873458,0.4050639618352996,-0.6309783557983524,-0.6892611375125495,-0.364512876512169,1.1296763236294218,-1.1995912883452315,-0.5939000256522831,3.09610292793,3.31682030737,3.68647717115,4.56334468679,5.07720553019,0.0,0.0,0.0,0.0,0.0,0.9827586206896551,0.8620689655172413,0.5517241379310345,0.15517241379310345,0.05172413793103448,0.0,0.0,0.0,0.0,0.0,0.122491701365,0.0401119021546,-0.105113027279,-0.299625424502,-0.282313215314,-0.181246849778,0.022338118716,0.0765718285729,0.308107141772,0.164495362031,0.375,0.3125,0.4375,0.4375,0.375,0.375,0.132046934196,0.010567821369327247,0.29154963086595265,0.115664591343,0.010632711459580566,0.2779641083418421,0.134809516072,0.011467247989166752,0.27042877380227304,0.116948180803,0.017954004134153705,0.2568432512781633,0.151246734476,0.03304866157309376,0.2731813749699838,0.136795653646,0.048152590904129405,0.25850294448755246
WellB06_Seq0004/xy18,3,107.22639731330676,2.388388578100305,0.702665370363,0.644431661599,0.02227425930502569,2.895564193728067,0.04326661530556005,1.72945802118,1.12818964587,0.847262573395,-0.0940406050944,1.19482999751,1.2544623755724338,0.461138922297,-17.0247295621,1.26333359397755,0.8556270843723635,1.4839440731016973,3.209259265374235,2.4668897760905795,0.482988530807996,0.6796414520953649,-0.04615722534310329,-0.24990198470944858,0.047917557958747636,1.70190098798,2.9908314343,3.1981780711,0.0,0.0,0.0,0.0,0.0,0.0,0.0,0.39655172413793105,0.08620689655172414,0.06896551724137931,0.0,0.0,0.0,0.0,0.0,0.0,0.0,0.485629944822,0.281510400837,0.111644750583,0.255877356388,0.406855909805,0.129309535844,-0.00897948811657,-0.229947713283,-0.192236803474,-0.0373345029286,0.3125,0.25,0.1875,0.25,0.25,0.25,0.932347816018,0.11732342882989855,2.4708314296098206,0.953441006291,0.10522064962385726,2.508037485588148,0.622704426701,0.052385470209614184,1.4534920648716663,0.665200603914,0.04090407162327853,1.8299178174126047,0.625405089029,0.027629365595273767,1.7323340992703098,0.68826188621,0.08671101331246867,1.7876659505921455
WellB06_Seq0004/xy20,0,175.83259039353555,47.17817291926432,0.0479406178067,0.0741321086305,0.2683130175906162,3.6049965325919815,0.22803508501980768,2.83600952248,0.837764238391,0.566671054439,0.179351341264,3.81878157157,1.7244102323451076,-0.186658606923,15.3440449831,4.623750119792395,-1.0334924565949544,-0.9934260874148109,-0.4271310219352791,-1.5406073371225963,0.017639959949161454,-1.1917804057216783,0.6233972507158039,0.49899865626572915,-1.340819258354707,2.4201888535,3.11370050034,3.65553182765,4.20101667762,0.0,0.0,0.0,0.0,0.0,0.0,0.7241379310344828,0.39655172413793105,0.20689655172413793,0.06896551724137931,0.0,0.0,0.0,0.0,0.0,0.0,0.197077941867,0.0755434992571,-0.0150270627535,0.0169949070932,0.0348326311431,0.122041185472,0.070191769934,-0.247363201817,-0.263798398467,-0.136539562624,0.5,0.5,0.4375,0.4375,0.5625,0.5,1.10466654616,0.06742690962735619,2.600041106326241,1.02439643142,0.18271823328226308,2.6384919044095745,1.15298163938,0.08976128341072721,2.57156099732002,1.06404972633,0.03314851139798499,2.5680635220605947,1.05588003078,0.14140857715591484,2.662220884520762,0.971106089338,0.03190155681122272,2.529088019007414
WellB06_Seq0004/xy21,0,83.14223491055094,2.7771388153998156,0.0658054874429,0.0915093953929,0.033402263222628265,1.043103062980824,0.013999999999998635,1.34100378888,0.250564997794,0.517775160953,-0.0543067890809,0.970934562087,1.0050010748045375,-0.170933790487,-12.2755913817,0.23299575709814047,-0.1554487436988432,0.3160201485171945,-0.4319388110281639,0.2861347557080518,1.8795899559667486,-0.8001626896163523,-0.48498390724402274,-1.4196204387033295,-0.7666840947835496,0.0,0.0,0.0,0.0,0.0,0.0,0.0,0.0,0.0,0.0,0.0,0.0,0.0,0.0,0.0,0.0,0.0,0.0,0.0,0.0,0.0134538295573,-0.0643912415858,0.0609382392891,-0.07011689117,-0.0457930316553,-0.00145709750468,-0.164778745944,-0.0535516750319,-0.219190777418,0.0468933028583,0.5,0.5625,0.466666666667,0.333333333333,0.375,0.375,1.45876061303,0.21819898314287925,2.813245627798071,1.47120450116,0.23268666409827468,2.652952920267351,1.17340233675,0.0962636343909518,2.668544749806876,1.13920043502,0.1401651602810883,2.7290608244104844,1.58629531018,0.14898036261051747,2.6958782730761306,1.5854717361,0.027218698112549934,2.7563943476797386
WellB06_Seq0004/xy21,1,90.14858496034876,3.0080558505453254,0.0971435810616,0.143114466688,0.0333677544896395,1.2282361336485577,0.024413111231445205,1.45400943484,0.247954334697,0.552816654927,-0.252172346542,0.81530794502,0.644559112755865,-0.150078155181,-13.3131595764,-0.3002373384817263,-0.045811508106381016,0.9638500758610649,-1.1266558395077004,-0.2632836147796236,0.9123298390256211,-0.6081984492508425,0.4208895651546527,-1.3860231578710602,-1.3016244990830534,1.15896678123,0.0,0.0,0.0,0.0,0.0,0.0,0.0,0.0,0.0,0.017241379310344827,0.0,0.0,0.0,0.0,0.0,0.0,0.0,0.0,0.0,0.053326071251,0.00718021633448,0.0314711975906,0.0108648245095,-0.0962153492589,-0.108295166692,-0.129704103624,-0.108936124857,-0.27386249504,-0.0098075715339,0.5625,0.625,0.5,0.5,0.4375,0.4375,1.28987869022,0.11808333153783843,2.6434732819901203,1.19657331395,0.13755960786730498,2.2950412109305027,1.31276909782,0.30665610610384453,2.6464533598035587,1.40093699331,0.341683094130592,2.389133328786549,1.12575253166,0.0819060615875311,2.338122121218009,1.1444904966,0.0671493632209595,2.401310504500918
WellB06_Seq0004/xy22,0,60.065850705086156,2.180022935659205,0.0337064591704,0.00188087589499,0.03629388263162663,0.507243531254956,0.021540659228520536,0.96880404363,0.175915330496,0.666432906023,0.169272095762,0.407494818922,1.895287458541347,-0.207376553656,-8.6947754829,4.516540935521794,-0.31474542763642077,-1.2538658387492918,-0.5770537343186004,-0.30264081420125155,-0.8932122613986322,-1.0997835797290152,-0.776126900713114,0.6195180176580162,0.5418984740808073,0.0,0.0,0.0,0.0,0.0,0.0,0.0,0.0,0.0,0.0,0.0,0.0,0.0,0.0,0.0,0.0,0.0,0.0,0.0,0.0,0.296229723203,0.0332046885758,-0.0471191509165,-0.183061266897,-0.219898545109,-0.136683321417,0.0358632754782,-0.0325541563899,0.0393235289682,0.273349164171,0.6875,0.6875,0.4375,0.4375,0.5,0.5,0.544451475817,0.012331388793864502,1.3688795669578955,0.519277024697,0.0041683688385888585,1.408955311540954,0.547125853207,0.05184495047939744,1.9465798776669399,0.514619323998,0.07491127595027755,1.8649362371906855,0.456298978154,0.04082485529941928,1.3273056989026264,0.49211760118,0.0007491107162759385,1.306458719285403
WellB06_Seq0004/xy22,1,71.20046279030733,1.273499116607434,0.090125648501,0.108979551684,0.01788610729059472,0.5936328831862407,0.024413111231476867,1.14839456113,0.260164304574,0.600178638349,-0.355718302543,0.342054672755,0.6152505036866983,-0.132902009511,-11.6171978612,-0.360925239209978,0.19494398925737277,-0.862277329487303,-0.20740668476875612,-1.0685907155813401,0.40331099093805234,-0.32509159596744874,-0.9494842602108218,-1.3428260254478088,-0.6870903775795618,0.0,0.0,0.0,0.0,0.0,0.0,0.0,0.0,0.0,0.0,0.0,0.0,0.0,0.0,0.0,0.0,0.0,0.0,0.0,0.0,0.195747049215,0.00688422139543,-0.0393004713138,-0.040364799135,-0.164178703453,-0.0967863106112,-0.101297335393,0.147225169932,-0.0480855494897,-0.166142717855,0.625,0.6875,0.375,0.5,0.5625,0.5625,0.59411971651,0.010218402559944195,1.547962938035775,0.587324695756,0.01692514193463719,1.5706110092924026,0.525050233644,0.03512441500006355,1.6426829507957341,0.52780843997,0.04478294244116374,1.4772304658902564,0.759048402701,0.03683815584153652,1.7482112321678007,0.744261149475,0.020443776252223638,1.7264138101912343
WellB06_Seq0004/xy22,2,86.87020749180212,7.05761999543747,0.422778738409,0.413976571521,0.08124327314520911,1.2727922061358243,0.06324555320341073,1.4011323789,0.553094585539,0.729058048943,-0.163728739871,0.691140031866,1.0682204570264264,0.193510077652,-8.67005195064,2.115593778403256,4.693905523365637,-0.2885055259360838,3.350664618462373,0.11378227324746071,-1.0105552611725246,-1.47040398394932,-1.0195816909483975,-1.2315432444497638,-0.4620499488806553,1.14273458427,0.0,0.0,0.0,0.0,0.0,0.0,0.0,0.0,0.0,0.034482758620689655,0.0,0.0,0.0,0.0,0.0,0.0,0.0,0.0,0.0,0.245078888867,0.0291597978714,-0.103976566968,0.0153517979355,0.0854014060543,0.172720620649,0.107033816542,0.147789737414,-0.0468153404614,-0.00119527119144,0.533333333333,0.533333333333,0.214285714286,0.214285714286,0.4,0.333333333333,0.815640643092,0.055223411898931034,1.9113563676932424,0.799036015027,0.05144260061975305,1.8769026126575186,0.681344241878,0.10922257793720888,1.6164058408026192,0.678176861256,0.10245488679426865,1.468550022116777,0.918783197094,0.0006860857722997272,2.4952161951162357,1.00485686,0.03192354870433058,2.51845263326329
WellB06_Seq0004/xy23,0,59.9189108745314,0.7071067811865476,0.0435903978395,0.0333351805348,0.011801061983039216,0.5560575509782905,0.01999999999998181,0.966434046363,0.127963479863,0.587640481572,-0.283072081191,0.300326096119,0.7112749975748649,-0.187026732263,-10.141088484,-0.07260959706916648,0.4229309067293685,-0.6507737928825725,1.3103159429163442,-0.6372931575846703,-0.7797084562648045,-0.8135871646819153,-1.0891604430191566,-1.1932623388827635,-1.1936080624548897,0.0,0.0,0.0,0.0,0.0,0.0,0.0,0.0,0.0,0.0,0.0,0.0,0.0,0.0,0.0,0.0,0.0,0.0,0.0,0.0,0.217158967712,-0.204848283481,-0.256434544322,-0.0983548102433,0.208576209423,0.405662168106,-0.0515603499526,-0.293205436832,-0.076673762322,-0.0485959401145,0.5,0.428571428571,0.5,0.5,0.533333333333,0.466666666667,0.589139039873,0.011442802323527144,1.7135526580730442,0.575188777415,0.0912247317625701,1.7559667650006132,0.879312308468,0.09989608200304811,1.6446273432810214,0.885693348328,0.20256361608916598,1.685350382792221,0.826059659839,0.002310636104067699,1.5180796190205121,0.790719435988,0.10035689798197496,1.4866388181626649
WellB06_Seq0004/xy24,0,78.62049451033558,3.6055512754641152,0.0337760625785,0.0155889267453,0.04586019584232103,0.8609297300012246,0.020000000000027284,1.2680724921,0.255181799965,0.83003846804,-0.0846521292047,0.656572809612,1.1936981775896018,-0.231621167416,-10.6285271457,1.3075173109100824,0.7856715277376707,2.8117867917294657,-0.48900335601599654,-0.6042682605207226,-1.1844312514517301,-1.6236610337780932,-1.1218622639717504,-0.40406413652151985,-0.3781526954408938,0.0,0.0,0.0,0.0,0.0,0.0,0.0,0.0,0.0,0.0,0.0,0.0,0.0,0.0,0.0,0.0,0.0,0.0,0.0,0.0,0.253974378338,0.305197136937,0.171432993292,0.38847677358,0.236906038739,0.153540616521,-0.00627092516769,0.185900904301,0.0147190081779,0.168744719392,0.4,0.333333333333,0.375,0.375,0.5,0.5,0.555296202146,0.10852687461533608,1.4046740946868095,0.496876058603,0.08571461129971816,1.3970378664839052,0.853241550331,0.003757708587395038,1.4383264169391923,0.815477343065,0.019456104168599917,1.4512055159402406,0.762290675958,0.09496734834408514,1.6930562758525742,0.718978542197,0.11066574392520688,1.5022362297192058
WellB06_Seq0004/xy24,1,188.77306232826066,31.663859524701007,0.259394289184,0.216188279218,0.16773505252375567,5.400148146115997,0.1800000000000182,3.04472681175,1.61950092642,0.928407051435,-0.265729097192,3.7963537606,0.5162839018259782,0.0451235042665,-2.51311417293,-0.8288682603248207,-1.0799560012600558,-0.9364847101995561,-1.017918480599051,-1.2940822008628678,-1.3415477087658263,-1.5563889961780575,-1.024103120740951,-0.8767538010098983,-0.08738025253230353,3.2577970874,4.13986838358,4.83788076211,5.28784120653,5.64211437869,6.32664157763,0.0,0.0,0.0,0.0,0.7931034482758621,0.5172413793103449,0.3620689655172414,0.27586206896551724,0.1896551724137931,0.034482758620689655,0.0,0.0,0.0,0.0,0.73340514152,0.656213464091,0.494973929549,0.328935173168,0.0912105433971,-0.0442673672797,-0.220490262792,-0.356813339657,-0.44346346721,-0.400288637307,0.5625,0.625,0.5,0.5,0.5,0.4375,0.247676373691,0.00047730524970607165,1.1006823764947422,0.222455317983,0.011367952076805878,1.0878824196468124,0.199350592556,0.01228884020480881,0.592588262985718,0.176662599775,0.011793656848080819,0.5912972338045908,0.191997594885,0.0196189534018059,0.5089700389897944,0.171086494846,0.01708132287098555,0.5076790098086672
WellB06_Seq0004/xy24,2,65.27894403422559,3.4084600628434862,0.0183571719285,0.0136578154071,0.05221377449145683,0.7204470834141944,0.050159744815933896,1.0528861941,0.240559924287,0.689594477768,-0.0252228803869,0.420457345362,1.4344928349674164,-0.18279572289,-8.41015815392,2.438092747346639,-0.2972085766111743,-0.49946175723683606,-1.049176134859445,-1.069432452489576,-0.6989857720308508,-1.2387585370946097,-0.6185841292533922,-1.48399977029525,-1.4784427243338096,0.0,0.0,0.0,0.0,0.0,0.0,0.0,0.0,0.0,0.0,0.0,0.0,0.0,0.0,0.0,0.0,0.0,0.0,0.0,0.0,0.135133255355,0.0796035043649,-0.00537754727996,-0.0504352525576,0.280176525334,-0.0875197245876,-0.0376635852323,-0.00563735757714,-0.0279652010942,0.145823565431,0.466666666667,0.466666666667,0.6,0.6,0.533333333333,0.466666666667,0.678076311612,0.0176741953633731,1.3082019866507977,0.658960100184,0.025642178410855282,1.3770633415628686,0.796751647193,0.021661962363146645,1.6916238789492881,0.714820428994,0.17506566704112178,1.6957374649543415,0.888284042165,0.08841190777200439,2.085499531911435,0.817008468073,0.08530492365956213,1.635133473777716
