WellB11_Seq0009/xy03_sliding_s15,0-0,267.7184892389315,38.53154551792594,0.211809917388,0.176859244262,0.14392560494220322,8.761963250322363,0.6161168720299767,11.1549370516,0.271754539408,0.539570026679,0.134684326834,60.2171239251,1.6918355208879001,0.00509629131064,-40.3457708112,2.1495078268741077,-0.3440212743941613,-1.1746765243237673,-0.7252676016241328,-1.3271189765443057,-1.5,-1.4999999999999993,-2.0,-2.0,-2.0,4.55133789915,4.69374198325,5.1359911397,6.67569737799,7.89825521728,8.41041517861,9.83842636427,9.83842636427,9.83842636427,10.0615108209,0.95,0.9,0.75,0.4,0.25,0.2,0.1,0.1,0.1,0.05,0.0804497163957,-0.263641825062,-0.294370695527,0.0190054590082,0.64426330371,0.0802151717303,-0.166644432979,-0.357060912634,-0.0684810786719,0.304957528442,0.272727272727,0.4,0.4,0.333333333333,0.333333333333,0.25,0.93793551397,0.08447316094638928,1.9373353630951695,0.921283793506,0.20719739726974434,1.9481155046707659,1.03011752781,0.29896811495997294,1.419655365106375,0.946532968777,0.3021693185095217,1.6466474525022237,0.794921221849,0.3261377003161149,1.1406164839161521,0.705630902088,0.32293649676656494,1.0029351571056273
WellB11_Seq0009/xy03_sliding_s15,0-1,262.99652066901683,17.952437160452437,0.213937109997,0.146327968269,0.06826112039347364,8.761963250322363,0.6161168720299767,10.9581883612,0.0664067294153,0.517507596661,0.208003246269,58.7085266841,1.8555301602496759,-0.0106398314524,-59.5336558369,2.6837435257467366,-1.0799480192184383,-0.04691493196136065,-0.7111024101816037,-1.0100462471715077,-1.4999999999999998,-1.4999999999999996,-2.0,-2.0,-2.0,4.67010732623,4.81910971184,5.28643241401,6.54840068318,7.50355053519,8.41041517861,9.83842636427,9.83842636427,9.83842636427,10.0615108209,0.95,0.9,0.75,0.45,0.3,0.2,0.1,0.1,0.1,0.05,0.0989986243028,-0.271192561196,-0.279985813876,0.00820438026891,0.690631483821,0.0991412629091,-0.178674525053,-0.317557796029,-0.0274338799142,0.304806083927,0.3,0.444444444444,0.5,0.444444444444,0.333333333333,0.375,0.926118227241,0.08447316094638928,1.9373353630951695,0.939474601975,0.20719739726974434,1.9481155046707659,0.997521495763,0.29896811495997294,1.3978376033860134,1.01965877279,0.3021693185095217,1.6466474525022237,0.732110962546,0.3261377003161149,1.1406164839161521,0.707631012105,0.32293649676656494,1.0029351571056273
WellB11_Seq0009/xy03_sliding_s15,0-2,261.09401930335196,16.374675569305186,0.194121257132,0.146566145556,0.06271562869573155,8.761963250322363,1.395421083401005,10.878917471,0.066603553686,0.529753178533,0.129162171306,58.7081411651,1.730877638743859,-0.0433839920028,-60.5508875876,2.3554571328659772,-0.5653266683116636,-1.092957292425929,-0.6281793438873429,-1.5342442751983758,-1.5,-1.4999999999999996,-2.0,-2.0,-2.0,4.91310224424,4.91310224424,5.36884087735,6.5540573976,7.37518157692,8.04932570835,9.83842636427,9.83842636427,9.83842636427,10.0615108209,0.95,0.95,0.8,0.5,0.35,0.25,0.1,0.1,0.1,0.05,0.0841538047193,-0.285427505224,-0.19956198477,0.0156268124302,0.669399338427,0.0573173903261,-0.231252189833,-0.246064245355,-0.035131871887,0.335915414875,0.4,0.444444444444,0.5,0.555555555556,0.444444444444,0.5,1.00236562903,0.08447316094638928,1.9373353630951695,0.899979652769,0.20719739726974434,1.8922138071647272,1.12815743659,0.29896811495997294,1.9285081606177001,1.10282426308,0.3021693185095217,1.9160954951863896,0.839233734509,0.3261377003161149,1.562531482083385,0.815095295185,0.32293649676656494,1.5888893832493782
WellB11_Seq0009/xy05_sliding_s15,0-0,256.8832489320677,37.182631698146416,0.196307086628,0.255413609467,0.14474525627001586,10.86738165336987,0.47853526515816347,10.7034687055,0.729730545361,0.827888517819,-0.370470219147,33.2875196454,0.36359700655633037,-0.0287728232628,-38.5023213406,-0.8026446571220296,0.5948865225060529,0.014440493418553135,-0.41796874779955884,-0.7005010030185455,-1.5,-1.5,-2.0,-1.9999999999999998,-2.0,4.56258114743,5.0417338371,5.83306306077,6.97064650941,8.13908066578,8.13908066578,9.56164572265,9.56164572265,10.0081054243,10.6722408144,1.0,0.85,0.65,0.45,0.3,0.3,0.15,0.15,0.1,0.05,-0.00331721804049,0.123469425702,-0.136949619016,0.314522230152,-0.350772778462,0.156230868817,-0.227007244335,-0.0440175109486,-0.49846337894,0.119963260921,0.727272727273,0.9,0.7,0.777777777778,0.666666666667,0.625,0.704134553357,0.09171780808982614,1.8758156944372983,0.51722025293,0.004303538380095633,1.9960447328502544,0.623947498652,0.052746965751320755,1.4902992549330638,0.335843738885,0.013223819103777304,0.8004456095187485,0.488765666277,0.031560813013888384,0.8359003509666638,0.269030347319,0.02217033820481585,0.8924286473158033
WellB11_Seq0009/xy05_sliding_s15,0-1,269.0517866273071,44.6319493188456,0.297446759614,0.324023668639,0.16588609158975842,10.86738165336987,0.47853526515816347,11.2104911095,0.751570971054,0.671047667099,-0.38220813213,37.8205302569,0.2610114988720379,0.0822414258028,-34.6381935205,-1.0336705207929167,-1.4067678826715937,-1.2281017985257117,-1.2005389146249466,-1.0648254495831329,-1.4999999999999998,-1.5000000000000004,-2.0,-1.9999999999999998,-2.0,4.3464513943,4.78746353931,5.75602298813,6.99728433152,8.41538801244,8.41538801244,9.56164572265,9.56164572265,10.0081054243,10.6722408144,1.0,0.85,0.6,0.4,0.25,0.25,0.15,0.15,0.1,0.05,-0.041540178556,0.109849096089,-0.153675932594,0.236079342468,-0.463454106917,0.290682344347,-0.114298798231,0.0403302592559,-0.439022878743,0.273337192766,0.636363636364,0.8,0.6,0.777777777778,0.666666666667,0.5,0.56959066145,0.09171780808982614,1.810332900822603,0.35917025923,0.004303538380095633,0.8792789171502485,0.500026568446,0.052746965751320755,0.8745425470437537,0.313012067536,0.013223819103777304,0.8004456095187485,0.405619633141,0.031560813013888384,0.7067168152881518,0.175401714706,0.02217033820481585,0.5601963999747063
WellB11_Seq0009/xy05_sliding_s15,0-2,283.7100890690071,47.75638596041378,0.327526759489,0.38535443787,0.16832812014943166,10.86738165336987,0.4210700654285275,11.8212537112,0.794048662002,0.603339710708,-0.39774654419,42.3669832714,0.1665770898876109,0.127655577436,-35.8325006528,-1.1106103951604231,0.6444459577909702,-0.835199189029225,-0.12983104432517933,-1.3992624727593972,-1.4999999999999998,-1.4999999999999991,-2.0,-2.0,-2.0,4.26323297931,4.89705352733,6.00347746605,6.99728433152,8.41538801244,8.41538801244,9.56164572265,9.56164572265,10.0081054243,10.6722408144,1.0,0.8,0.55,0.4,0.25,0.25,0.15,0.15,0.1,0.05,0.049493813303,0.120234842733,-0.104063655305,0.0719920630003,-0.512144527567,0.113147093765,-0.00686836249064,0.11613802126,-0.313297391203,0.2846908693,0.636363636364,0.9,0.7,0.777777777778,0.666666666667,0.625,0.427121403061,0.09171780808982614,0.7462166286356452,0.319521403912,0.004303538380095633,0.8792789171502485,0.439761042747,0.0020447545923238616,0.8745425470437537,0.234664681437,0.013223819103777304,0.8004456095187485,0.348375097622,0.031560813013888384,0.6489785722133263,0.189016053422,0.02217033820481585,0.5601963999747063
WellB11_Seq0009/xy07_sliding_s15,0-0,322.1283934802441,235.54978242401324,0.678992541054,0.896663313609,0.7312294947960225,13.912311094854072,6.440124222404418,13.422016395,1.78182805699,0.67701783357,-0.560402029395,15.6853401431,-0.11817529853068863,0.428799955752,140.641794323,-0.7935975171498142,-0.5350518302089342,-1.040843986177962,-0.7569432904398652,-0.6682651395384145,-1.5,-1.500000000000001,-2.0,-2.0,-2.0,11.784281988,11.784281988,11.784281988,11.784281988,11.784281988,11.784281988,11.784281988,11.784281988,11.9665152108,13.1473339585,1.0,1.0,1.0,1.0,1.0,1.0,1.0,1.0,0.95,0.65,0.292994606963,0.0944223360101,-0.197293382803,-0.0758323212765,-0.283276234411,-0.268778707335,-0.305359159639,-0.205004052305,-0.0786353143041,0.0461214314965,1.0,1.0,1.0,1.0,1.0,1.0,0.359293033221,0.026052337259274274,0.6185532164062707,0.392318167654,0.14263002182565673,0.5673457236334676,0.42191837626,0.07117020831311839,0.6668772075507219,0.455543052069,0.22017568217390232,0.6156697147779189,0.492469455405,0.20107543691919003,0.6585576434116892,0.520635175588,0.32847746669546446,0.6484843589690579
WellB11_Seq0009/xy07_sliding_s15,0-1,304.11793396199295,220.5784440964256,0.716559053104,0.901039053254,0.7253056116183939,13.912311094854072,6.216912416947821,12.6715805817,1.80180028452,0.700215206185,-0.561876346998,15.5716855677,-0.134469916889803,0.508195001567,130.976838519,-0.7619176234690057,-0.936152193430102,0.591905790189839,-1.7052503116288553,-0.9024798241640086,-1.4999999999999998,-1.500000000000001,-2.0,-1.9999999999999998,-2.0,11.5450543491,11.5450543491,11.5450543491,11.5450543491,11.5450543491,11.5450543491,11.5450543491,11.5450543491,11.8864386559,13.1256206885,1.0,1.0,1.0,1.0,1.0,1.0,1.0,1.0,0.9,0.6,0.310767551369,0.0893579714865,-0.165173358074,-0.0723040209902,-0.26437665323,-0.369215596778,-0.371306862565,-0.288462784572,-0.0435325212823,0.0376986650327,1.0,1.0,1.0,1.0,1.0,1.0,0.367052032643,0.11140133089620465,0.6185532164062707,0.377387117876,0.14263002182565673,0.5673457236334676,0.43450872568,0.1970737025189383,0.6668772075507219,0.432973402279,0.22017568217390232,0.6156697147779189,0.49421148323,0.21675368735101613,0.6585576434116892,0.481456674747,0.2346958587089637,0.6484843589690579
WellB11_Seq0009/xy07_sliding_s15,0-2,302.5837813456719,210.65908477917606,0.731100515361,0.905425443787,0.6962008467285263,13.912311094854072,5.600357131469404,12.6076575561,1.79659314397,0.693800533195,-0.552841164424,16.2185646454,-0.039328830270440984,0.532700187512,121.509483251,-0.9145127945890441,-0.69067991858204,-1.0041456909229776,-0.3175963734449563,-1.9166948013569738,-1.5000000000000007,-1.499999999999999,-2.0,-2.0,-2.0,11.3632020548,11.3632020548,11.3632020548,11.3632020548,11.3632020548,11.3632020548,11.6110251974,11.6110251974,11.9802522103,13.3832581846,1.0,1.0,1.0,1.0,1.0,1.0,0.95,0.95,0.85,0.55,0.320137560375,0.122554909518,-0.0969835227404,-0.0454448287221,-0.271027309556,-0.38993252868,-0.45974303195,-0.375852555777,-0.103723423686,0.0202773853427,1.0,1.0,1.0,1.0,1.0,1.0,0.363191657286,0.11140133089620465,0.6185532164062707,0.347505715438,0.14263002182565673,0.5673457236334676,0.418134476335,0.18830850189936732,0.6668772075507219,0.392224655554,0.22017568217390232,0.6156697147779189,0.473311252403,0.21675368735101613,0.6585576434116892,0.441885072228,0.2346958587089637,0.6484843589690579
WellB11_Seq0009/xy07_sliding_s15,1-0,545.6557656161935,311.31310605241134,0.157390376563,0.185562130178,0.5705302237590293,30.217617377946926,5.517136938666653,22.7356569007,1.52690333883,0.649573363306,-0.203457151076,150.207349088,1.0858211870359782,-0.0641236327406,150.54773436,1.0779850130631141,1.9893254743775826,-1.0769674122534774,-0.7672000379038519,-0.7760560352807797,-1.4999999999999996,-1.4999999999999973,-2.0,-1.9999999999999998,-2.0,18.9466341622,18.9466341622,18.9466341622,18.9466341622,18.9466341622,18.9466341622,18.9466341622,18.9466341622,19.5088286975,20.0712820502,1.0,1.0,1.0,1.0,1.0,1.0,1.0,1.0,0.95,0.9,0.330731371502,-0.151833479116,-0.0374165955654,0.012449304123,-0.126574753376,-0.343975122639,-0.417248050726,-0.162803494109,-0.218950577841,-0.166503727342,0.272727272727,0.2,0.3,0.222222222222,0.333333333333,0.25,0.85153492759,0.4436024931060752,2.1595863031570146,0.644102014121,0.38055784936856163,2.000834458802792,0.89731443605,0.4660169869647372,2.0398648700681656,0.684107308619,0.4430415706746941,1.8957903973495522,0.936038724193,0.511127478717333,1.9420032252947015,0.716125874483,0.4746207653813204,1.8459854730401215
WellB11_Seq0009/xy07_sliding_s15,1-1,524.8656633776965,262.03047532682143,0.112929170049,0.109408284024,0.4992334107751734,21.723250217221185,5.517136938666653,21.8694026407,1.55222814781,0.749032867912,-0.29538421871,111.890782281,0.8827055437297129,-0.120655270284,107.390446249,1.4032701373643137,-0.8205184631238116,-1.2643863171605345,-1.310192276292104,-1.7866787476380817,-1.5000000000000009,-1.4999999999999982,-2.0,-2.0,-2.0,18.1389351083,18.1389351083,18.1389351083,18.1389351083,18.1389351083,18.1389351083,18.1389351083,18.1389351083,18.6586191671,19.173838657,1.0,1.0,1.0,1.0,1.0,1.0,1.0,1.0,0.95,0.9,-0.0307291812809,-0.0526743765595,0.0516047821682,0.187519165356,-0.161426401388,-0.31180699276,-0.221807965213,0.00635482315333,-0.35912863465,-0.110079536831,0.181818181818,0.1,0.2,0.111111111111,0.222222222222,0.125,0.713351725587,0.4436024931060752,2.013064223743649,0.509770722534,0.38055784936856163,0.8249505405231453,0.757163338069,0.4660169869647372,1.9080201622904092,0.545507247135,0.4430415706746941,0.784627407674308,0.789839305572,0.511127478717333,1.8582152379809784,0.560781820531,0.4746207653813204,0.6512318336050299
WellB11_Seq0009/xy07_sliding_s15,1-2,491.1249180181109,254.18302461022057,0.0374497492785,0.0299556213018,0.5175526944060436,20.556935569291443,5.517136938666653,20.4635382508,1.60667795766,0.866060185765,-0.496394602368,65.6321027897,-0.14294958874933808,-0.164003742225,109.483957968,-0.9576409449473906,-0.9572773285248477,-0.5582916001100466,-1.3952255996650627,-1.2622477436701034,-1.499999999999999,-1.4999999999999993,-2.0,-2.0,-2.0,17.8268772062,17.8268772062,17.8268772062,17.8268772062,17.8268772062,17.8268772062,17.8268772062,17.8268772062,18.3301371649,18.8271076548,1.0,1.0,1.0,1.0,1.0,1.0,1.0,1.0,0.95,0.9,0.202330469886,0.0459482738913,0.349099766057,0.363962126421,-0.139624463571,-0.0360213733262,0.0390932766025,-0.1775212654,-0.564467725967,-0.269711859361,0.0909090909091,0.0,0.1,0.0,0.111111111111,0.0,0.592494315575,0.4436024931060752,1.2705748359302247,0.494137495676,0.38055784936856163,0.6686182719413362,0.635905207945,0.4660169869647372,1.2302517030813878,0.537591904379,0.4430415706746941,0.7133893228693939,0.660611642017,0.511127478717333,1.0968561290121097,0.567528118796,0.4746207653813204,0.7052022197224467
WellB11_Seq0009/xy08_sliding_s15,0-0,253.66143774942353,30.312495773195554,0.0664668406729,0.0202514792899,0.11949981850666398,12.720626556895692,0.6080822312812564,10.5692265729,0.201290228594,0.64876158843,2.08058224613,147.008247217,3.1762172913273563,-0.172699161214,-44.4232220427,10.321973643333703,3.56861539111311,1.4775365352667391,-0.2554614493097125,-1.5018313261509677,-1.5000000000000002,-1.5,-2.0,-2.0,-2.0,5.83353947066,6.10800297293,6.10800297293,7.62133397768,8.43560741182,10.2107227462,10.2107227462,10.2107227462,11.3743305884,11.3743305884,0.85,0.8,0.8,0.5,0.4,0.25,0.25,0.25,0.15,0.15,0.249147507563,-0.14675958728,-0.0139125121143,-0.0312023039234,-0.0387582379682,-0.0581976926059,-0.00177288522715,0.18917704498,0.284766546711,-0.224679856151,0.454545454545,0.5,0.5,0.444444444444,0.777777777778,0.75,1.43492335527,0.451688000687913,2.5226855723719623,1.44562501506,0.5250716851383245,2.510986734782571,1.452915879,0.4936285535616091,2.5881074861851303,1.38549725193,0.5086672078788406,2.5764086485957396,1.53065329956,0.4269468143382478,2.3389726929223853,1.45305009179,0.44198546865547866,2.3272738553329946
WellB11_Seq0009/xy08_sliding_s15,0-1,258.69903046539383,31.56745475960963,0.0778803255412,0.042499408284,0.1220238618707634,12.720626556895692,0.6080822312812564,10.7791262694,0.228045135984,0.64428849277,2.04214241192,145.677714805,3.1909910185895303,-0.124984603231,-44.6524780439,10.416422885506849,2.2838330529497126,-1.2032073423080079,-0.9998375069446102,-1.190816137899698,-1.5000000000000002,-1.5,-2.0,-2.0,-2.0,6.22389919248,6.50518011943,6.50518011943,8.0975776582,8.92720819533,10.6522713658,10.6522713658,10.6522713658,11.7457515572,11.7457515572,0.9,0.85,0.85,0.55,0.45,0.3,0.3,0.3,0.2,0.2,0.246732958083,-0.144060415441,-0.0108151301191,-0.110203281073,-0.07819970719,-0.0613349232242,-0.0231786930076,0.177765718686,0.269805449584,-0.18454437066,0.545454545455,0.5,0.5,0.555555555556,0.777777777778,0.875,1.47548798747,0.451688000687913,2.5226855723719623,1.40798576109,0.5250716851383245,2.510986734782571,1.53278028916,0.4936285535616091,2.5881074861851303,1.45344905975,0.5086672078788406,2.5764086485957396,1.61552115087,0.4269468143382478,2.5878646174949638,1.65629698083,0.44198546865547866,2.514480933044552
WellB11_Seq0009/xy08_sliding_s15,0-2,256.0532347062194,31.665138559621077,0.0826500408212,0.0518437869822,0.12366623134424298,12.720626556895692,1.2207227367424482,10.6688847794,0.270705010417,0.63680821669,2.11421063915,148.975266962,3.1406981547349213,-0.141335867984,-43.7752691927,10.144238399336826,3.568547465021598,1.5439994682271339,-0.5809318345764312,-0.6729988916185721,-1.4999999999999996,-1.4999999999999996,-2.0,-2.0,-2.0,6.00135355126,6.50518011943,6.50518011943,8.0975776582,8.92720819533,10.6522713658,10.6522713658,10.6522713658,11.7457515572,11.7457515572,0.95,0.85,0.85,0.55,0.45,0.3,0.3,0.3,0.2,0.2,0.250020876259,-0.139530352867,0.0028623536702,-0.106397584495,-0.247654942089,-0.120119377992,-0.0125078557623,0.165277300059,0.296579382349,-0.171569180143,0.454545454545,0.5,0.6,0.666666666667,0.888888888889,0.875,1.5115208417,0.451688000687913,2.5226855723719623,1.49287243978,0.5250716851383245,2.510986734782571,1.58378182895,0.4936285535616091,2.5881074861851303,1.51352245767,0.5086672078788406,2.5764086485957396,1.7655711111,0.4269468143382478,2.5878646174949638,1.63158094254,0.44198546865547866,2.514480933044552
WellB11_Seq0009/xy08_sliding_s15,1-0,194.28410771956987,98.16970000972809,0.940156317265,0.840747928994,0.505289398922049,11.476724271324077,0.5403702434442501,8.09517115498,1.45125447303,0.64229555894,-0.0254169430845,30.8056477629,1.1797095978476395,0.697532048639,40.9281958242,1.2790567117934124,0.7760378765841658,-1.168200577629015,-0.23896736682959352,-0.7151341633752533,-1.5000000000000007,-1.5,-2.0,-2.0,-1.9999999999999998,5.65271467913,5.87442512837,6.79335463162,8.18303862405,9.15346697808,10.402030931,10.402030931,11.0487397991,11.0487397991,11.541288214,0.95,0.9,0.7,0.5,0.4,0.3,0.3,0.25,0.25,0.2,0.186350338727,-0.0328604738733,0.083884438488,-0.178492063532,-0.150483877825,0.0386429859337,-0.172992474826,-0.549065160458,-0.173367389264,0.410428200981,0.818181818182,0.9,0.9,0.888888888889,1.0,0.875,0.403219221062,0.01015273270072939,1.6928641256361674,0.463399240252,0.007630345346665165,1.7063923685878881,0.343534268148,0.012058966758583737,1.1593343230569209,0.376770827071,0.024956974932643615,1.1587715544329398,0.297009817621,0.013032752493963195,0.9518342885655154,0.325868259166,0.04074565061587753,0.9653625315172359
WellB11_Seq0009/xy08_sliding_s15,1-1,190.56174446914508,93.9002129923037,0.935754923007,0.840747928994,0.49275479322402826,11.476724271324077,0.5403702434442501,7.94007268621,1.43879671091,0.630337074434,-0.0477461144544,29.086122614,1.268033212706253,0.698928384911,37.7554205969,1.519594125582839,0.1314656583920022,0.5020749924793897,-1.3371309706845913,-0.6780152834856712,-1.5,-1.5000000000000009,-2.0,-2.0,-1.9999999999999998,5.70414557372,5.92871329488,6.56224699926,8.18303862405,9.15346697808,10.402030931,10.402030931,11.0487397991,11.0487397991,11.541288214,0.95,0.9,0.75,0.5,0.4,0.3,0.3,0.25,0.25,0.2,0.14453357968,-0.124354644894,0.0440060962305,-0.222680162031,-0.235314814564,0.0251724785105,-0.228016900469,-0.321888312907,-0.132561302951,0.520478145633,0.818181818182,0.9,1.0,0.888888888889,1.0,0.875,0.431413528956,0.01015273270072939,1.6928641256361674,0.493852918885,0.007630345346665165,1.7063923685878881,0.361928396536,0.012058966758583737,1.1593343230569209,0.40994236153,0.024956974932643615,1.1587715544329398,0.353133907961,0.013032752493963195,0.9518342885655154,0.390203365724,0.04074565061587753,0.9653625315172359
WellB11_Seq0009/xy08_sliding_s15,1-2,196.39049254546524,87.54935750763677,0.931076575511,0.809619232249,0.44579223959820113,11.476724271324077,1.8085353189805224,8.18293718939,1.41169764584,0.688995907053,-0.080133431304,27.738426773,1.3028164929212738,0.686092423897,29.6872537412,1.7133301952859386,0.9817096517513888,0.7647891609478008,-0.08584481923338227,-0.7709177267688498,-1.5000000000000002,-1.5000000000000007,-2.0,-2.0,-2.0,5.92871329488,5.92871329488,6.56224699926,8.18303862405,9.15346697808,10.402030931,10.402030931,11.0487397991,11.0487397991,11.541288214,0.9,0.9,0.75,0.5,0.4,0.3,0.3,0.25,0.25,0.2,0.103344414127,-0.158718963704,0.000537065549175,-0.273632312666,-0.274727422833,-0.0450525678886,-0.0238220639209,-0.248837496831,-0.102196551077,0.573513766789,0.818181818182,0.8,1.0,0.888888888889,1.0,0.875,0.455661054216,0.01015273270072939,1.6928641256361674,0.517723656927,0.007630345346665165,1.7063923685878881,0.396342973547,0.012058966758583737,1.1593343230569209,0.441298587821,0.024956974932643615,1.1587715544329398,0.422395905305,0.013032752493963195,0.9518342885655154,0.49968949418,0.04074565061587753,0.9653625315172359
WellB11_Seq0009/xy11_sliding_s15,0-0,242.87656495450176,162.60519671892428,0.939109807977,0.943886982249,0.669497268085067,10.776307345282959,1.683448840921498,10.1198568731,1.74519516684,0.799116825013,-0.259735688569,34.1121560988,0.8508810744340373,0.716174511596,91.0470025228,0.267313497387633,-0.8582089675447437,-0.7741955850884819,-0.7883954473801942,-1.0997009660046622,-1.500000000000001,-1.5000000000000004,-1.9999999999999998,-2.0,-2.0,7.48188237809,7.48188237809,7.75812389631,8.2586899035,9.07542702014,9.37350720621,10.2767686817,10.2767686817,10.51476637,11.4927029823,1.0,1.0,0.95,0.85,0.7,0.65,0.5,0.5,0.45,0.25,0.175249265966,0.0994511564982,0.219513399451,0.357981858925,0.283874336291,0.0241082489829,-0.162890720508,-0.0180164604891,-0.0052563560069,-0.179329630631,0.363636363636,0.2,0.3,0.333333333333,0.222222222222,0.25,0.290254452216,0.1718996027530553,0.4828914055060595,0.282252149686,0.0506305750535369,0.45027068293286715,0.279459802054,0.15742947362650223,0.3726152688378087,0.255895628287,0.2141302877058573,0.3058892319348344,0.246207745058,0.07230545671156767,0.37806857439055813,0.206835833474,0.015604642632209918,0.3085787045658036
WellB11_Seq0009/xy11_sliding_s15,0-1,245.6069213717486,167.77285239275156,0.936364755483,0.943886982249,0.6830949692122559,10.776307345282959,1.683448840921498,10.2336217238,1.73816267018,0.732481261816,-0.273331535157,33.2735820178,0.8477803736534023,0.678263005926,95.4102192226,0.34234818668382205,-0.37263096600440093,-0.7982751222460656,-0.8382150257674881,-1.4508725356537422,-1.4999999999999993,-1.4999999999999998,-2.0,-2.0,-2.0,7.44356325427,7.44356325427,7.7177879765,8.21360858136,9.07542702014,9.37350720621,10.2767686817,10.2767686817,10.51476637,11.4927029823,1.0,1.0,0.95,0.85,0.7,0.65,0.5,0.5,0.45,0.25,0.297749439374,0.125536138134,0.252348708977,0.392978069569,0.414085809097,0.0949115774528,-0.150405849924,-0.0216605209018,-0.00292025396882,-0.128027499399,0.363636363636,0.2,0.3,0.333333333333,0.222222222222,0.25,0.271174210891,0.027945024127613443,0.4828914055060595,0.254950505489,0.0506305750535369,0.45027068293286715,0.268545475396,0.15742947362650223,0.3726152688378087,0.251450451873,0.2141302877058573,0.3058892319348344,0.233915049936,0.07230545671156767,0.37806857439055813,0.191193176765,0.015604642632209918,0.3085787045658036
WellB11_Seq0009/xy11_sliding_s15,0-2,248.9603871082361,176.32067377366724,0.923482659663,0.936428402367,0.7082278262083976,10.776307345282959,1.683448840921498,10.3733494628,1.72294835781,0.735819478864,-0.349775009317,23.6495712315,0.6797677598609375,0.711911413243,102.970016286,0.3689055953016407,-0.7878744867730383,-0.42307224615732775,-1.7361990025988938,-1.6542730276886919,-1.5000000000000004,-1.5,-2.0,-2.0,-2.0,7.4048035907,7.4048035907,7.67698833064,8.16800897716,9.02005607218,9.61151423977,10.2767686817,10.2767686817,10.51476637,11.4927029823,1.0,1.0,0.95,0.85,0.7,0.6,0.5,0.5,0.45,0.25,0.230626697022,0.176203164666,0.335514672237,0.129734850599,0.415948575358,0.049961038168,-0.127305596905,0.0152568657279,-0.216344216747,-0.203711943338,0.363636363636,0.2,0.3,0.333333333333,0.222222222222,0.25,0.276014696222,0.027945024127613443,0.4828914055060595,0.247919131996,0.0506305750535369,0.45027068293286715,0.258137002352,0.15742947362650223,0.3726152688378087,0.230987903893,0.0854491193720056,0.3058892319348344,0.205969047103,0.018711566381024287,0.37806857439055813,0.18185681726,0.015604642632209918,0.3085787045658036
WellB11_Seq0009/xy13_sliding_s15,0-0,684.9647392381255,550.8801500326545,0.73326963471,0.843571597633,0.8042459976047657,33.641308238533185,10.182870715078328,28.5401974683,1.78546755158,1.01897340579,-0.476999029405,144.969467423,0.17995857360868991,0.484549715204,349.070478371,-0.8183357773736728,-1.2470004834302384,-1.2862106044904449,-1.285977224311148,-1.0565368200835068,-1.5,-1.5000000000000004,-2.0,-2.0,-2.0,27.8425243433,27.8425243433,27.8425243433,27.8425243433,27.8425243433,27.8425243433,27.8425243433,27.8425243433,27.8425243433,27.8425243433,1.0,1.0,1.0,1.0,1.0,1.0,1.0,1.0,1.0,1.0,0.603034098351,0.621851971164,0.64532865209,0.559477978137,0.259063336674,0.240994395218,0.170807877222,-0.212832042036,-0.450401931268,-0.357093508885,0.454545454545,0.4,0.3,0.333333333333,0.222222222222,0.375,0.43980356108,0.0337897970055051,0.8820881012868579,0.439854984953,0.1296195932970761,0.7658591708346631,0.394092876321,0.030498953810919414,0.6225923770784416,0.383092708065,0.01760255967527947,0.5894927243342127,0.364510585583,0.10987948408699902,0.6057340375319746,0.349860583618,0.06177797060080165,0.5526771258989321
WellB11_Seq0009/xy13_sliding_s15,0-1,677.4750352457636,539.6809080373328,0.770810948064,0.895207100592,0.796606339658783,33.641308238533185,10.182870715078328,28.2281264686,1.77518688681,1.07045972799,-0.452290654136,153.84880184,0.27831262645464866,0.530084626377,340.077911576,-0.9195716337209183,-1.479067272893627,-1.68454939808876,-1.6489395661280066,-1.734272906457421,-1.4999999999999991,-1.5,-2.0,-2.0,-2.0,26.8174945646,26.8174945646,26.8174945646,26.8174945646,26.8174945646,26.8174945646,26.8174945646,26.8174945646,26.8174945646,26.8174945646,1.0,1.0,1.0,1.0,1.0,1.0,1.0,1.0,1.0,1.0,0.622227549346,0.64231661183,0.617008528106,0.632967491902,0.269447957815,0.266726375581,0.199284974028,-0.0924008760414,-0.383689644954,-0.416094170666,0.454545454545,0.5,0.4,0.444444444444,0.333333333333,0.5,0.525873983877,0.0815180798108805,0.9805644477701846,0.4813085818,0.1296195932970761,0.8764599446310535,0.458095721637,0.030498953810919414,0.7828543412711385,0.398766636523,0.01760255967527947,0.6666254108189439,0.393985869056,0.10987948408699902,0.6057340375319746,0.330412881477,0.06177797060080165,0.5526771258989321
WellB11_Seq0009/xy13_sliding_s15,0-2,666.4396064358792,546.6066089977325,0.811468646164,0.936428402367,0.8201892620412914,33.641308238533185,10.182870715078328,27.7683169348,1.77236131075,1.10558887232,-0.432207175477,151.958900949,0.4281149211220177,0.609529204003,350.25495693,-0.7978883403244739,-1.4078611391620728,-1.3877011891421158,-1.7364507667767795,-1.7669617700502034,-1.5000000000000002,-1.4999999999999998,-2.0,-1.9999999999999996,-2.0,25.8311017289,25.8311017289,25.8311017289,25.8311017289,25.8311017289,25.8311017289,25.8311017289,25.8311017289,25.8311017289,25.8311017289,1.0,1.0,1.0,1.0,1.0,1.0,1.0,1.0,1.0,1.0,0.650859638777,0.613816592846,0.634237676695,0.600874842589,0.265732467832,0.196596803242,0.217294024609,-0.0870287806064,-0.389751318286,-0.389171217381,0.545454545455,0.6,0.5,0.555555555556,0.444444444444,0.625,0.568886666178,0.0815180798108805,0.9805644477701846,0.510408952412,0.1296195932970761,0.8764599446310535,0.500842907201,0.030498953810919414,0.9616061265684035,0.430762876299,0.01760255967527947,0.8575016234292725,0.423335866734,0.10987948408699902,0.7898203431623805,0.345527167328,0.06177797060080165,0.6735914127101856
WellB11_Seq0009/xy14_sliding_s15,0-0,369.19717873380785,168.20112068592172,0.068623967416,0.038175147929,0.4555861484716143,26.32562257573408,0.9248653956117081,15.3832157806,1.23404746802,0.792467570959,0.886964039654,157.629250089,2.736996108690276,-0.157678346768,59.4253587369,8.052702467702964,4.691466495047224,-0.6870884464257943,-1.108882070802896,-0.7712914661808523,-1.5000000000000002,-1.4999999999999998,-2.0,-2.0,-2.0,8.28491989481,8.28491989481,8.94656171361,9.99220726613,9.99220726613,10.6697913512,11.4133935598,14.7242244405,18.014244325,18.014244325,1.0,1.0,0.9,0.75,0.75,0.65,0.55,0.3,0.2,0.2,0.375857029801,0.117690999857,-0.103538145716,-0.00300126942881,-0.145667496136,-0.217950040518,-0.271704826977,-0.126659561621,-0.0329441716223,-0.081968712826,0.545454545455,0.5,0.5,0.444444444444,0.444444444444,0.375,0.668317100889,0.06033713770256313,1.6104739766551863,0.677756856402,0.06661430278355494,1.4924338543938909,0.592368638037,0.0005744938658096325,1.4201132620733499,0.597365658931,0.004648726858719917,1.4527162370627187,0.499743126005,0.023933539927772276,1.3921288213437641,0.510777278762,0.018959777376768672,1.3873112654320294
WellB11_Seq0009/xy14_sliding_s15,0-1,378.7107608207887,184.6163278261162,0.226627319948,0.000313017751479,0.48748635350628244,26.617153341407498,0.9248653956117081,15.7796150342,1.2595900249,0.760129446921,0.908181634903,156.661496771,2.771754394389873,0.0352859768457,73.0375998742,8.240426473887258,1.6894483354308711,1.4857130613884353,-1.2860081764296145,-1.2979674419539344,-1.5000000000000007,-1.5,-1.9999999999999998,-2.0,-2.0,9.53063094174,9.53063094174,10.3306850991,11.6531553287,11.6531553287,12.0637700598,12.9777352024,16.9329771306,20.4484941141,20.4484941141,1.0,1.0,0.9,0.75,0.75,0.7,0.6,0.35,0.25,0.25,0.383436848145,0.233671005628,-0.0331102757281,0.0175072880254,-0.148029791529,-0.232327614381,-0.266946239477,-0.187311371226,-0.0563799996667,-0.108300021037,0.545454545455,0.4,0.5,0.333333333333,0.444444444444,0.25,0.76383726293,0.06033713770256313,1.6104739766551863,0.810281927732,0.06661430278355494,1.4924338543938909,0.713968675825,0.0005744938658096325,1.5142738554550583,0.749544511107,0.004648726858719917,1.4527162370627187,0.619238163415,0.023933539927772276,1.3921288213437641,0.674299809192,0.018959777376768672,1.3873112654320294
WellB11_Seq0009/xy14_sliding_s15,0-2,400.2946718246767,146.6991700726354,0.355724486458,0.0204710059172,0.3664779483672157,26.617153341407498,0.9248653956117081,16.6789446594,1.20642056769,0.813954034274,0.580697185917,193.896365926,2.1518880421777045,0.133225473008,28.7612213559,4.369185850263435,3.9843642753343858,1.6160781921659497,0.03166804331278161,-0.7486317939411222,-1.4999999999999996,-1.5000000000000002,-2.0,-2.0,-2.0,10.0136679251,10.0136679251,10.8673928584,12.2972046399,12.2972046399,12.7538228932,13.7827968414,18.3130827974,19.9996731186,19.9996731186,1.0,1.0,0.9,0.75,0.75,0.7,0.6,0.35,0.3,0.3,0.355529507871,0.18407580754,0.350224570481,0.166627571409,-0.0802620968296,-0.237269161415,-0.218151400992,-0.173306954079,-0.133209019897,-0.21481952575,0.454545454545,0.3,0.4,0.222222222222,0.333333333333,0.25,0.850021598492,0.15579840734092337,1.6104739766551863,0.881026848502,0.20232873162051584,1.4924338543938909,0.861119997584,0.06195524047082819,1.5142738554550583,0.899813295533,0.004648726858719917,1.500396196255017,0.792302154704,0.023933539927772276,1.6236525807622886,0.85670806707,0.018959777376768672,1.4916596768233796
WellB11_Seq0009/xy16_sliding_s15,0-0,1154.3285478043788,383.0207995657678,0.833894240909,0.829500591716,0.3318126371337715,42.40532424118463,6.426196697892148,48.0970228252,1.24311176159,0.71671681747,-0.355097217788,761.175079757,0.2540180318859012,0.602536916927,42.9234896201,-1.0097900535934632,-1.1668968077999395,-1.0552501998557737,-0.6262798988683507,-1.4713174154835749,-1.5000000000000002,-1.5,-2.0,-2.0,-2.0,29.8088389612,29.8088389612,29.8088389612,29.8088389612,29.8088389612,29.8088389612,29.8088389612,29.8088389612,29.8088389612,29.8088389612,1.0,1.0,1.0,1.0,1.0,1.0,1.0,1.0,1.0,1.0,-0.128621768248,0.197744489218,-0.338611150569,0.129083786068,-0.0886512538142,0.260162694693,-0.293873173521,-0.0987515154858,-0.278557872275,0.443441241518,0.272727272727,0.3,0.3,0.333333333333,0.444444444444,0.5,0.529696430061,0.052273391587865585,2.1472284707296327,0.572049216939,0.09999349281579546,2.2602679391831146,0.445443682784,0.0912933539454369,2.208446726803503,0.466245426193,0.03485600016756845,2.0806474526545102,0.421230620454,0.005631818842056947,2.0811887170476213,0.445096517137,0.06953108295190005,1.953389442898629
WellB11_Seq0009/xy16_sliding_s15,0-1,1183.0841602067305,291.57297542810784,0.762645232395,0.760920710059,0.2464515925706915,42.40532424118463,6.426196697892148,49.2951733419,1.07707752584,0.799936284044,-0.390917496002,773.673500537,0.20270899134229434,0.568784860644,-56.9965380705,-1.1158861546611827,-0.7244085871507924,-1.37822131542701,-0.3635980342869294,-1.0011006152648547,-1.5,-1.5,-2.0,-2.0,-2.0,29.8178032527,29.8178032527,29.8178032527,29.8178032527,29.8178032527,29.8178032527,29.8178032527,29.8178032527,29.8178032527,29.8178032527,1.0,1.0,1.0,1.0,1.0,1.0,1.0,1.0,1.0,1.0,-0.136010881562,0.122823125865,-0.264682661318,0.248851006578,-0.0688095268498,0.175325244218,-0.264084819564,-0.201225657164,0.0356329786005,0.40309980163,0.272727272727,0.3,0.4,0.444444444444,0.444444444444,0.5,0.620817746525,0.1545352303034417,2.1472284707296327,0.614740461649,0.09999349281579546,2.2602679391831146,0.652783438298,0.10774099686617357,2.208446726803503,0.695337034768,0.03485600016756845,2.2777303775463995,0.461556193886,0.005631818842056947,2.0811887170476213,0.485788679073,0.06953108295190005,1.953389442898629
WellB11_Seq0009/xy16_sliding_s15,0-2,1195.1542751467114,283.56126763011906,0.657398084239,0.701728402367,0.23725913342468732,42.40532424118463,6.426196697892148,49.7980947978,0.936672109937,0.551850090961,-0.353742226495,737.42050759,0.3430294200495351,0.436015755055,-68.5644375867,-0.9821312799228599,-1.167987165493638,-1.1648474788551308,-0.725662681680789,-0.6846716852218591,-1.5000000000000007,-1.499999999999998,-2.0,-2.0,-2.0,29.6043162393,29.6043162393,29.6043162393,29.6043162393,29.6043162393,29.6043162393,29.6043162393,29.6043162393,29.6043162393,29.6043162393,1.0,1.0,1.0,1.0,1.0,1.0,1.0,1.0,1.0,1.0,-0.20911815158,0.0774455090661,-0.351265538318,0.222683580624,0.0251540283195,0.209475475411,-0.265855127638,-0.355102809536,0.164429848344,0.371898930111,0.272727272727,0.3,0.4,0.444444444444,0.555555555556,0.625,0.675258801295,0.1545352303034417,2.1472284707296327,0.669396947344,0.09999349281579546,2.2602679391831146,0.733190323733,0.10774099686617357,2.208446726803503,0.744231452147,0.03485600016756845,2.2777303775463995,0.675466808064,0.005631818842056947,2.195168320520177,0.763921697413,0.06953108295190005,2.3082077889736583
WellB11_Seq0009/xy17_sliding_s15,0-0,160.94976837497802,39.05582670998021,0.4155203189,0.356317159763,0.24265848347783026,5.4211161212429575,0.5853170081246329,6.70624034896,1.09120997678,0.794383308758,-0.362100044455,13.1804550435,0.2769573690624247,0.184201380206,-8.36445356017,-0.7896157251551039,-0.9572609748595817,-1.207446895234751,-0.7750700452553785,-1.406228438972567,-1.4999999999999996,-1.5,-2.0,-2.0,-1.9999999999999998,3.12944767057,3.80742240939,4.93675415469,5.14507284562,5.36350429957,0.0,0.0,0.0,0.0,0.0,0.9,0.65,0.35,0.3,0.2,0.0,0.0,0.0,0.0,0.0,-0.0146383517959,-0.209279035086,0.0609632133205,-0.169712736694,-0.0496287668246,-0.00936215409896,-0.158133035481,-0.0791883194722,0.129447648542,0.126082948477,0.272727272727,0.2,0.3,0.222222222222,0.222222222222,0.125,1.19057105222,0.26472579201977897,2.7480110919495875,1.28005161186,0.3059551072550945,2.75862397835563,1.25972289915,0.14732838142121854,2.9372292764499193,1.33324287763,0.15794126782726056,2.845848544842823,1.15703467504,0.14887789049293138,2.7103690368237343,1.26311239217,0.10764857525761685,2.7209819232297767
WellB11_Seq0009/xy17_sliding_s15,0-1,151.38930959367926,33.873818798594314,0.260018233442,0.246168639053,0.22375304365618562,5.4211161212429575,0.5853170081246329,6.30788789974,0.977852335209,0.718680215602,-0.316670412486,12.6199701798,0.454160620828495,0.0317848436442,-10.7296842901,-0.5613990801174671,-1.3605751993724724,-0.12860510130112957,-1.2073898715075932,-1.4760085844429347,-1.5000000000000007,-1.5000000000000002,-2.0,-2.0,-2.0,2.87600851126,3.64678199997,4.8036952934,5.02706595026,5.23963662528,0.0,0.0,0.0,0.0,0.0,0.9,0.6,0.3,0.25,0.15,0.0,0.0,0.0,0.0,0.0,0.028641858883,-0.200809465821,-0.148815212368,-0.0435837997715,-0.048285937406,-0.062829531925,-0.257430860237,-0.115564629673,0.13735657779,0.173576549946,0.181818181818,0.1,0.2,0.111111111111,0.111111111111,0.125,1.22587815449,0.26472579201977897,2.7480110919495875,1.32853401529,0.4560261667266636,2.75862397835563,1.34648239667,0.14732838142121854,2.9372292764499193,1.3963631204,0.15794126782726056,2.845848544842823,1.27517319361,0.14887789049293138,2.7103690368237343,1.44230243995,0.16429993055365408,2.7209819232297767
WellB11_Seq0009/xy17_sliding_s15,0-2,149.1730589822469,28.954833793340928,0.148748321876,0.104378698225,0.1941022996437101,4.2603173590707915,0.5853170081246329,6.21554412426,0.824281429457,0.661363692297,-0.334233113456,12.9640230031,0.3696039924868262,-0.0769919545709,-14.9957001969,-0.7201853224175476,-0.29254132005566813,-1.5696483553972513,-1.777250395304518,-0.8668217280972472,-1.4999999999999998,-1.4999999999999996,-2.0,-2.0,-2.0,2.74848584813,3.45549800527,4.71230652714,4.96867265665,5.22913537558,0.0,0.0,0.0,0.0,0.0,0.9,0.6,0.25,0.2,0.1,0.0,0.0,0.0,0.0,0.0,-0.00260375934182,-0.242894412147,-0.121669082811,0.0524948841283,-0.0807133306062,-0.0425557756305,-0.21962976626,-0.0420145137778,0.209189522807,0.0841812354501,0.0909090909091,0.1,0.1,0.111111111111,0.111111111111,0.125,1.29796979992,0.5306981678633126,2.7480110919495875,1.17841357136,0.4560261667266636,2.413160659242314,1.38270888863,0.14732838142121854,2.9372292764499193,1.4574776456,0.34857872652228816,2.845848544842823,1.39219060238,0.18912730915158737,2.7103690368237343,1.20041545955,0.16429993055365408,1.8860406469876492
WellB11_Seq0009/xy18_sliding_s15,0-0,492.81185425560983,119.07944784890469,0.110127986475,0.0272354751828,0.24163267750280415,20.03846301491208,0.984885780179647,20.5338272607,1.09386062431,0.856758349855,0.0194844320376,322.086635404,0.9789470798707957,-0.130133165924,-26.1166371483,-0.6175153027038038,-1.3018728314145023,-1.2479812310862448,-0.7619950063516145,-1.327569181943959,-1.4999999999999998,-1.4999999999999998,-2.0,-2.0,-2.0,9.78689742241,10.2207807744,11.1358999237,11.1358999237,11.1358999237,11.8320625641,12.6113777649,14.1825763627,15.6446909508,16.520567731,1.0,0.95,0.85,0.85,0.85,0.75,0.65,0.5,0.4,0.35,0.114857584441,-0.0337834898927,-0.172578441325,0.0866085490339,0.353497676391,-0.145462964274,0.036948396293,-0.209191529347,0.101291510733,-0.237077551161,0.0,0.2,0.1,0.222222222222,0.222222222222,0.125,0.397432884723,0.12762817052047756,0.8366491711749818,0.363390345417,0.01267432554814411,0.7598913633019453,0.43425773884,0.04343192704996635,1.3769679961085213,0.369049715971,0.08909068614487348,1.1300053022550252,0.529446048637,0.009486374388385297,1.4043786367487348,0.415982637699,0.001107000833503139,1.1574159428952386
WellB11_Seq0009/xy18_sliding_s15,0-1,495.77860558257964,148.58763104646357,0.0815539114323,0.0140439370457,0.29970561329862383,20.03846301491208,0.984885780179647,20.6574418993,1.13369825699,0.898057349674,-0.0103921049957,312.529158405,0.9622144726568332,-0.11484715159,2.51745855702,-0.6095296825642009,-0.6377589104104842,-1.2116489865079352,-0.6629653098242194,-1.0041346045300663,-1.5,-1.5000000000000027,-2.0,-2.0,-2.0,10.0888256815,10.5385999945,10.9868656716,10.9868656716,10.9868656716,11.6208888655,12.3143710235,13.6617315466,15.6446909508,16.520567731,1.0,0.95,0.9,0.9,0.9,0.8,0.7,0.55,0.4,0.35,0.0820867087744,-0.0359401243125,-0.195972081856,0.0362158225251,0.332584521527,-0.190996116269,-0.0165692397492,-0.270963404588,0.179428740621,-0.095796806075,0.0,0.2,0.1,0.222222222222,0.111111111111,0.0,0.444636227507,0.12762817052047756,0.8366491711749818,0.346488829654,0.01267432554814411,0.6275478750231135,0.442606813362,0.04343192704996635,1.3769679961085213,0.382023579493,0.09451382067601874,1.1300053022550252,0.533459950246,0.009486374388385297,1.4043786367487348,0.43099404469,0.001107000833503139,1.1574159428952386
WellB11_Seq0009/xy18_sliding_s15,0-2,509.0831585148352,138.96208151866466,0.0985300662559,0.0365679166566,0.2729653872739834,20.03846301491208,0.984885780179647,21.2117982715,1.10448743147,0.77396748252,-0.0463962545179,297.227708679,0.9673168877476976,-0.0930901113732,-11.0279824704,-0.5861897194925274,-1.2897689522420708,0.13332347777381726,-1.5008793157477545,-1.0015957974786585,-1.5000000000000004,-1.5,-2.0,-2.0,-2.0,10.0436403436,10.4910364809,10.9366597406,10.9366597406,10.9366597406,11.6208888655,12.3143710235,13.6617315466,15.6446909508,16.520567731,1.0,0.95,0.9,0.9,0.9,0.8,0.7,0.55,0.4,0.35,0.0851476690477,-0.0657126984057,-0.252862543368,0.0119258601419,0.27330240848,-0.25511406216,-0.0839757496601,-0.186437010094,0.349951611636,-0.140838262507,0.0,0.2,0.0,0.111111111111,0.0,0.0,0.457220678208,0.12762817052047756,0.8366491711749818,0.377935479526,0.01267432554814411,0.6275478750231135,0.467813489437,0.04343192704996635,1.3769679961085213,0.392524112158,0.09451382067601874,1.1300053022550252,0.487701104576,0.009486374388385297,1.4043786367487348,0.42106483929,0.001107000833503139,1.1574159428952386
WellB11_Seq0009/xy19_sliding_s15,0-0,682.5451534451365,372.08823214393647,0.387217044288,0.43865147929,0.5451481565224318,27.081065340935176,2.986476854087427,28.4393813935,1.56247350486,0.461477237349,-0.236621201644,243.693295853,1.1574203051862233,0.162735771864,170.991437783,0.8041156968935916,2.227465438536302,-0.9136866004981452,-1.2623841478390918,-1.0482217224077741,-1.4999999999999987,-1.500000000000001,-1.9999999999999998,-2.0,-2.0,17.4614277706,17.4614277706,17.4614277706,17.4614277706,17.4614277706,18.1169942643,18.1169942643,18.7176294666,18.7176294666,18.7176294666,1.0,1.0,1.0,1.0,1.0,0.95,0.95,0.9,0.9,0.9,-0.115993827139,-0.00379244250049,-0.471322452717,-0.115094054693,-0.056180881398,0.0448449603457,0.421625923753,-0.100714281604,-0.170008624731,-0.228064870033,0.545454545455,0.6,0.4,0.444444444444,0.333333333333,0.375,0.60941955243,0.22946382667048265,1.3276458132178235,0.51260349611,0.06933572354884018,1.1301469676108677,0.596263915129,0.07487301147813843,1.3703311492010775,0.491651934788,0.08525509164350067,1.1500373570262266,0.592712605108,0.05000865004444434,1.098701199773877,0.484441033585,0.11011945307719165,0.9315499169663535
WellB11_Seq0009/xy19_sliding_s15,0-1,711.8299190054436,348.302891317313,0.27463787282,0.316189940828,0.4893063385196787,27.081065340935176,2.986476854087427,29.6595799586,1.54173715383,0.402551463937,-0.291217187254,256.108740017,0.9266458826197744,0.0403175170145,138.577990159,0.19425394293389475,0.27324250505403214,-1.5190303968611885,-0.5759661689837343,-0.7108147610910489,-1.4999999999999978,-1.5000000000000009,-1.9999999999999998,-2.0,-1.9999999999999998,17.5770574135,17.5770574135,17.5770574135,17.5770574135,17.5770574135,18.2387096778,18.2387096778,18.8461068476,18.8461068476,18.8461068476,1.0,1.0,1.0,1.0,1.0,0.95,0.95,0.9,0.9,0.9,-0.137495262666,-0.0462725557875,-0.37673868487,-0.235151858834,-0.0157482380064,0.0997937394188,0.552416839024,-0.155183722718,-0.21076114308,-0.181930959639,0.636363636364,0.7,0.5,0.555555555556,0.444444444444,0.5,0.611355950177,0.22946382667048265,1.3276458132178235,0.506987984476,0.06933572354884018,1.1301469676108677,0.579667225725,0.07487301147813843,1.3703311492010775,0.465236443664,0.08525509164350067,1.1500373570262266,0.573929195783,0.05000865004444434,1.098701199773877,0.440033298492,0.11011945307719165,0.8359485855112299
WellB11_Seq0009/xy19_sliding_s15,0-2,719.2038768713651,360.4673277843639,0.148658317529,0.148521301775,0.501203260127637,27.081065340935176,2.986476854087427,29.966828203,1.54081594662,0.455347512585,-0.304253258353,250.092740284,0.921712769100391,-0.0482298541105,148.569853455,0.2542183379483931,2.3382153573594318,-0.9013300122875156,-1.7895578893533053,-0.8844238094341477,-1.5000000000000002,-1.4999999999999993,-1.9999999999999998,-2.0,-2.0,17.9834714123,17.9834714123,17.9834714123,17.9834714123,17.9834714123,18.6665138871,18.6665138871,19.2976779574,19.2976779574,19.2976779574,1.0,1.0,1.0,1.0,1.0,0.95,0.95,0.9,0.9,0.9,-0.174334262616,0.0600890198438,-0.410622010479,-0.195160980486,-0.0541645999186,0.116358996844,0.492713437484,-0.215075531064,-0.134239600165,-0.219962399365,0.727272727273,0.8,0.6,0.666666666667,0.555555555556,0.625,0.593723263866,0.22946382667048265,1.3276458132178235,0.475167431488,0.06933572354884018,1.1301469676108677,0.548287635546,0.07487301147813843,1.3703311492010775,0.419637679117,0.08525509164350067,0.80958313428209,0.525265469543,0.05000865004444434,1.0562423776860805,0.419425703147,0.11011945307719165,0.6710878227483522
WellB11_Seq0009/xy20_sliding_s15,0-0,545.4000248389613,481.9921269066541,0.928693890803,0.993855621302,0.8837405664749842,23.241774889194705,9.841643968362193,22.725001035,1.91346454712,0.686183072682,-0.543923930728,63.119319737,-0.26433397491758237,0.68938540861,321.302103564,-0.7123692175167453,1.1055754050454212,-0.13149454445766828,-0.053437507794451555,-0.8184526065863982,-1.4999999999999998,-1.499999999999998,-2.0,-2.0,-2.0,22.0871939645,22.0871939645,22.0871939645,22.0871939645,22.0871939645,22.0871939645,22.0871939645,22.0871939645,22.0871939645,22.0871939645,1.0,1.0,1.0,1.0,1.0,1.0,1.0,1.0,1.0,1.0,0.0256907441093,-0.122822442926,0.230070990724,0.291062816156,0.272286489571,-0.127726747391,-0.266389919891,0.0668011433787,0.107170530969,-0.534008745651,0.545454545455,0.6,0.6,0.555555555556,0.555555555556,0.625,0.210773389691,0.0024908408473683632,0.5191979811577505,0.190024967063,0.033739169138990596,0.4806540364831,0.178285130524,0.027339239243244537,0.44574660068654076,0.149535781785,0.0025786298962559503,0.42447540848828746,0.134097185903,0.029824633897360994,0.35415658122531696,0.110978428968,0.0046690778285462175,0.3317814065104428
WellB11_Seq0009/xy20_sliding_s15,0-1,532.5280466145697,464.48386204474315,0.920822759241,0.989259763314,0.8722242236772269,23.241774889194705,9.841643968362193,22.1886686089,1.89997236913,0.788280089837,-0.525839085641,69.3464737615,-0.1683004607962741,0.700695784039,307.586281656,-0.97139354418871,-0.35756966668680246,-0.2884662578861441,-0.7817380549105453,-0.8776589475104823,-1.499999999999998,-1.5000000000000009,-2.0,-1.9999999999999998,-2.0,21.6398845454,21.6398845454,21.6398845454,21.6398845454,21.6398845454,21.6398845454,21.6398845454,21.6398845454,21.6398845454,21.6398845454,1.0,1.0,1.0,1.0,1.0,1.0,1.0,1.0,1.0,1.0,0.121217834973,-0.0980562455991,0.223565109767,0.375656128031,0.187397137677,0.0112277676611,-0.103799605107,0.0863516274587,-0.00930212609973,-0.48943552852,0.545454545455,0.6,0.6,0.555555555556,0.555555555556,0.625,0.257712267514,0.0024908408473683632,0.7504029518822616,0.240550292977,0.033739169138990596,0.7007930869163896,0.213897375441,0.027339239243244537,0.5800350046045087,0.194191689849,0.0025786298962559503,0.5414910599298577,0.170136911095,0.029824633897360994,0.5010804652620121,0.158043666545,0.0046690778285462175,0.47980927306375853
WellB11_Seq0009/xy20_sliding_s15,0-2,519.7810102767949,447.9186930682844,0.908642044797,0.9801,0.8617450122499817,23.241774889194705,9.841643968362193,21.6575420949,1.88374695582,0.853662665773,-0.506336154636,74.9321292429,-0.0646461672617771,0.683500208572,294.776744277,-1.1591330874900017,-0.43129631854856987,-0.9093316142544459,-1.638774433963887,-1.2527250762370166,-1.4999999999999991,-1.4999999999999993,-2.0,-2.0,-2.0,21.1790076003,21.1790076003,21.1790076003,21.1790076003,21.1790076003,21.1790076003,21.1790076003,21.1790076003,21.1790076003,21.1790076003,1.0,1.0,1.0,1.0,1.0,1.0,1.0,1.0,1.0,1.0,0.193584903437,-0.00195842105583,0.217806324205,0.350217522134,0.261879372373,-0.0591927973979,0.0375908877213,0.196721920821,-0.023203675198,-0.560637054287,0.545454545455,0.7,0.6,0.666666666667,0.555555555556,0.75,0.326284521527,0.0024908408473683632,0.9333941229103782,0.324711001947,0.035217769049485405,0.8753462588400222,0.281914211856,0.027339239243244537,0.8033157524920557,0.277589035292,0.0025786298962559503,0.753705887526184,0.231143913457,0.029824633897360994,0.6359098946905148,0.232130775569,0.03754447899737035,0.5973659500158639
WellB11_Seq0009/xy25_sliding_s15,0-0,731.0367953041148,625.595702430891,0.817437993434,0.899579289941,0.8557649990389885,36.70215519557397,12.543560738482517,30.459866471,1.85027113477,0.919582714172,-0.461972883574,155.344468898,0.42786902194939763,0.580502158047,410.211921074,-0.2693514195256923,-0.06496652125175917,-0.6910813211165263,-1.6488873878070636,-1.265567607446804,-1.5000000000000002,-1.5,-2.0,-2.0,-2.0,29.4898898016,29.4898898016,29.4898898016,29.4898898016,29.4898898016,29.4898898016,29.4898898016,29.4898898016,29.4898898016,29.4898898016,1.0,1.0,1.0,1.0,1.0,1.0,1.0,1.0,1.0,1.0,0.551542435817,0.0946398833563,-0.0915106892411,-0.317806418178,-0.148231615131,0.0896321336695,0.209989866881,0.131022407975,-0.281418211017,-0.577579574769,0.363636363636,0.4,0.3,0.333333333333,0.222222222222,0.25,0.493137301892,0.003040839840948616,0.8001123839792966,0.447948794121,0.07971618149308406,0.7478574121070893,0.486207016323,0.01066738501057394,0.7920259682442441,0.432752208465,0.07208963632344934,0.7261383837023596,0.484602255887,0.03717815871590379,0.7455597799269006,0.421395992323,0.045578862618134756,0.6933048080546933
WellB11_Seq0009/xy25_sliding_s15,0-1,718.4136182952259,611.7170077740196,0.836541293358,0.899579289941,0.8514830345582896,36.70215519557397,12.543560738482517,29.9339007623,1.84960261796,0.936447811278,-0.444581690522,161.161220525,0.49859803821145604,0.611425926493,400.05236561,-0.3547707678371319,-1.0219151773845687,-1.2240106047952721,-1.1850925716021186,-1.0983479834097738,-1.500000000000002,-1.5000000000000007,-2.0,-2.0,-2.0,29.4358131503,29.4358131503,29.4358131503,29.4358131503,29.4358131503,29.4358131503,29.4358131503,29.4358131503,29.4358131503,29.4358131503,1.0,1.0,1.0,1.0,1.0,1.0,1.0,1.0,1.0,1.0,0.563204903982,0.1532935087,-0.0602919683713,-0.316144368963,-0.0832706992775,0.167038547329,0.270300452513,0.172554303406,-0.278711358001,-0.658369834419,0.454545454545,0.5,0.4,0.444444444444,0.333333333333,0.375,0.482125785994,0.003040839840948616,0.8001123839792966,0.427660144099,0.07971618149308406,0.7478574121070893,0.466401443004,0.01066738501057394,0.7920259682442441,0.404799839961,0.07208963632344934,0.7057979360619753,0.452072448163,0.03717815871590379,0.7455597799269006,0.385601678236,0.045578862618134756,0.6933048080546933
WellB11_Seq0009/xy25_sliding_s15,0-2,701.0185122068488,594.4014435547747,0.85732186327,0.9216,0.8479111937908215,36.70215519557397,12.543560738482517,29.2091046753,1.84923390778,0.94851391423,-0.422690125359,172.026120513,0.5229283070952564,0.635692022299,387.861883672,-0.4879345479636781,-0.21015566694110666,-0.2155010602348475,-0.9830678392901309,-0.7957677515228618,-1.5,-1.5000000000000007,-2.0,-2.0,-2.0,29.0048817467,29.0048817467,29.0048817467,29.0048817467,29.0048817467,29.0048817467,29.0048817467,29.0048817467,29.0048817467,29.0048817467,1.0,1.0,1.0,1.0,1.0,1.0,1.0,1.0,1.0,1.0,0.574863652597,0.188874171906,0.0194859288067,-0.262642356094,-0.088182162947,0.231981140644,0.364629423882,0.251382411093,-0.20404286479,-0.630530413173,0.545454545455,0.6,0.5,0.555555555556,0.444444444444,0.5,0.442660114157,0.003040839840948616,0.8001123839792966,0.388909756015,0.07971618149308406,0.7036757274269237,0.44145993621,0.01066738501057394,0.749910362458344,0.384769630109,0.07208963632344934,0.7057979360619753,0.427214595734,0.03717815871590379,0.7455597799269006,0.358726887999,0.045578862618134756,0.6921632306120967
