WellC08_Seq0013/xy03_sliding_s15,0-0,539.7409840508103,349.8929300514659,0.371674267371,0.28387027555,0.6482608147068698,31.261805961908202,1.548462463219562,22.4892076688,1.6016764977,1.00850296839,-0.227132000898,247.201671419,0.4229479985807,0.158734299517,190.87021759,-0.5518064969449967,-1.1739582967855007,-1.5986346292434246,-1.5052167365610067,-1.6193122742004933,-1.5000000000000004,-1.4999999999999998,-2.0,-2.0,-2.0,16.303124551,18.891020603,19.9240111658,22.3035725488,23.6620632936,25.2094575587,25.2094575587,25.2094575587,25.2094575587,25.2094575587,1.0,0.85,0.8,0.7,0.65,0.6,0.6,0.6,0.6,0.6,0.703525165193,0.555663561063,0.541507425482,0.370756592651,0.163523750946,-0.00484271578072,0.0493398503559,-0.0170817450523,-0.403222163532,-0.557854505229,0.454545454545,0.3,0.4,0.333333333333,0.444444444444,0.625,0.403279674439,0.005424820564298601,1.3386991387481062,0.431485398783,0.012581683324860895,1.562419515291273,0.417772222721,0.06744364524945388,1.3330168066724781,0.42474165696,0.01818279463892616,1.2783126474017186,0.348918137095,0.06588600038307289,1.008533955500533,0.355939501595,0.042199210405164,1.0384295548812208
WellC08_Seq0013/xy03_sliding_s15,0-1,511.6732834824427,323.60001545117393,0.237231414853,0.214879243496,0.6324348483640886,31.261805961908202,0.1726615185847687,21.3197201451,1.54378406341,1.04694839581,-0.160184018439,261.345205474,0.5269691420831545,-0.0158016799409,172.846828575,-0.562475541014698,-1.1448539377272742,-1.7963493773951311,-1.7100550485482255,-1.9413196170170137,-1.5000000000000004,-1.5000000000000002,-1.9999999999999998,-2.0,-2.0,14.9215032903,18.2221302113,19.2793941189,21.7428268318,23.1677963289,24.8109294396,24.8109294396,24.8109294396,24.8109294396,24.8109294396,1.0,0.8,0.75,0.65,0.6,0.55,0.55,0.55,0.55,0.55,0.702705013122,0.559868081648,0.578195163309,0.389533595746,0.22528053785,0.116932205028,0.0628522935951,-0.0552861049638,-0.300866398173,-0.514223231332,0.454545454545,0.3,0.4,0.333333333333,0.444444444444,0.625,0.503459288623,0.005424820564298601,1.3386991387481062,0.559239675942,0.012581683324860895,1.562419515291273,0.52490639001,0.06744364524945388,1.3330168066724781,0.578272318109,0.01818279463892616,1.4639199446923883,0.39748385195,0.06588600038307289,1.008533955500533,0.409560156667,0.042199210405164,1.0384295548812208
WellC08_Seq0013/xy03_sliding_s15,0-2,484.9089300669222,298.5051317816831,0.111808877738,0.135532749282,0.6155900897524952,31.261805961908202,0.1726615185847687,20.2045387528,1.48056875684,1.09478145096,-0.0754998725176,265.615146759,0.681238094706611,-0.143944687379,155.637468153,-0.42799179963203393,-1.0689049727701747,-0.9422131463419796,-1.516451076523308,-1.96707588537031,-1.4999999999999996,-1.5,-2.0,-1.9999999999999998,-2.0,14.1119726755,17.4167665606,18.4920233437,21.0295136535,22.5191791795,24.2617638863,24.2617638863,24.2617638863,24.2617638863,24.2617638863,0.95,0.75,0.7,0.6,0.55,0.5,0.5,0.5,0.5,0.5,0.712444805512,0.586894452908,0.589703318509,0.406060413505,0.281867835394,0.134657853312,0.0193718115979,-0.0760482285681,-0.345760429131,-0.446168315308,0.545454545455,0.3,0.4,0.333333333333,0.444444444444,0.75,0.58244760341,0.005424820564298601,1.3386991387481062,0.615473015319,0.012581683324860895,1.562419515291273,0.669839578428,0.06744364524945388,1.5471748058272874,0.73733793804,0.01818279463892616,1.4958110372856739,0.562217532624,0.06588600038307289,1.6129860482640477,0.566005250058,0.042199210405164,1.3892656717208811
WellC08_Seq0013/xy08_sliding_s15,0-0,208.07258996267797,45.54393483220346,0.114793260228,0.0396006994782,0.21888483649082605,9.915422330894435,0.12000000000002728,8.66969124844,0.712748684442,0.824879996219,1.09885848606,106.783394426,2.009605340953618,-0.108514716174,-15.7600398935,2.873021810956418,0.3093331007539306,-0.907255857135604,-0.4686972200227393,-1.697092246722436,-1.5000000000000002,-1.5000000000000004,-2.0,-2.0,-2.0,4.02656275342,4.75020834566,5.03978539237,5.4831286217,6.33750363233,6.69646873316,7.45399221894,0.0,0.0,0.0,0.65,0.5,0.45,0.35,0.2,0.15,0.05,0.0,0.0,0.0,0.330966429323,0.128420719052,0.143549157678,0.528445062715,0.188669394229,-0.0752001347338,-0.0861927344397,-0.145820835414,-0.125572828593,-0.236570758453,0.545454545455,0.4,0.4,0.333333333333,0.333333333333,0.375,0.773107027028,0.11161026337674908,1.5578043891588487,0.663095612688,0.15083280538986407,1.2847775891307487,0.664960052989,0.03735699693883628,1.5705331796512232,0.6129158229,0.004859929051693601,1.3498535524132955,0.797281594888,0.29559244939334023,1.5334387150954931,0.710889891776,0.11828353262588404,1.421798463327723
WellC08_Seq0013/xy08_sliding_s15,0-1,184.3081308983546,22.601327394646418,0.0206214110358,0.00864417006422,0.12262794530270064,9.915422330894435,0.12000000000002728,7.6795054541,0.553508658161,0.854088910297,1.18112709899,108.50423606,2.045140352973414,-0.193159346934,-31.7009764329,2.945389640422852,-0.5104153452805535,-1.2894447330811936,-1.540764709377517,-1.5130893230426572,-1.5,-1.5000000000000002,-2.0,-2.0,-2.0,3.85430117733,4.60093131002,4.9080458581,5.38136644757,6.41877095428,6.9978522665,7.45399221894,0.0,0.0,0.0,0.6,0.45,0.4,0.3,0.15,0.1,0.05,0.0,0.0,0.0,0.342382413999,0.128745120716,0.151430063591,0.536620570986,0.206719175049,-0.0719734554505,-0.085301506307,-0.129327396939,-0.101488759965,-0.204976560066,0.545454545455,0.4,0.4,0.333333333333,0.444444444444,0.375,0.638227043781,0.07412457344887158,1.0783037885230595,0.556224924545,0.15083280538986407,1.1063237802646422,0.602427683066,0.03735699693883628,1.1496713011281794,0.531517236158,0.004859929051693601,1.177691292869762,0.663454250801,0.29559244939334023,1.2018003631501535,0.570227027663,0.11828353262588404,1.1162709168649882
WellC08_Seq0013/xy08_sliding_s15,0-2,176.8452966641829,30.953513532392574,0.0130795738469,0.000129032822451,0.17503159041414132,9.915422330894435,0.12000000000002728,7.36855402767,0.640956390029,0.85169807833,1.1960722615,109.553434723,2.039511218788715,-0.19894709814,-21.1500316727,2.9194944031488372,0.5748134144403672,-1.142228656700047,-1.600793128555917,-1.6419154462015209,-1.4999999999999996,-1.5000000000000002,-2.0,-2.0,-2.0,3.65963213398,4.75354032738,5.12632967054,5.38136644757,6.41877095428,6.9978522665,7.45399221894,0.0,0.0,0.0,0.6,0.4,0.35,0.3,0.15,0.1,0.05,0.0,0.0,0.0,0.394523697858,0.153030692687,0.168077132891,0.536170530291,0.282295239076,-0.0240219877941,-0.0650968573987,-0.120271269415,-0.0936775723622,-0.185962198346,0.545454545455,0.4,0.4,0.333333333333,0.444444444444,0.375,0.596456869483,0.07412457344887158,1.0783037885230595,0.511033363105,0.15083280538986407,1.0897545767638066,0.526415053554,0.03735699693883628,1.1496713011281794,0.457515458213,0.004859929051693601,0.8739142127965731,0.728739040066,0.29559244939334023,1.7893634665378684,0.625512536359,0.11828353262588404,1.4614202578451647
WellC08_Seq0013/xy10_sliding_s15,0-0,401.3425926632941,74.3951315611445,0.899229224168,0.876384023669,0.18536565249021103,12.075241446861394,0.5893589738011913,16.7226080276,0.848371315957,0.626498580145,-0.0553754523514,210.067589778,0.7919351705628405,0.678637474595,-43.8515637935,-0.7188854846844315,0.7171665539285774,-1.6575358498912518,-0.06740633401806129,-0.8873678003277088,-1.5000000000000002,-1.5000000000000002,-2.0,-2.0,-2.0,5.44208560935,6.20111821369,6.75653290423,8.01856525551,8.86409281843,10.0168223324,10.65029127,11.4811998169,11.4811998169,12.0291679015,0.95,0.8,0.7,0.5,0.4,0.3,0.25,0.2,0.2,0.15,0.304370162857,-0.138605650518,-0.0851003698357,-0.258210116787,-0.489301123747,0.24322994446,0.472467481162,-0.13498475585,0.0320218647841,0.156417309537,0.363636363636,0.4,0.4,0.444444444444,0.333333333333,0.375,0.450325189985,0.007596505344483893,1.701429766832446,0.515876082342,0.028945958964891112,1.8874064120215366,0.370954946727,0.010237082720236941,1.2815015208762315,0.394206453983,0.03040177165925805,1.3131583093241534,0.342916976198,0.01813632126191314,1.3628866423075023,0.356799793042,0.022502533117553358,1.3730449052824736
WellC08_Seq0013/xy10_sliding_s15,0-1,414.99722498681336,87.42975523241498,0.886268274703,0.866331360947,0.2106755177343489,12.075241446861394,0.5893589738011913,17.2915510411,0.814754593629,0.610579111707,0.0176094556046,195.765983505,0.9508234871222065,0.675390060498,-34.8399747517,-0.30156945198347085,-0.16561066994769247,0.15857764918033634,-1.055133845437774,-1.0493562879467735,-1.5,-1.5000000000000004,-2.0,-2.0,-2.0,5.62265291108,6.12255815338,6.63047052317,7.73193179486,8.86409281843,10.0168223324,10.65029127,11.4811998169,11.4811998169,12.0291679015,0.95,0.85,0.75,0.55,0.4,0.3,0.25,0.2,0.2,0.15,0.256302593858,-0.198283036262,-0.132682302981,-0.4249898978,-0.506892025525,0.338328522226,0.576730548184,-0.066855290464,0.130529297333,0.0486531011268,0.363636363636,0.4,0.4,0.444444444444,0.333333333333,0.375,0.506387050297,0.007596505344483893,1.701429766832446,0.582050346792,0.028945958964891112,1.8874064120215366,0.444182133756,0.010237082720236941,1.2815015208762315,0.459472325832,0.03040177165925805,1.3131583093241534,0.368168789252,0.01813632126191314,1.3628866423075023,0.398189839085,0.022502533117553358,1.3730449052824736
WellC08_Seq0013/xy10_sliding_s15,0-2,433.10584644442787,105.28022653851002,0.880084382628,0.866331360947,0.24308197961954459,12.075241446861394,0.5893589738011913,18.0460769352,0.857158791258,0.607143423564,0.0852797857547,242.277790816,1.037625176544455,0.641957508928,-22.3248072083,-0.21019288187626817,0.7596496673177553,-1.5477172232125371,-0.7531347880983099,-0.7931616489643938,-1.5,-1.4999999999999998,-2.0,-1.9999999999999996,-1.9999999999999998,5.8589616434,6.38666791303,6.92979491745,8.14010142342,9.4253260577,10.7651333181,11.5482644528,12.6036662955,12.6036662955,12.6036662955,0.95,0.85,0.75,0.55,0.4,0.3,0.25,0.2,0.2,0.2,0.189383556858,-0.252223141634,-0.230705828474,-0.307709573193,-0.43766862497,0.311146062792,0.69450937447,-0.0921727097767,-0.0758717774005,-0.227136488109,0.363636363636,0.4,0.4,0.444444444444,0.333333333333,0.375,0.506859316076,0.007596505344483893,1.701429766832446,0.556133133375,0.028945958964891112,1.8874064120215366,0.427150038726,0.010237082720236941,1.2815015208762315,0.459305059858,0.03040177165925805,1.3131583093241534,0.37086745681,0.01813632126191314,1.3628866423075023,0.378752798307,0.022502533117553358,1.3730449052824736
WellC08_Seq0013/xy14_sliding_s15,0-0,456.5556488333861,255.0192541750524,0.646879461763,0.66109408284,0.558572114542204,18.867760863441127,2.4083189157584446,19.0231520347,1.59827197949,0.641250017103,0.183590275927,206.908502884,1.5058936039635045,0.424097339153,120.505256142,1.5425275475652125,-0.7891911424169922,-1.1061287715123327,-1.7308620288068015,-1.5798435131515192,-1.5000000000000004,-1.5000000000000002,-1.9999999999999998,-2.0,-2.0,11.7031162802,11.7031162802,12.1638467587,12.6233799838,13.1151999466,13.5896441504,14.655090574,14.655090574,15.6344502454,15.6344502454,1.0,1.0,0.95,0.9,0.85,0.8,0.7,0.7,0.6,0.6,0.111311743392,-0.00360225111636,-0.382638320807,-0.150858780727,-0.00778333660567,0.206336798534,-0.136824151241,0.0556628428651,-0.263943127563,0.0385786479806,0.727272727273,0.7,0.8,0.777777777778,0.888888888889,0.875,0.941118331866,0.10109953108617141,2.658606160152472,0.999361500873,0.20662445287798367,2.658841988146231,0.841665837208,0.3420868248416038,2.6188035964306904,0.855326707715,0.21263583973387692,2.6190394244244493,0.68416837389,0.30940587329362446,2.6555272957946414,0.677326343814,0.33086867355896876,2.6557631237884003
WellC08_Seq0013/xy14_sliding_s15,0-1,426.7566990229939,229.61380620511477,0.632153616134,0.603609467456,0.5380438238715101,18.867760863441127,2.4083189157584446,17.781529126,1.59168952303,0.653043796437,0.21280567545,216.571259132,1.4448389099261585,0.419972139279,103.879407957,1.3802798432370897,-0.33976831639565575,-1.4696709594189097,-1.7146250957125504,-1.550637922908495,-1.5,-1.5000000000000004,-2.0,-1.9999999999999998,-2.0,11.6666104562,11.6666104562,12.1254195755,12.5828179571,13.0722519184,13.5440118704,14.6029393968,14.6029393968,15.5736072054,15.5736072054,1.0,1.0,0.95,0.9,0.85,0.8,0.7,0.7,0.6,0.6,0.14682771198,0.0539759867805,-0.365500427187,-0.317070743701,-0.0382774015593,0.223180882117,-0.0873778971799,0.0766663944815,-0.248457133761,-0.146257359705,0.636363636364,0.6,0.7,0.666666666667,0.777777777778,0.75,1.15591086231,0.2737547907212653,2.658606160152472,1.21689867359,0.2135845432487422,2.658841988146231,1.04747038161,0.379917012067586,2.6188035964306904,1.11160898507,0.2767690262624332,2.6190394244244493,0.926651270637,0.30940587329362446,2.6555272957946414,0.954045198047,0.34546297054796643,2.6557631237884003
WellC08_Seq0013/xy14_sliding_s15,0-2,417.06868485768246,215.11692169608605,0.619143836824,0.543055621302,0.5157829621504454,18.867760863441127,1.601249512099876,17.3778618691,1.57945951163,0.716033587743,0.274884965453,225.671207255,1.4506406101483504,0.393090368495,92.2368819947,1.322825063760007,-0.8376484044994901,-0.7804122879707363,-1.2182741066792784,-1.2388602708218632,-1.5,-1.5,-1.9999999999999998,-2.0,-2.0,11.5986722567,11.5986722567,12.0539056813,12.5073310687,13.5065798009,14.0387456086,14.6029393968,14.6029393968,15.5736072054,15.5736072054,1.0,1.0,0.95,0.9,0.8,0.75,0.7,0.7,0.6,0.6,0.185365735116,0.0879775947436,-0.30270933895,-0.297720730094,-0.176860443641,0.209823059878,-0.0425078800961,0.130947852599,-0.212751001446,-0.151619003151,0.636363636364,0.6,0.6,0.555555555556,0.666666666667,0.625,1.28652440786,0.2737547907212653,2.658606160152472,1.28539035059,0.2523783178974451,2.658841988146231,1.2558884866,0.379917012067586,2.6188035964306904,1.3420996277,0.2767690262624332,2.6190394244244493,1.13790989191,0.30940587329362446,2.6555272957946414,1.22820282821,0.37870075174078627,2.6557631237884003
WellC08_Seq0013/xy16_sliding_s15,0-0,204.6470138396332,138.15082337793007,0.724194054381,0.7921,0.6750688455497753,12.176518385811267,1.7810109488714676,8.52695890998,1.62105409747,0.529159828709,0.943863243726,53.7448815582,2.551767945729616,0.498313620828,77.8561186964,7.457559919204183,2.773827031641053,0.16135495858571014,-0.4325746488771487,-1.207376224981915,-1.5,-1.4999999999999998,-2.0,-2.0,-2.0,6.5360721088,6.77807921729,7.02437353827,7.22542526743,7.87048818462,8.86470606026,9.12710937861,9.9926778567,11.4565380728,12.5861877512,1.0,0.95,0.9,0.85,0.7,0.5,0.45,0.3,0.15,0.1,-0.254571453384,0.198974769564,0.0709198916159,-0.178153320501,0.324261307589,-0.0938335345447,-0.189620006672,0.0204357854154,-0.210718786902,0.0174470465042,0.818181818182,0.9,0.9,0.888888888889,1.0,1.0,0.534878074753,0.02577985220135807,2.620702881474836,0.575017227054,0.07691301062237875,2.62047666603673,0.564679351559,0.019311657528383885,2.5353158445986206,0.62006618174,0.082211025180488,2.5475726122673086,0.402630433786,0.026707482498227724,0.6119843531461109,0.442227928938,0.15848979295383075,0.6088351745565963
WellC08_Seq0013/xy16_sliding_s15,0-1,208.99188035588514,141.60918049335655,0.636287807609,0.704308284024,0.6775822115778618,12.176518385811267,1.7810109488714676,8.70799501483,1.62539451782,0.514629490004,0.765099083807,52.3608753428,2.497631801366835,0.43652066881,80.0343572381,7.295464044759621,0.9417965020764365,-0.8205574709923917,-1.2961850922733358,-1.364368063822182,-1.5,-1.4999999999999991,-2.0,-2.0,-2.0,6.78810247675,7.04337434145,7.30440728043,7.52193158266,7.95443336767,8.88879332118,9.12736503379,9.86939043865,10.8748200372,12.5861877512,1.0,0.95,0.9,0.85,0.75,0.55,0.5,0.35,0.2,0.1,-0.26356708879,0.141514564108,0.0598988897143,-0.229383502325,0.315789937366,-0.146765709897,-0.159705588846,-0.0216405278324,-0.269261123993,0.0342662234525,0.818181818182,0.8,0.8,0.777777777778,0.888888888889,0.875,0.763514794949,0.02577985220135807,2.620702881474836,0.824691048167,0.19472234587911189,2.62047666603673,0.820539658163,0.0310778667594716,2.5779147235658653,0.897341457623,0.2679061535004487,2.5776885081277596,0.676962381063,0.10735663453281448,2.49569500799533,0.735910676777,0.32490857041830523,2.507951775664018
WellC08_Seq0013/xy16_sliding_s15,0-2,208.14183028694777,140.53629424458316,0.562520952513,0.607200591716,0.6751948613637033,12.176518385811267,1.7810109488714676,8.67257626196,1.63569587318,0.506801261822,0.786170105682,54.2545336046,2.3826188966774238,0.312150180165,79.2119193927,6.838422717172934,1.3052608803673422,-0.5675259934369987,-0.9660859441689449,-1.1471882405797265,-1.4999999999999998,-1.4999999999999991,-2.0,-2.0,-2.0,7.02983463783,7.29782924785,7.57299857052,7.57299857052,7.98485236745,8.85148865809,9.06498070018,9.69085880433,10.8748200372,12.5861877512,1.0,0.95,0.9,0.9,0.8,0.6,0.55,0.4,0.2,0.1,-0.309177177508,0.0860583521075,0.0734704008375,-0.227669273241,0.320376945241,-0.126906844765,-0.191744796628,-0.0222100811739,-0.255576463053,0.0125259320946,0.727272727273,0.7,0.7,0.666666666667,0.777777777778,0.75,0.990473181163,0.13888444599547115,2.620702881474836,1.05793423797,0.3130407016625947,2.62047666603673,1.07407194039,0.21206825361680637,2.5779147235658653,1.15237270835,0.3678951573469903,2.5776885081277596,0.950347777843,0.26907067053466327,2.5678252055554007,1.01624697924,0.4665490228973372,2.5675989901172946
WellC08_Seq0013/xy17_sliding_s15,0-0,643.4708521197316,246.94956975058696,0.667194075191,0.729053254438,0.3837773986763843,24.36554944999189,5.6896397073980385,26.811285505,1.37759704262,0.593030726869,-0.193398904307,304.947849881,0.8825076351788338,0.447396138992,57.3651518215,-0.37511692212934733,-1.3601555732613013,-1.3023722001473572,-0.7180101515598851,-0.9155122500267323,-1.4999999999999991,-1.499999999999999,-2.0,-2.0,-2.0,12.2924750786,12.2924750786,12.2924750786,12.2924750786,12.2924750786,12.2924750786,12.5944587926,12.5944587926,13.3379778521,13.8392025581,1.0,1.0,1.0,1.0,1.0,1.0,0.95,0.95,0.8,0.7,-0.112930110033,0.102751837921,-0.39346378147,0.0592365099826,0.0233989345081,-0.0359152597227,0.013009525235,-0.152429102237,-0.270242510479,0.131155532905,0.545454545455,0.5,0.5,0.555555555556,0.555555555556,0.625,0.334472833483,0.015386943935179467,0.861405884176483,0.316192599298,0.023490350880207338,0.8101579911447967,0.257744567496,0.04527958784928737,0.5546921120232169,0.225549389852,0.05575532240283398,0.47417120111425026,0.215264243058,0.00368052341905965,0.4150178290583452,0.17706833731,0.04348399316447159,0.31740075197644185
WellC08_Seq0013/xy17_sliding_s15,0-1,645.5832927318161,240.8529011658362,0.686956321283,0.743574556213,0.3730779651168725,24.36554944999189,5.6896397073980385,26.8993038638,1.37599927514,0.571740076606,-0.200003585789,300.102820322,0.8933212741328936,0.469402684708,50.6460994527,-0.34707941958861976,1.1279566479213718,-1.1138752716731881,-0.7373612592063488,-0.9600203060335266,-1.4999999999999993,-1.5000000000000002,-2.0,-2.0,-2.0,12.6512368654,12.6512368654,12.6512368654,12.6512368654,12.6512368654,12.6512368654,12.9721027787,12.9721027787,13.7864300856,14.3517193964,1.0,1.0,1.0,1.0,1.0,1.0,0.95,0.95,0.8,0.7,-0.134108588559,0.192977385746,-0.356070122304,0.0720944620047,-0.00753093102284,0.0449910875654,-0.0152565379432,-0.151222143807,-0.244465601275,0.200716186508,0.545454545455,0.4,0.5,0.555555555556,0.555555555556,0.5,0.403910134412,0.0648414083531645,0.861405884176483,0.35343154855,0.023490350880207338,0.8101579911447967,0.336164773725,0.058085749680418526,0.8294816501409209,0.278216899425,0.05575532240283398,0.7781734408606837,0.249023277724,0.00368052341905965,0.5591599250195841,0.221928653855,0.04348399316447159,0.5588295814802537
WellC08_Seq0013/xy17_sliding_s15,0-2,636.5605359697464,234.71804361829544,0.71385584535,0.763607100592,0.3687285503188196,24.36554944999189,5.6896397073980385,26.5233556654,1.37857806812,0.607602324801,-0.198373279804,306.401223435,0.8473187184658381,0.492050642069,47.16959711,-0.3546113945671938,-1.3121336288844945,-1.0754390422468119,-0.6860513567106139,-0.931550889475437,-1.5000000000000013,-1.5,-2.0,-1.9999999999999998,-2.0,12.4138070501,12.4138070501,12.4138070501,12.4138070501,12.4138070501,12.4138070501,13.0741246926,13.0741246926,13.9631448694,14.5991048631,1.0,1.0,1.0,1.0,1.0,1.0,0.9,0.9,0.75,0.65,0.0338630283827,0.308035459121,-0.246492197252,0.031842324959,-0.0889373846481,0.0011103586688,-0.015533367852,-0.0356969531321,-0.159825127341,0.0741344411277,0.454545454545,0.4,0.5,0.444444444444,0.555555555556,0.375,0.440361820026,0.0648414083531645,0.861405884176483,0.388145777749,0.023490350880207338,0.8101579911447967,0.37662862393,0.058085749680418526,0.8294816501409209,0.315777231529,0.05575532240283398,0.7781734408606837,0.310481252064,0.00368052341905965,0.839519061527646,0.30502446299,0.04348399316447159,0.7882108522474088
WellC08_Seq0013/xy18_sliding_s15,0-0,690.3579351573544,224.11257974509152,0.485898373604,0.4489,0.32463243823511523,35.649192136709075,2.6033862563976156,28.7649139649,1.14969685875,0.749765850692,-0.175505273626,375.987630645,0.8007662747432379,0.245013436279,20.7139224969,-0.14589972709928434,-0.5632198858062765,-1.434863750848799,-1.3539937832293674,-0.7692601444501763,-1.5000000000000002,-1.5000000000000004,-2.0,-2.0,-2.0,20.117896515,20.117896515,20.117896515,20.9766729057,21.9183811235,22.8918764808,23.9120013713,23.9120013713,23.9120013713,23.9120013713,1.0,1.0,1.0,0.95,0.9,0.85,0.8,0.8,0.8,0.8,0.0745982871985,-0.328487850056,-0.0537996073777,0.286861973458,0.0498069809971,-0.231181206523,-0.461391033589,0.116323654315,0.463187438765,-0.345653239029,0.0,0.0,0.0,0.0,0.0,0.0,0.356521055216,0.12860784131419842,1.0872059614240526,0.315558051839,0.1341499545764948,0.6743477829371077,0.388814006045,0.13889445959063962,0.8824338312809256,0.359976157227,0.16003691032575762,0.6660230281448409,0.427661112781,0.13960529218072965,0.8096293607253546,0.413466593354,0.26408764003343566,0.7277348729877302
WellC08_Seq0013/xy18_sliding_s15,0-1,705.5003513287832,201.3417835423139,0.587943293973,0.564810059172,0.28538863682079574,35.649192136709075,2.6033862563976156,29.395847972,1.18928885993,0.71268610066,-0.209014097593,371.12713942,0.7223855792821681,0.349564672059,-6.51825085522,-0.18082234989469548,-0.975293987135557,-1.3080727203795912,-0.8530859286204504,-0.7563691167194695,-1.5,-1.4999999999999998,-1.9999999999999998,-2.0,-2.0,19.2215830349,19.2215830349,19.2215830349,20.033185032,20.9224772567,21.8373900337,23.9053956779,23.9053956779,23.9053956779,23.9053956779,1.0,1.0,1.0,0.95,0.9,0.85,0.75,0.75,0.75,0.75,0.0578533401659,-0.363833872096,-0.0371969401005,0.263403983523,0.0161463551208,-0.292986197281,-0.369350512724,0.17275261517,0.419733402984,-0.373784986152,0.0,0.0,0.0,0.0,0.0,0.0,0.275807924943,0.12860784131419842,0.6810806076986249,0.268422338362,0.1341499545764948,0.45419245834993527,0.312586041332,0.12015418415756378,0.6727558529063582,0.308988028625,0.16003691032575762,0.5331890354288474,0.364042903867,0.13960529218072965,0.7344676977492475,0.347841305961,0.20273257384058008,0.6028084581188488
WellC08_Seq0013/xy18_sliding_s15,0-2,714.5782534605977,195.2544007186522,0.698336234762,0.706892899408,0.27324425249867845,35.649192136709075,2.6033862563976156,29.7740938942,1.21413729823,0.759449469871,-0.227138579687,365.401782868,0.6870652497240786,0.487969366642,-15.280236244,-0.15697351484621613,-0.8246795737067378,0.26662261296681145,-1.5065063643295886,-0.979041906975052,-1.4999999999999996,-1.5,-2.0,-1.9999999999999998,-2.0000000000000004,18.107126,18.9684288449,18.9684288449,19.8110557201,20.7395928221,21.7002573705,23.8963873231,23.8963873231,23.8963873231,23.8963873231,1.0,0.95,0.95,0.9,0.85,0.8,0.7,0.7,0.7,0.7,0.0397735163107,-0.342960461925,-0.0461015995127,0.25267459787,-0.0321291500244,-0.217238863442,-0.32080260621,0.0952722595424,0.396077112376,-0.357126340291,0.0909090909091,0.1,0.1,0.111111111111,0.111111111111,0.0,0.216919653329,0.033309619942700264,0.45385767547815314,0.227446791397,0.044436988701592885,0.4219096801729924,0.248143367225,0.028329111836523337,0.5328542525570652,0.253295717086,0.03195823157820699,0.49612032529287453,0.284383560732,0.0175336095413469,0.6024736752470666,0.281170508325,0.0694420770282446,0.5227712609961235
WellC08_Seq0013/xy21_sliding_s15,0-0,448.3762007016021,161.76303780530327,0.983376984208,0.924556213018,0.3607752542444996,21.17813551755678,1.0036513338804354,18.6823416959,1.26988789674,0.589704768959,-0.226429132793,177.226777887,0.47079359419767497,0.734550761564,29.6589327892,-0.8057948373453203,-0.6065017696913899,-1.2530617470544845,-1.4040358210749189,-1.3102789883660395,-1.5,-1.5000000000000002,-2.0,-2.0,-2.0,10.079605618,10.079605618,11.0572972,12.1437972118,13.434655899,15.0327780159,15.0327780159,15.8276015208,16.8046737541,17.7919835557,0.9,0.9,0.8,0.7,0.6,0.5,0.5,0.45,0.4,0.35,0.0405038448882,-0.0167928797418,-0.0430217983283,-0.313142874181,-0.203401336721,0.136888630298,0.169797038454,0.0912776081082,-0.0135559654764,0.00763722182749,0.363636363636,0.3,0.2,0.222222222222,0.222222222222,0.25,0.113730914347,0.0009307888682939247,0.29786025532646804,0.1031091491,0.0027357780251180733,0.285730865375054,0.125608082149,0.00168508777517314,0.3164784144957791,0.101490328521,0.019898442750995886,0.2098776602744022,0.103839813599,0.030568366485273956,0.15797669041604287,0.0906703700679,0.033105748930889196,0.1787985788082565
WellC08_Seq0013/xy21_sliding_s15,0-1,469.34942789335753,214.59623132757932,0.982914482886,0.931967455621,0.45722060915420665,21.17813551755678,1.0036513338804354,19.5562261622,1.37321545364,0.431502329004,-0.296137621831,176.612439383,0.3339195840683514,0.762999893325,76.3128299903,-0.9924988400292811,-0.31679397097414386,-0.8961654419507132,-1.6729315528422462,-1.3394721159661631,-1.5,-1.5000000000000002,-2.0,-2.0,-2.0,11.2899102318,11.2899102318,12.4188898906,13.6999031439,14.3973203163,16.0251884985,16.0251884985,16.8397707011,17.8207425951,18.8116472767,0.9,0.9,0.8,0.7,0.65,0.55,0.55,0.5,0.45,0.4,-0.0758603641526,0.0364493671384,-0.0870249054946,-0.204391256901,-0.294404573454,0.204852569919,0.160635817178,0.120311278873,0.115943983017,-0.0887917264745,0.363636363636,0.3,0.3,0.333333333333,0.333333333333,0.375,0.106250728731,0.0009307888682939247,0.29786025532646804,0.0852347483539,0.0027357780251180733,0.17251231084350208,0.0994441426066,0.00168508777517314,0.19706007129419262,0.0874739612771,0.019898442750995886,0.2098776602744022,0.0950009709385,0.030568366485273956,0.15797669041604287,0.0900758494567,0.033105748930889196,0.1787985788082565
WellC08_Seq0013/xy21_sliding_s15,0-2,472.21775074191424,217.01946548639373,0.981764418945,0.954378698225,0.45957498451811374,21.17813551755678,1.0939396692688295,19.6757396142,1.4296786368,0.421193269149,-0.297221725621,174.440547583,0.34920449875855064,0.777082271145,77.8909764254,-0.9893752979133281,-0.5855684258405036,-1.8023120210387458,-1.5186327693187183,-1.2409404694811013,-1.5000000000000002,-1.5000000000000002,-2.0,-1.9999999999999998,-2.0,12.1445323009,12.1445323009,13.3803397184,14.0381013532,14.7098600284,16.2541624806,16.2541624806,17.0155075723,17.9159559641,18.8073393887,0.9,0.9,0.8,0.75,0.7,0.6,0.6,0.55,0.5,0.45,-0.187784117396,0.00379337134263,-0.176820923193,-0.238729497332,-0.338979039017,0.362037704731,0.2060252939,0.129656254265,0.0446407467768,-0.200680446781,0.363636363636,0.4,0.4,0.444444444444,0.444444444444,0.5,0.0875775312175,0.0009307888682939247,0.19239012776506015,0.0800497450815,0.0027357780251180733,0.17251231084350208,0.090964118994,0.00168508777517314,0.19381042324878148,0.0945014347465,0.019898442750995886,0.2098776602744022,0.0962018608253,0.030568366485273956,0.15797669041604287,0.0905284508207,0.033105748930889196,0.1787985788082565
