WellG11_Seq0010/xy02,0,449.07874292846867,304.58733213973295,0.184419702009,0.177173637939,0.6782492757361464,14.851798005628813,0.823067433446367,7.2432055311,1.71216365434,0.836521279191,-0.128371861819,20.495897246,1.1497639589908035,-0.0192640277747,223.282551702,1.0722042859154293,0.8773859159958084,1.1411397379568138,1.3742122443334805,-0.7798838040657956,1.5343851021270067,-0.8001221919184673,-0.44963135219002304,-0.17879528780658438,-0.9315284982623511,7.04258652264,7.23516410104,7.52067691611,8.2553066887,8.93679745108,9.63620641201,10.2440480924,10.9334032046,12.1182918821,14.8102388053,0.9655172413793104,0.9310344827586207,0.8793103448275862,0.7413793103448276,0.6206896551724138,0.5172413793103449,0.43103448275862066,0.3448275862068966,0.2413793103448276,0.1206896551724138,0.59784151555,0.563204286709,0.396718393446,0.216524150369,0.00704722773877,-0.115375677372,-0.268977690988,-0.364520408844,-0.280194775786,-0.314799649921,0.5,0.625,0.5,0.5625,0.5,0.5625,0.253630358476,0.01132491834510337,1.351670210317516,0.268276799583,0.0025017903546833446,1.4293218691407092,0.270814594428,0.0023799273085725148,1.3707788013377173,0.289276583997,0.01978684513711022,1.4484304601609104,0.278926828566,0.013860516305662304,1.3747425018810602,0.298595268955,0.021866922802611353,1.4523941607042532
WellG11_Seq0010/xy02,1,127.01926973566002,4.9596068392564785,0.0227204881732,0.0371160513405,0.039046097884029116,1.0629054520511259,0.03440930106817093,2.04869789896,0.290902391628,0.478929165329,-0.246370041161,1.42284088297,0.9052181542383921,-0.203093286823,-18.0369700415,0.07456905818236326,-1.0541119030872177,-0.21686640851042016,-0.939611893486056,-0.3831554498663108,-0.24960898114574803,-0.7960675275224296,-0.6284133459246131,0.5078293073748497,-1.306540931960388,1.16412841004,0.0,0.0,0.0,0.0,0.0,0.0,0.0,0.0,0.0,0.034482758620689655,0.0,0.0,0.0,0.0,0.0,0.0,0.0,0.0,0.0,0.21842191149,-0.227420129328,-0.150239851564,0.00535101213865,-0.0537601216477,-0.239821831073,-0.111199636113,0.107923391803,-0.0296587793481,-0.034731547595,0.5625,0.5625,0.3125,0.25,0.5,0.4375,0.778047292492,0.05759964697971285,1.7448736842081016,0.731653714257,0.03854135548453444,1.8271618482416907,0.659156646232,0.11331379813324467,1.2183231101643432,0.649898655581,0.12615840550711538,1.3469740920859377,0.703753911238,0.03006028876818093,1.7664515975706994,0.675592023669,0.021377927894578413,1.637800615649105
WellG11_Seq0010/xy02,2,90.80882649961546,4.505740782601651,0.284169871415,0.192637562127,0.04961787258225093,0.8025085669324667,0.03862641583166936,1.46465849193,0.637767652915,0.849484562425,-0.20585063004,0.505511400852,1.7117877725670132,0.0608991595268,-11.9350100137,5.175066232387168,0.33167080914681435,-1.0769024162671137,-0.6141236102977836,-1.0103352189903436,-1.1933602101837661,-0.6652258590347881,0.0767688361806913,1.1344512102210285,-1.3106933906707428,0.0,0.0,0.0,0.0,0.0,0.0,0.0,0.0,0.0,0.0,0.0,0.0,0.0,0.0,0.0,0.0,0.0,0.0,0.0,0.0,0.37482949121,0.0819803381985,0.133684125118,0.0575174382199,-0.0931650684525,-0.0511446166504,0.0182740257719,-0.0334152844319,-0.156902009373,-0.125182011839,0.4375,0.4375,0.5625,0.625,0.4375,0.375,0.690840524364,0.016950428926377173,1.7866886548794523,0.672787087282,0.0020542331848714106,1.7158457603624095,0.798418286055,0.06607094588336809,2.103729565421157,0.767920165642,0.02274797251002225,1.9552949870856953,0.724347435689,0.006463804192336242,2.2489682951388676,0.692566059996,0.01818713388894625,2.100533716803406
WellG11_Seq0010/xy02,3,78.22791828360116,2.617728022541645,0.144092284464,0.105844225994,0.03346283628629291,1.1753875956466557,0.07280109889281705,1.26174061748,0.517765321792,0.845490412594,-0.00406750574873,0.862461155667,1.0413117187184178,-0.0925465992104,-11.5452752822,0.7488460768679519,-1.1238556719368755,0.5961347813634315,-0.8292001891342484,-0.9289256268573278,2.3993283350489776,-1.365373502365223,-1.197965443566457,-0.5814365298459645,-0.6775911284830043,0.0,0.0,0.0,0.0,0.0,0.0,0.0,0.0,0.0,0.0,0.0,0.0,0.0,0.0,0.0,0.0,0.0,0.0,0.0,0.0,0.56898185619,0.284250367123,0.276092508215,0.255900350234,0.216407293167,0.126724517199,-0.0696847887264,-0.120999143339,-0.0148508321104,0.0515822822975,0.5625,0.5625,0.5625,0.5625,0.533333333333,0.533333333333,0.711876074256,0.058663955449794414,1.8154161967770281,0.72949298178,0.024896017773367227,1.797210189318791,0.744195208551,0.2333294929388847,2.002603951608492,0.794372924939,0.020675575166243486,2.170753477007943,0.929486483877,0.16181947307073907,1.8843439750666937,0.995983123391,0.03674817519383146,1.8661379676084568
WellG11_Seq0010/xy03,0,93.44255564757127,7.183766421592488,0.0381860784024,0.022020109346,0.07687895918308188,0.9674709297958224,0.016124515496593717,1.50713799432,0.633920505718,0.648789244519,-0.391896731149,0.537908639899,0.39902549067549137,-0.20764450357,-9.73381560636,0.17447038373766421,0.24165071166378116,1.1685126293525752,0.6439939644412882,-0.9817876714180755,-1.3389726288869868,-1.1600509883443342,0.8271975137537289,-1.121665355555792,-1.4578520857590522,0.0,0.0,0.0,0.0,0.0,0.0,0.0,0.0,0.0,0.0,0.0,0.0,0.0,0.0,0.0,0.0,0.0,0.0,0.0,0.0,0.252759171684,-0.108473639144,-0.200229047571,-0.178064179976,-0.00318489526794,0.109429817385,0.126347243187,-0.0344303003775,-0.122108076064,0.10212677561,0.75,0.625,0.6875,0.6875,0.6875,0.625,0.766832087539,0.08896616746161287,1.6742882900985692,0.765092421339,0.04345918785908022,1.6493326485570674,0.754836589311,0.07398574490584872,1.6797981842071221,0.733160397675,0.08837855430863438,1.5693198533475612,0.852970990912,0.018117147943764598,1.8276066804459767,0.843103642657,0.007830333856381355,1.7138349545546978
WellG11_Seq0010/xy03,1,145.25438222918626,9.378464693114775,0.150173148553,0.112797816006,0.06456579518762595,2.266450970129293,0.10031948963187687,2.3428126166,0.747668832684,0.710665414709,-0.228952968102,1.53726246477,1.1959522354495509,-0.0985716340052,-16.9195417051,2.461268612297139,-0.634843566424117,-0.9517548536704927,-0.90824338879175,2.2094770802431487,0.06928864248323707,0.4804296614594734,-1.180593249806747,-0.36464888926067607,0.4680126819731063,1.49223984614,2.44130913807,0.0,0.0,0.0,0.0,0.0,0.0,0.0,0.0,0.3620689655172414,0.05172413793103448,0.0,0.0,0.0,0.0,0.0,0.0,0.0,0.0,0.206754630097,-0.110365163508,0.0572536543514,0.123501879909,-0.0972912229203,-0.146551005158,-0.00982182994891,0.00713174775005,0.0723840139876,-0.0500647095882,0.625,0.5625,0.5,0.5,0.75,0.6875,0.604153703391,0.025393651643078184,1.6784980809093193,0.601749744339,0.02091583271176752,1.562800796877918,0.618336353702,0.15792572889025988,1.3626590529067846,0.595877000202,0.17418936144625163,1.308938323783776,0.563774016206,0.03441089845210681,1.88317973673432,0.54923562293,0.07382737573286016,1.7674824527029187
WellG11_Seq0010/xy03,2,73.19070482024836,4.743416490252569,0.0493637536759,0.0513247097577,0.06480900138756818,0.5578530272392098,0.0400000000000091,1.18049523904,0.640654899076,0.67725816751,-0.402593485793,0.296307774031,0.4827131102073804,-0.184510210378,-8.50760970332,0.5602851692073787,-0.880491551230747,-1.1121464921120854,-1.212633415984435,0.1863327010979563,0.10211935910208547,0.5985611349401738,-0.696904939278149,-1.3360464923520845,-1.3330807902812214,0.0,0.0,0.0,0.0,0.0,0.0,0.0,0.0,0.0,0.0,0.0,0.0,0.0,0.0,0.0,0.0,0.0,0.0,0.0,0.0,0.365981239881,0.0188281382678,-0.103411110605,-0.0368658584158,0.0588199324952,0.0296362910935,-0.105448288019,-0.084845144426,-0.0817179462019,0.0742591194418,0.5,0.5,0.5625,0.5,0.5,0.571428571429,0.831163662355,0.07343354570144846,1.9124182351862442,0.844674220663,0.070023717111393,1.6994844007070726,0.851634144476,0.10627665787203223,1.6054009629511665,0.852172239636,0.14655296951394411,1.5677227104410745,0.873905916918,0.0984641855941636,1.7689282070566876,0.894271687444,0.10187401418422083,1.6372563845880679
WellG11_Seq0010/xy03,3,194.08327619591088,3.2560866081847273,0.390085949767,0.00457020274847,0.016776750021974998,2.7830026949322004,0.01999999999998181,3.13037542251,0.136585179169,0.871953457202,0.884020956923,12.5685825257,1.9053630819636005,0.140328235011,-31.8822903609,2.326262823702617,4.7546834756458765,1.4433982949623099,8.789363581119494,-0.47106638898800757,4.124189179169506,3.009622347312755,2.011539789830625,1.093086016687277,1.0526354428560651,2.42350823477,2.42350823477,0.0,0.0,0.0,0.0,0.0,0.0,0.0,0.0,0.1206896551724138,0.1206896551724138,0.0,0.0,0.0,0.0,0.0,0.0,0.0,0.0,0.598339476558,0.22792937325,0.175516647809,0.119604866833,-0.00569473445042,-0.0186609379008,-0.0123613682048,0.0241053300633,0.0352198435851,0.154341530628,0.375,0.375,0.333333333333,0.333333333333,0.3125,0.3125,1.02047955878,0.07602636997215323,2.2002500246819885,1.01399889113,0.13706712871828036,2.207130649530749,0.612440852452,0.003965437330029542,1.635377082699477,0.605050530483,0.011124542275275737,1.6043588674464189,1.01693582586,0.19622687158432148,1.6099083161467735,1.02463717333,0.20310749643308174,1.6732580354254596
WellG11_Seq0010/xy03,4,53.88413870572088,5.200118844795762,0.14890679953,0.131098621498,0.09650555747388545,0.4856320005930653,0.031087618113957688,0.869099011383,0.708897788017,0.793940448274,-0.360585435225,0.24335952519,0.2480969207503328,-0.102917441513,-4.55549336254,-0.8968805619667406,0.4655778357244591,0.07682609991833145,-1.0875786623275596,-0.4910183332701381,-0.20734925805697557,-1.395258135234739,-1.4369825324802297,-1.1469516947175917,-1.5702354052940748,0.0,0.0,0.0,0.0,0.0,0.0,0.0,0.0,0.0,0.0,0.0,0.0,0.0,0.0,0.0,0.0,0.0,0.0,0.0,0.0,0.441166583798,0.278623064811,0.167481839388,-0.0125026014815,-0.0523980437736,0.00506454735907,0.105747806372,0.161433009797,0.223964458761,0.508122203253,0.5,0.4375,0.625,0.5625,0.6875,0.625,0.864920851769,0.05600904773249906,1.682300354693647,0.908844413839,0.03943335844231832,1.5851686648236152,0.86734918656,0.04922288519319306,2.283415968716009,0.824689979467,0.1090907355249454,2.1099433581043034,0.927699285981,0.24999523083974143,2.114134313195202,0.893459307312,0.03311783930659524,1.940661702583497
WellG11_Seq0010/xy03,5,277.3285862811735,93.29458719561384,0.724880126375,0.828658070608,0.33640451006743965,5.857644577814556,0.09999999999997271,4.47304171421,0.883555868316,0.596066851899,-0.318603019156,6.14657771785,0.5586044454887334,0.486957048466,43.0848184816,0.22934487306615914,-0.6308193125797512,0.06578385069403092,0.6143060244551655,-0.2271459627208321,-0.5994799753216289,-0.2964446722754479,-0.9609863851479847,-0.35392117567194115,-1.4976147039964505,3.06981510721,3.84028499492,4.27343949866,5.02010190887,6.14216330652,7.31871573433,7.31871573433,0.0,0.0,0.0,0.6379310344827587,0.43103448275862066,0.3275862068965517,0.15517241379310345,0.05172413793103448,0.017241379310344827,0.017241379310344827,0.0,0.0,0.0,0.285989427367,-0.247823948504,-0.284555338731,0.0470042288985,0.128762835754,0.092703323037,0.0401988859419,0.0299374475051,-0.00382060961853,-0.0669805991429,0.4375,0.4375,0.375,0.3125,0.3125,0.3125,0.420765046781,0.018194828930178077,2.0559470607061474,0.427794881402,0.023830394839824267,2.0952625226768835,0.342909757044,0.03838813595985837,1.4467995728043528,0.341025213698,0.06678549220524986,1.4861150347750889,0.35072117597,0.01750232988632224,1.4382599183973348,0.313771201915,0.0036388371507809136,1.4550727274318331
WellG11_Seq0010/xy04,0,109.91339315485736,34.36800837988726,0.490125567293,0.479050902108,0.31268262577851685,2.8986203614823016,0.107703296142685,1.77279666379,1.5605164357,0.785077754624,-0.232257110312,1.06763774872,0.8851555844450211,0.282545953462,14.468415183,0.419533663343143,-0.11240814012955935,1.369128585035785,0.10392897369799181,1.2663994387653998,-0.5597622376527145,0.29629599194274236,0.10469605915457025,0.8137676231534821,-0.5342900871418537,1.8297425947,2.77984610556,3.18089726555,0.0,0.0,0.0,0.0,0.0,0.0,0.0,0.4827586206896552,0.13793103448275862,0.05172413793103448,0.0,0.0,0.0,0.0,0.0,0.0,0.0,0.201271220841,0.371978759384,0.188358523228,0.0257608389191,0.24829774433,-0.0250040382764,0.144895686736,-0.0816263940456,-0.0463397507841,0.0178214361883,0.375,0.375,0.4375,0.4375,0.5,0.5,0.999974183261,6.443376857173623e-05,2.6412434868772157,0.869251291086,0.004790623838456323,2.6678494022549244,1.3421360014,0.16742720458816673,2.7647760446706773,1.19432788344,0.10777628988551359,2.8176258937466327,1.02363555482,0.061843854024264185,2.6094055962061806,0.983673942929,0.09133594002695085,2.6440592065656414
WellG11_Seq0010/xy04,1,62.384968826894664,4.8826222462934545,0.820634764227,0.801996669401,0.07826600442554868,0.6016643582596377,0.020000000000027284,1.00620917463,0.888274118701,0.71625892312,-0.123542191257,0.42273808227,1.0169112263081082,0.595253834448,-6.41204772636,0.9954915088533269,-0.4855438012750102,-0.9228973459870153,-0.8640701299147122,-0.9425251281350402,1.8122279259231187,1.916376860231308,-1.4900800566755583,-1.377628868017967,-1.4088309531728607,0.0,0.0,0.0,0.0,0.0,0.0,0.0,0.0,0.0,0.0,0.0,0.0,0.0,0.0,0.0,0.0,0.0,0.0,0.0,0.0,0.284011336507,-0.0320235779125,0.0933951151498,0.113453703855,0.0830570034665,0.164313703923,0.208770847028,0.142557891088,0.0393517541511,0.0350164486127,0.4,0.466666666667,0.4375,0.4375,0.333333333333,0.4,0.717268274145,0.04696102292069513,1.842079275193151,0.718566166282,0.07443138499054691,1.8922401936077657,0.410763997101,0.11651816439047714,1.6186778020960662,0.442228564737,0.08086778437890033,1.8545904360031336,0.595972061318,0.03651030200017989,1.70088247240912,0.542390651064,0.01201129507764312,1.7470790633919187
WellG11_Seq0010/xy05,0,55.10551128707308,5.39767542558831,0.610341352587,0.626337129414,0.0979516440282902,0.4234571997262348,0.001999999999998181,0.888798569146,0.753350340443,0.616716393296,-0.387456113434,0.202619216175,0.32885313863486176,0.377562026796,-4.57906376921,-0.3843727384143114,2.9321894210901966,-0.45520540511096774,-1.4211111860018366,-1.059956740996258,-1.0192106522384583,-1.4035309930826112,-0.879359301074012,-1.1236087388526326,-0.4084654821608602,0.0,0.0,0.0,0.0,0.0,0.0,0.0,0.0,0.0,0.0,0.0,0.0,0.0,0.0,0.0,0.0,0.0,0.0,0.0,0.0,0.178328654473,-0.153818787068,-0.0660284965193,-0.00358716006659,0.124032094965,0.112880046567,-0.153131707857,-0.129052347938,-0.0457772645413,-0.0603712067666,0.5,0.375,0.3125,0.3125,0.3125,0.375,0.776679856551,0.0387829340785683,2.269497445618434,0.718132424147,0.012188643013767781,2.303338656090349,0.57844842123,0.00115140185524497,1.34410076678903,0.58541592708,0.0067065638461539755,1.5687993742676665,0.673989333002,0.026490638414327142,1.4189991294054616,0.585384478224,0.08362253132954678,1.0421029146860248
WellG11_Seq0010/xy05,1,56.5048513011735,7.262231062146158,0.745716272377,0.750043897484,0.1285240274934647,0.5063595560468894,0.0,0.911368569374,0.932587582079,0.556015355815,-0.387583300478,0.211329823665,0.3426104667399314,0.504383887994,-2.96785575687,-0.5086739266875182,0.5537808459769376,-0.5902835417092218,-1.0573160717545067,0.27928228788889786,-1.041289595844147,-1.306745672541822,-0.6915227509620805,-1.140191894901073,-1.3280596642686806,0.0,0.0,0.0,0.0,0.0,0.0,0.0,0.0,0.0,0.0,0.0,0.0,0.0,0.0,0.0,0.0,0.0,0.0,0.0,0.0,0.161720461006,-0.246296059511,-0.0984776214358,-0.0169233756999,0.143400332538,0.0668839554755,-0.116789214905,-0.143963143381,0.00832628765898,-0.0714753922963,0.4,0.4,0.1875,0.1875,0.125,0.1875,0.7486857053,0.08524327350862894,1.9295421072030832,0.642378127929,0.00274131713434332,1.977741892546237,0.586081301723,0.05574329579191796,1.2010018473701207,0.521996270924,0.10861641126194606,1.153547138955919,0.597917145814,0.11937174115923847,1.4261945595173013,0.488031659875,0.1027098556116683,1.0098690280726752
WellG11_Seq0010/xy05,2,53.86352765525829,4.110960958219037,0.0703211722095,0.04689975492,0.07632179207664122,0.5692099788302796,0.028284271247436175,0.868766575085,0.695137488463,0.708621296989,-0.351072820864,0.232051062066,0.34647632285446395,-0.144718760654,-5.64091966093,-0.558148161538532,0.7713910421353649,-0.05715229337928207,-0.7970262525598759,-0.5221504889346122,-1.4917664079813915,-1.3680192028576743,-1.3591539648650701,-0.8546630934843518,-1.4320799496790562,0.0,0.0,0.0,0.0,0.0,0.0,0.0,0.0,0.0,0.0,0.0,0.0,0.0,0.0,0.0,0.0,0.0,0.0,0.0,0.0,0.249444142902,-0.0661528975564,-0.0874990419521,0.0393119095577,0.065278178286,0.14446776389,-0.164411961119,-0.10172168911,-0.0891436354062,-0.0879532399497,0.6,0.6,0.533333333333,0.533333333333,0.3125,0.3125,0.73531705205,0.034308466528864975,2.3894694904356353,0.706534222018,0.0028457209890576252,2.4169059818618996,0.724856938784,0.03242080790016634,1.7817528160541285,0.662229812453,0.03072111643697922,1.7703886507245419,0.717625676517,0.14902626433080696,1.68019485370161,0.683685278805,0.1781927888426935,1.7002113667070522
WellG11_Seq0010/xy05,3,80.59481499277739,3.275667870831901,0.158524180673,0.116202432782,0.04064365519203009,0.9062008607367471,0.05656854249487235,1.29991637085,0.323374205865,0.409070047335,-0.207265205159,0.606198254788,0.9584923610808869,-0.0747678731271,-11.3158572027,0.35135064752078105,-0.29357941921525965,0.1306170954283914,0.01000650697910066,-0.37725551131686297,-0.7233752084592555,-0.9732436226775367,0.04841332888368166,-0.5129296494304207,-0.08058974228362636,0.0,0.0,0.0,0.0,0.0,0.0,0.0,0.0,0.0,0.0,0.0,0.0,0.0,0.0,0.0,0.0,0.0,0.0,0.0,0.0,0.126493178293,-0.132129477107,0.0442462049506,-0.105153558493,-0.102225872271,-0.168769124301,-0.220554228746,0.0405874655859,0.0886952438478,-0.151603396885,0.5,0.4375,0.266666666667,0.333333333333,0.4375,0.4375,0.893151752812,0.1770836753360101,1.6743041067024929,0.897335972399,0.218379964991431,1.6368281916496665,0.841095429308,0.16343138920717395,1.748866748755527,0.838396336744,0.218379964991431,1.6003576802138102,0.853363669938,0.08668311834686739,1.9812334680024488,0.819273791209,0.021922286488937064,1.832724399460732
WellG11_Seq0010/xy05,4,56.88320103670581,12.620717095316033,0.525032414626,0.150319446377,0.22187072572044755,0.9108238029388558,0.03944616584661577,0.917470984463,1.25146501988,0.788127327328,-0.148192139202,0.364713736932,0.8730190921325386,0.30845862116,2.32213083682,0.22847204929585363,1.1588222539034438,0.33467588829728534,-0.06692391681231369,-0.9863127741920201,0.6251009748801071,1.6975563123882225,1.4458807871525314,0.775291444847376,-1.4089867055020864,0.0,0.0,0.0,0.0,0.0,0.0,0.0,0.0,0.0,0.0,0.0,0.0,0.0,0.0,0.0,0.0,0.0,0.0,0.0,0.0,0.294281007572,0.0418210992618,0.0133479891481,0.173905058784,0.33231253365,0.354388376887,-0.0248331194901,-0.00853439445511,0.111157804005,0.248618525369,0.4375,0.4375,0.5,0.4375,0.4375,0.4375,0.937044876455,0.024573723818785774,2.0480086212601614,0.875642338079,0.045677472024708496,2.1064309030486754,0.730654885881,0.003900168410822329,1.4259404803016835,0.667914416721,0.029806175647281996,1.4988808464272398,0.801859717984,0.1712862253273898,1.5236260130296997,0.72467477626,0.14858926087586027,1.5965663791552558
WellG11_Seq0010/xy05,5,52.63442859552434,5.629706919547397,0.641280632068,0.646713867325,0.1069586403760467,0.47318495326879795,0.04079215610872859,0.848942396702,0.7682475942,0.581546916412,-0.356955696563,0.210396352502,0.3710928271108206,0.380632260678,-3.89964784915,-0.5527795333476075,0.7784226661695071,-1.040346488622778,-1.2559288963775823,-1.0332654659560288,-0.7636670619899482,-1.155325770283289,-1.2115735518400783,-1.2700597432587841,-1.1016077770537491,0.0,0.0,0.0,0.0,0.0,0.0,0.0,0.0,0.0,0.0,0.0,0.0,0.0,0.0,0.0,0.0,0.0,0.0,0.0,0.0,0.320876268863,-0.170695501116,-0.205095390983,0.0289024853861,0.128041225461,-0.000412549680901,-0.164709467627,-0.0461583696327,-0.0413120923634,-0.0987501683125,0.3125,0.375,0.266666666667,0.333333333333,0.25,0.25,0.784411536941,0.07451133456989834,2.152054158941048,0.704059149804,0.006238778236133929,2.1718958486926376,0.561658299605,0.01639919307795115,1.162334518210142,0.524633335124,0.050115061531125896,1.1054607692676421,0.656259579005,0.17663463065091142,1.258668539323036,0.568024051707,0.11024588535946703,1.0014231453696447
WellG11_Seq0010/xy05,6,121.13451912209054,55.69258837583317,0.771028336068,0.759441546003,0.459758199227266,2.4670014187267535,0.5547071299343338,1.95378256649,1.71203819007,0.619285567468,-0.234747717371,1.00065035292,1.2521488732173476,0.524953714363,33.7614334597,3.15488436814863,-0.08255312446857621,0.38470887309163526,0.2981069915856138,-1.3786516579201662,-1.3399129021816338,-0.7484437470078853,-1.6780560990632623,-1.2022968613344014,-1.310580803797575,1.57601168033,2.31520546105,0.0,0.0,0.0,0.0,0.0,0.0,0.0,0.0,0.9310344827586207,0.1896551724137931,0.0,0.0,0.0,0.0,0.0,0.0,0.0,0.0,0.374630999481,0.19890321386,-0.0110409405746,-0.12804804544,-0.249842502822,-0.136274218119,0.0384167386021,0.00861923826521,-0.0761641312207,0.0217418802561,0.625,0.5,0.625,0.5,0.625,0.5625,0.80826626701,0.061943428981890175,2.29372485759493,0.764571195066,0.031097933837973706,2.5709919880801277,0.819089450171,0.001391295009058387,2.392284073555007,0.76710408586,0.06247837283261545,2.475607368068274,0.723107377649,0.11261011119243625,2.1006808763906264,0.662695126029,0.17378609431601721,2.0402299343965145
WellG11_Seq0010/xy06,0,124.04340374379309,4.665072346705887,0.165292719375,0.209358534464,0.03760838711215484,1.9391235133430882,0.010000000000012506,2.00070006038,0.265275088537,0.692812900137,1.73696784711,3.52911297941,3.181136721890033,-0.0569432111507,-17.7927301323,12.537998634634961,0.9722586924615242,3.381250378342724,-1.0928389943588308,0.5294244041856495,-1.0918824735971917,-0.10405562893547371,-1.3300293604703257,-1.0318577222186731,-0.8408761544616472,1.68232137094,0.0,0.0,0.0,0.0,0.0,0.0,0.0,0.0,0.0,0.034482758620689655,0.0,0.0,0.0,0.0,0.0,0.0,0.0,0.0,0.0,0.478653333841,0.111203483728,0.0440570307584,-0.121078911646,-0.0602364744521,-0.154744098804,-0.118180745014,0.0448776116505,0.00927670280151,0.104258689894,0.25,0.25,0.5625,0.5,0.5,0.5,1.40866589652,0.28413580582052433,2.8353191407979943,1.32061895299,0.23815045649229966,2.600944564545021,1.43185912573,0.09149637355088117,2.7431723959007903,1.3925752674,0.004313517637226449,2.5087978196478167,1.10096916283,0.14015396189579093,2.305186679764062,1.09096011597,0.19346392034027146,2.383456391343288
WellG11_Seq0010/xy06,1,149.74285805845298,7.887743657092348,0.326254487575,0.376698895922,0.05267525783442254,1.269418764632061,0.07782030583338036,2.41520738804,0.417408881712,0.635041561435,-0.242596650845,2.4091575161,0.595839325209363,0.107847121424,-19.2228920351,-0.6259804405018401,0.7434160146164781,3.0858958020930585,-1.3019902545338196,0.18503136794427633,-0.5889867938882145,-0.8946366242543062,-1.6469101104626929,-1.1793357622954241,-1.4853860687897806,1.15809583273,0.0,0.0,0.0,0.0,0.0,0.0,0.0,0.0,0.0,0.06896551724137931,0.0,0.0,0.0,0.0,0.0,0.0,0.0,0.0,0.0,0.245183523962,0.202524721449,0.0671949768843,-0.108420305629,0.0516970814622,-0.154780853819,-0.178398127845,0.0519353994368,-0.0862610205565,0.0345877821634,0.3125,0.3125,0.625,0.5625,0.375,0.5,1.5113140282,0.16448548811095956,2.5551994026584124,1.36736989035,0.235868747722167,2.4812078285865717,1.27205817891,0.09816713848395002,2.472138984659742,1.26136775977,0.2816450347398364,2.4462717612176537,1.31040538407,0.02894447916640008,2.5572970849764856,1.12913306815,0.15203724422169573,2.508012536370102
WellG11_Seq0010/xy06,2,183.74351631524942,9.374433316206408,0.0952755040032,0.150213225593,0.05101912439796057,1.4313629868066156,0.020000000000027284,2.96360510186,0.342526330579,0.625814800421,-0.174179585137,4.2155855857,0.7134684075011064,-0.136291884409,-23.8919514463,-0.4261070079295748,0.1619540422995227,4.842176359253957,-1.3629331801488735,-1.2880528028667928,0.8241104710463909,-0.6664254440708213,-1.2794232641629097,-0.15938363155406243,-1.4344153685422323,1.15850501213,0.0,0.0,0.0,0.0,0.0,0.0,0.0,0.0,0.0,0.15517241379310345,0.0,0.0,0.0,0.0,0.0,0.0,0.0,0.0,0.0,0.273280933666,0.0511179224756,0.0129947038959,-0.139420314564,-0.00578949322719,-0.028919277868,-0.101042264343,-0.138699845737,-0.167836102376,0.193510945526,0.625,0.625,0.4375,0.5,0.125,0.125,1.0475178272,0.22776362653488189,2.2272241660601306,1.0053447294,0.20678704178675675,2.184799588234224,1.13174619869,0.1565496849152176,2.312714704805477,1.21112597571,0.0328961727623982,2.3889467293664777,1.02173335087,0.08029907603172724,2.0729769608660344,1.05457608807,0.11941899164844004,2.1698415017539565
WellG11_Seq0010/xy06,3,167.42765056813062,20.936212646990377,0.601763256429,0.59832290478,0.12504632643382219,1.4403221861791868,0.033105890714489,2.70044597691,1.00742721757,0.61792742255,-0.295085037771,2.41179841248,0.5534825791277079,0.388357244155,-9.37621826423,-0.06630173523461913,-1.3236398376462264,-0.49503890321915955,-0.4703777069869304,-0.6997566644349167,-1.2333128574394407,0.6235087734695055,-0.9152525581387696,-0.8644917246984627,-0.8795912161837052,1.20415860891,0.0,0.0,0.0,0.0,0.0,0.0,0.0,0.0,0.0,0.1724137931034483,0.0,0.0,0.0,0.0,0.0,0.0,0.0,0.0,0.0,0.155329285799,0.040524659956,0.0137220381868,0.0552662271576,0.178699866658,-0.0494960739117,-0.100819656464,0.0659631028452,-0.0379955800167,-0.132894108197,0.375,0.375,0.375,0.3125,0.3125,0.25,0.843946679694,0.04147120866424196,2.3019582772502494,0.811760475847,0.021813731948373324,1.9549150677274734,0.861042981344,0.023549032039501712,2.2776950900449435,0.879081242702,0.13675090072194135,2.2973525667608166,0.920100430951,0.044202815503471334,1.5428481300127104,0.955276901666,0.07929785090851024,1.647019504860748
WellG11_Seq0010/xy06,4,134.45881247992097,6.927885680350193,0.261231091773,0.29936308828,0.051524221823577014,1.5178353006831526,0.055713553108744575,2.16869052387,0.460691208429,0.717765683196,-0.169807074584,1.85062835539,0.9884476253638788,0.0196755001287,-17.4156050744,0.4549007481128924,4.759658514628727,2.9664255775818518,-0.5009878020071472,-0.23436316863259377,0.384923002631572,-1.150951638331204,-1.0241091367364847,-0.86028516515487,-1.3022142515388548,1.27290801714,0.0,0.0,0.0,0.0,0.0,0.0,0.0,0.0,0.0,0.10344827586206896,0.0,0.0,0.0,0.0,0.0,0.0,0.0,0.0,0.0,0.417455690407,0.214937579053,0.141032761577,0.0848052133729,0.131544216653,0.0140552317358,-0.0400128814364,0.0293212096334,0.0947724981627,0.216822993698,0.5,0.5,0.3125,0.25,0.6875,0.6875,0.77104269618,0.019791155792810326,2.6948942236223195,0.777644610009,0.09358693634965888,2.6215251489596185,0.68285841634,0.02216541174958832,1.6109793239450156,0.653253607807,0.05859206629003718,1.507555069373285,0.796515687996,0.02501529947533078,2.321656818533614,0.826234084085,0.13959149332279208,2.5697136299560657
WellG11_Seq0010/xy07,0,80.51268922640925,5.032135133320641,0.358753500732,0.360253513834,0.0625011433808875,0.8323788560505374,0.017713271860395344,1.29859176172,0.552917718168,0.702490198913,-0.291002246196,0.524783263652,0.7235521856334722,0.132502177039,-9.54452123957,-0.22236927731857037,-0.9627007836117287,-1.2833956498462382,-0.009863589575553888,0.8099718472747415,-0.15827934726486292,0.6587196250148084,-1.1802471677570923,-0.3696470968988641,-1.5836390351172651,0.0,0.0,0.0,0.0,0.0,0.0,0.0,0.0,0.0,0.0,0.0,0.0,0.0,0.0,0.0,0.0,0.0,0.0,0.0,0.0,0.40629318779,0.0108088644683,-0.0307904115092,0.0168068051335,0.0913942800213,0.0362499175441,-0.0258034274871,0.0182976593912,0.00703344994581,-0.204715247343,0.3125,0.3125,0.375,0.375,0.625,0.6875,0.578638896454,0.02573564634583258,1.3195674766334198,0.583115718952,0.005810254224132439,1.2572574901845424,0.796115064987,0.10878258801275063,1.3997523489794963,0.806932265746,0.09750581268058929,1.4125473207883612,0.862197242272,0.2542056832619086,1.7448630533331668,0.869159556425,0.2636842464079466,1.7553126684621512
WellG11_Seq0010/xy07,1,92.31674649274574,3.9368007315585385,0.114421799842,0.0983928219492,0.04264449172142232,0.7760231955296174,0.0282842712474619,1.48897978214,0.483405504551,0.736608056719,-0.307836426892,0.653181064114,0.7342403081331453,-0.121229494435,-12.7769558703,-0.09460062900943722,0.5204987893709947,-0.7211000022803522,0.6130474298684874,-0.2717192817875289,-1.277210125748146,-0.8873169420239386,-0.1578545846970436,-1.4840729725499742,-1.4869393954203671,0.0,0.0,0.0,0.0,0.0,0.0,0.0,0.0,0.0,0.0,0.0,0.0,0.0,0.0,0.0,0.0,0.0,0.0,0.0,0.0,0.266765978768,0.246924434543,0.186045454125,0.0990091611698,0.036069382158,0.00158637060746,-0.0836072863268,0.0206302057393,-0.0231465212536,-0.144296863549,0.6,0.6,0.3125,0.3125,0.5625,0.5625,0.703374477423,0.03353551180040924,1.4030527387900802,0.693050340433,0.07422021440049778,1.313002528199736,0.582536265001,0.03638968571717859,1.7498618305313112,0.614547495632,0.09291016411858802,1.789986652677591,0.792054922171,0.05173570865797248,1.4588116693938378,0.827515776075,0.13370384698643908,1.5571609216936895
WellG11_Seq0010/xy07,2,704.6768665164296,51.047244783631584,0.618533615775,0.678693768198,0.07244064224214378,15.19787774658028,0.35512814588539976,11.3657559116,1.55165127364,0.981390290581,-0.469744517875,30.5914412129,-0.21231727294004582,0.395531645163,-76.5330489046,-1.037675426942224,-1.0121007808231368,-0.6583050404089956,-1.1458046067267684,-1.2223225737396175,-0.6160945332069367,-0.5424264345932448,-0.8385594274253707,-1.3133900722937277,-0.8123774524139571,10.5637646703,11.0645506534,11.7183279767,12.2337135188,12.7648185939,13.118235572,13.4535678712,13.6120046317,13.9037533461,14.0183220123,0.9827586206896551,0.9310344827586207,0.8620689655172413,0.8103448275862069,0.7586206896551724,0.7241379310344828,0.6896551724137931,0.6724137931034483,0.6379310344827587,0.6206896551724138,0.640628434209,0.489777797953,0.385149101823,0.312938504773,0.210935078544,0.179999611029,0.137538191502,0.195257594343,0.116854858871,0.0329163010556,0.8125,0.8125,0.8125,0.8125,0.8125,0.8125,0.50151881126,0.049578086034234525,2.6339123980528303,0.42722102752,0.04258124586661064,1.7799738628667923,0.446379400165,0.048963204125826054,2.6186620049664917,0.369025785056,0.039352143337427446,1.6749867641246965,0.454731873757,0.017444116903589706,2.6171889321563504,0.380434090017,0.023982643286824493,1.6546599786095466
WellG11_Seq0010/xy07,3,118.49468667980041,5.42232422490574,0.0184167466758,0.228739499221,0.04576006213306503,2.057790076757096,0.045650848842062594,1.91120462387,0.377925772361,0.689726252997,1.65757346463,3.46580528848,3.040536874783487,-0.19493782726,-16.0308944707,10.909389985480507,15.405459931952109,4.749612510690404,6.234722964137681,4.384878930861911,3.1619679220397483,-0.6823345164775345,-0.4793939218625507,-0.024514519727075523,0.3593104096934736,2.17954123613,2.17954123613,0.0,0.0,0.0,0.0,0.0,0.0,0.0,0.0,0.017241379310344827,0.017241379310344827,0.0,0.0,0.0,0.0,0.0,0.0,0.0,0.0,0.44156304675,-0.038958180901,0.026837705134,-0.02899630783,-0.0553297086329,-0.0450632822166,-0.111882339065,-0.111319176564,-0.0275249027415,-0.0320182963986,0.6875,0.625,0.6875,0.625,0.6875,0.5625,0.783651119136,0.07092830206260249,1.8869390945061624,0.770308282161,0.1357803143927544,1.7879669165353576,0.685253667897,0.06720098744918288,2.075048881184456,0.718227233711,0.08125330303929687,2.08911702480405,0.905183239863,0.050281518180758746,1.8627773318588572,0.950294668887,0.22806162054612586,1.9028537333945788
WellG11_Seq0010/xy07,4,166.13341228145862,8.104319835741892,0.131630928976,0.0732136507908,0.048781998301532375,1.8701871564097297,0.0400000000000091,2.67957116583,0.176025206776,0.728881525595,0.00492891096982,4.36483144562,1.0518540722881715,-0.0976362286329,-21.9737919023,0.2244873180169722,0.8963401690680226,-0.8892235125535248,-0.7727202677610308,-0.6992804236395029,0.23282646080471858,-0.8836331007095835,-1.09613490450447,-0.9966310104060225,-0.012214201240888123,1.19301671292,0.0,0.0,0.0,0.0,0.0,0.0,0.0,0.0,0.0,0.1206896551724138,0.0,0.0,0.0,0.0,0.0,0.0,0.0,0.0,0.0,0.333724595256,-0.0232281626635,-0.0625463696598,0.0210318672689,0.0314721751411,-0.0138328793093,-0.187177669373,-0.206312227221,-0.062861795069,-0.0176959773378,0.5,0.4375,0.466666666667,0.533333333333,0.4375,0.4375,0.838121387792,0.04290946721836825,2.25759101170154,0.826746369465,0.03848172604454777,2.269350844660728,0.833867986369,0.08372012859145503,2.0143305599421977,0.819625020066,0.08929169871729815,1.8252993689906891,0.815910150561,0.0016548131055697708,2.1253206151859887,0.816130033827,0.015960592298293174,1.9397879492039014
WellG11_Seq0010/xy07,5,90.61462641719814,5.879838433154321,0.359060512712,0.395046975243,0.0648884034028127,1.1853033367032888,0.04176122603565431,1.46152623254,0.738193568297,0.632746689613,0.0130303749495,0.938816048877,1.3855802851434826,0.0995709436111,-10.5257528386,2.0272014389643713,-1.1985354404901092,-0.8306824544785538,0.7745567954024715,-1.464549294824205,-0.739026268891632,-1.5366416614441667,-1.1829544751304313,-1.1813608586749782,-1.498449777303264,1.09959995128,0.0,0.0,0.0,0.0,0.0,0.0,0.0,0.0,0.0,0.034482758620689655,0.0,0.0,0.0,0.0,0.0,0.0,0.0,0.0,0.0,0.280195312343,-0.063665436892,-0.0907125298874,0.000216913141449,-0.0398943248172,-0.230426875121,-0.146765207601,-0.0884013741457,0.0113953307954,-0.0734139467021,0.4375,0.4375,0.4375,0.4375,0.3125,0.3125,0.614445697656,0.007885325351400177,1.5590175195704794,0.612717710873,0.0259377822236865,1.3947090502722217,0.853490443482,0.018660021631874336,1.8858492094552166,0.895481426666,0.0627196316452469,1.998410640105538,0.722023103768,0.06623521915298204,1.7147180221510545,0.747561904307,0.055136136834078545,1.6361852930899887
WellG11_Seq0010/xy08,0,414.67656574746024,131.649393845927,0.0266362453848,1.61822996184e-06,0.31747488216178105,8.382897828316889,0.5500000000000063,6.6883317056,1.15324003669,0.571068970673,-0.319310129601,13.2366936917,0.662350354007843,-0.219507020701,56.5730566515,-0.30035734416933124,-0.32305658503413737,-1.3995581185517636,-0.3173109176589066,-0.6926693414123037,-1.1574425192405577,-0.8619674093187277,-0.3216542965254825,-0.6278837609710739,-0.7870431544094592,4.78465561479,5.16147148848,5.5624805172,6.36182498399,7.12177206161,7.38846414615,8.50657442982,9.2290775254,9.46597006907,0.0,0.9655172413793104,0.8620689655172413,0.7413793103448276,0.5344827586206896,0.3793103448275862,0.3275862068965517,0.15517241379310345,0.08620689655172414,0.06896551724137931,0.0,0.19943513005,-0.0325460759892,-0.139488904479,-0.143264513378,-0.0656428914368,-0.0387143004941,-0.130599353595,-0.121091314959,0.00387601798549,-0.0600835252364,0.4375,0.4375,0.25,0.3125,0.5625,0.5625,1.00618514046,0.03940266852776752,2.700879888298361,0.844881168042,0.02222801970850149,2.73785593634892,0.580070607964,0.04333346516590553,2.3066374246811385,0.599812142885,0.02924232052334185,2.3446729138431963,0.787471274852,0.026089381821077354,2.6187718445111665,0.681332728711,0.011998237178513884,1.9227581255427584
WellG11_Seq0010/xy08,1,70.3017563166482,3.5418921496849785,0.351411708801,0.291252115124,0.05038127545109739,1.3622231828889069,0.03399999999999917,1.13389929543,0.270667420845,0.634586823239,1.87891253646,1.16127275422,3.358646250786394,0.106809525488,-9.18609587412,13.283123578125483,0.08626745547642578,4.66502075933691,-0.27158789123068283,0.9535531272451174,1.0892155599067772,-0.7645707046178729,-1.100347299956451,-1.4941594681247712,1.1593690457945316,1.29228772118,0.0,0.0,0.0,0.0,0.0,0.0,0.0,0.0,0.0,0.034482758620689655,0.0,0.0,0.0,0.0,0.0,0.0,0.0,0.0,0.0,0.455818693851,-0.0371602409889,-0.0513214556309,-0.0463181180936,0.00966246838598,0.10221507918,0.0925197812542,-0.0974353127302,-0.152162358159,-0.129364560164,0.5,0.5,0.375,0.375,0.5,0.5,0.84357929685,0.0024122887589505928,2.026204444472316,0.849264381723,0.012138140759816405,2.003005397177911,0.854890053573,0.04092479653983617,1.6575304158611048,0.849040718502,0.0641238438342446,1.6507911311143852,0.953372837387,0.08963456010439487,1.8025640055980974,0.95097594433,0.07990870810360795,1.7793649583036921
WellG11_Seq0010/xy08,2,97.26459621710579,4.7886950205666805,0.470251805706,0.483684375611,0.04923369043632034,0.748996662208872,0.04019950248449224,1.56878380995,0.272575420916,0.508650781036,-0.340971641044,0.712569177718,0.4921113142721624,0.228964945908,-12.8208595717,-0.22646710482623122,0.16694366387231785,-1.1419624458186655,-1.0114571254235485,2.5268178640230694,-0.3044757032108678,-0.7150901238719287,-0.8442601797482023,-0.8433409383581365,0.1643196129821094,0.0,0.0,0.0,0.0,0.0,0.0,0.0,0.0,0.0,0.0,0.0,0.0,0.0,0.0,0.0,0.0,0.0,0.0,0.0,0.0,0.247112174485,-0.1517842405,-0.378565650078,-0.203715787119,-0.0161564944229,0.237301118675,0.276575432904,-0.0293230635076,-0.280078706616,-0.297639104332,0.625,0.5625,0.4375,0.5,0.5625,0.5,0.728307117196,0.04704589147631978,1.5917570819363682,0.766318611266,0.08384029007555217,1.6542290044788461,0.746617139233,0.03273113514691801,2.0876100671896833,0.691074735771,0.040469066995977715,2.08139057047505,0.787674923061,0.2054701018291084,1.9830749512979584,0.810042706622,0.21294473396900132,2.0791479001825786
WellG11_Seq0010/xy08,3,91.26886941518488,5.669426778784462,0.670592792534,0.542427719553,0.06211785919023568,2.079326814139605,0.020396078054397183,1.47207853895,0.43786407186,0.71617325491,2.8113068912,2.53991321232,3.8786269502071,0.432095083126,-10.8546138388,15.959873953195547,5.809624306763821,5.402327952908525,2.935933012058257,0.7351557005548712,1.708980010611846,-0.9580154469052649,0.11814101649113784,-0.6432095377337017,-0.5127360855061855,1.79922633991,2.22166040884,0.0,0.0,0.0,0.0,0.0,0.0,0.0,0.0,0.10344827586206896,0.034482758620689655,0.0,0.0,0.0,0.0,0.0,0.0,0.0,0.0,0.199603696615,0.224511137783,0.338176019171,-0.104427731364,0.00760223546921,-0.0574778084458,-0.0542820518909,-0.0944584461658,-0.0668522083786,-0.168297365895,0.428571428571,0.428571428571,0.375,0.3125,0.3125,0.3125,0.778323266198,0.033927193397147774,1.5726646340535329,0.711931012036,0.04274646462446612,1.4528962320015713,0.732574700791,0.04546945146794765,1.5448888904747,0.662384596654,0.054288722695269395,1.4948866836091235,0.807981294126,0.03638046221351193,2.227843200365086,0.798078792608,0.02756119098618747,2.1778409934995095
WellG11_Seq0010/xy08,4,71.48181604437156,3.93974618471792,0.599052041599,0.562135558855,0.0551153622380322,0.7691059744924542,0.023323807579404835,1.15293251684,0.693987830675,0.585586243571,-0.351389142161,0.346168253049,0.6319623971075485,0.367119329306,-9.00188921959,-0.19115233490965933,-0.6197897749144627,1.7001573799118308,2.94885748844417,-0.19071039930580636,-0.13593377111500526,0.8012583533882451,-1.3171591956854483,-1.6952018592279425,-0.5371083325766688,0.0,0.0,0.0,0.0,0.0,0.0,0.0,0.0,0.0,0.0,0.0,0.0,0.0,0.0,0.0,0.0,0.0,0.0,0.0,0.0,0.102382247989,-0.344484472386,-0.137216620602,0.132155423479,0.175850714972,0.0938475098073,-0.0578515834229,-0.0826493787012,0.133438696164,0.0461682931388,0.25,0.25,0.4375,0.4375,0.214285714286,0.214285714286,0.73518644711,0.09260481615247328,1.5611649083205228,0.763758082262,0.200767978956428,1.5795497883657408,0.707303090014,0.05223294454955207,1.6886850250680947,0.739697088926,0.08356264154770805,1.8568942824348245,0.651979311597,0.1981122468320473,1.1783931873902833,0.652494096593,0.14803338052690257,1.2723068921878116
WellG11_Seq0010/xy08,5,99.75590624550848,10.52437646609055,0.000130392133992,0.0989389063908,0.10550128671267933,2.6890660088588385,0.043863424398889725,1.60896622977,0.427688297011,0.623174461317,4.34508211401,6.68607543876,3.944694355508656,-0.245652388405,-7.53622466993,15.565920864790229,9.836280452153911,5.207460914041004,2.415925596896514,6.286188285894486,0.7828719985650743,-0.9805927017435758,-1.1201290217042126,0.3334969287816576,0.816120567083225,1.65140948421,2.67656197388,0.0,0.0,0.0,0.0,0.0,0.0,0.0,0.0,0.06896551724137931,0.017241379310344827,0.0,0.0,0.0,0.0,0.0,0.0,0.0,0.0,0.505307642758,0.0486102372736,0.0200118914921,-0.0580504410853,-0.0703974036919,-0.0822624099422,-0.0690679722975,-0.0472792661956,0.0213372088518,0.0439336296914,0.625,0.625,0.5,0.4375,0.4375,0.5,0.639142942194,0.01420625974767001,1.6271598792963076,0.602022951716,0.007556167506270911,1.6152175477738868,0.749070284607,0.050616802486482405,1.787283975143081,0.763289892954,0.016801470731884285,2.0558836252660133,0.720899545364,0.05064802703130845,1.7390526472712602,0.793300143466,0.013059289480585646,1.7680349727039868
WellG11_Seq0010/xy08,6,42.92559760392537,4.271873125456685,0.684462134781,0.662119693572,0.09951808160886362,0.47042533945356874,0.020099751242223497,0.69234834845,0.816944879956,0.755354580403,-0.0376117137573,0.242702831193,1.051169273952943,0.483951641959,-3.49971781114,0.4467254872824591,-0.2868068101009831,-1.044683431325579,0.6586338803320526,-0.315609958156704,-0.12034195616714527,-0.08405495374679184,-1.0134312070504825,-1.3964881081534442,-0.4046533594187398,0.0,0.0,0.0,0.0,0.0,0.0,0.0,0.0,0.0,0.0,0.0,0.0,0.0,0.0,0.0,0.0,0.0,0.0,0.0,0.0,0.342645826306,0.00520378967237,-0.0279003314528,0.0151726085869,0.0893491964142,0.129786889928,0.0795178611091,-0.058360751062,-0.0625991167111,-0.156739556802,0.5,0.5625,0.4375,0.4375,0.4375,0.4375,0.852984759803,0.1428552516398407,1.9179740756639752,0.837348200566,0.0034818263785759466,2.0138279080183317,0.814783015794,0.018754847575474055,1.5181739385761304,0.776136288424,0.09017520455280825,1.388975638641338,0.839308518872,0.20683364136234092,1.6118477500920643,0.814508076342,0.09711953736786895,1.6015393892660459
WellG11_Seq0010/xy08,7,111.74491334751991,1.2206555615733965,0.861258952363,0.84800932479,0.010923589495096135,2.67529437632567,0.01999999999998181,1.80233731206,0.126415459251,0.727729683549,3.18479735787,4.85197709103,3.7264955975579577,0.620980958419,-19.0105305898,15.416211128053064,1.3349991203940723,5.029251584162063,-1.0270180832139169,-0.17369222422345576,-1.2245611843655604,-0.678732623055931,-0.8249356348920012,-1.2140476654072605,-1.005296356932274,2.92212111688,2.92212111688,0.0,0.0,0.0,0.0,0.0,0.0,0.0,0.0,0.034482758620689655,0.034482758620689655,0.0,0.0,0.0,0.0,0.0,0.0,0.0,0.0,0.446118856393,-0.0599560725704,-0.0340740147429,0.0598365040307,0.143308743949,0.233083680693,0.0259377309925,-0.0428844621763,-0.0518159650983,-0.104253299529,0.4,0.4,0.466666666667,0.466666666667,0.533333333333,0.533333333333,0.419167145623,0.025994033962559816,2.277513900747308,0.419474173827,0.01949099124571613,2.272912556229002,0.416245909602,0.006972577299300557,1.908870175643821,0.397993251997,0.039932072883662004,1.9262053445141807,0.272009976907,0.005401703032285504,1.1015086936523482,0.280493780291,0.015328385472234968,1.0969073491340418
WellG11_Seq0010/xy08,8,38.861285754107705,4.890040899624379,0.533897673247,0.556929415859,0.12583322462786742,0.4338478996146171,0.026907248094122947,0.626794931518,0.796503533271,0.736564567288,-0.0545539657335,0.230872023921,0.9326539779764905,0.307780156363,-2.14571475689,-0.07045830829324773,-0.7127718803160983,-0.4121744902237432,-0.6855606455134198,-0.38047739480216736,-0.8808143181714496,-0.6213723940300557,-0.9619613470343955,-0.6410788246080292,-0.6422175457688328,0.0,0.0,0.0,0.0,0.0,0.0,0.0,0.0,0.0,0.0,0.0,0.0,0.0,0.0,0.0,0.0,0.0,0.0,0.0,0.0,0.423856938401,0.133632804778,0.128185330575,0.0993373946687,-0.080058315048,-0.0594015415513,-0.126246780865,-0.124188627626,-0.135056708262,-0.168742277722,0.5625,0.5625,0.4375,0.5,0.375,0.4375,0.811230520422,0.059723799245917565,1.6442306232899568,0.795024789638,0.043353884760057734,1.448722870034226,0.773871783302,0.10635086850060485,1.480586021581025,0.759968873272,0.053656234444332526,1.2850782683252941,0.978927579331,0.2124589214343957,2.152467479344965,0.918996482185,0.16972409092283058,1.7834655301563862
WellG11_Seq0010/xy09,0,124.78033465695601,23.474396690863006,0.885557388772,0.739138520992,0.1881257712234738,2.9016629714699813,0.034176014981269646,2.01258604285,1.37029427976,0.578442448928,0.295591925269,2.36290295587,1.7411245206287518,0.65607111273,0.883174389573,3.315915502393156,-0.019403202371036432,-0.6600959592664037,-0.6723737813399748,-1.388761806619232,-0.5619887863207476,-1.1716976652702893,-1.3271350888973799,-1.4260600404192612,0.0031016415779649975,1.60347173996,2.53631022697,3.05260872042,0.0,0.0,0.0,0.0,0.0,0.0,0.0,0.3448275862068966,0.05172413793103448,0.017241379310344827,0.0,0.0,0.0,0.0,0.0,0.0,0.0,0.100648072863,0.107886041403,-0.130628791473,0.00335927918693,-0.210038569808,0.04860204387,-0.0776698201803,-0.148500197735,-0.0775968215843,0.0131215288761,0.625,0.625,0.75,0.6875,0.6875,0.6875,0.617736090106,0.0028269876612583983,2.1597111602566685,0.638347205504,0.04217364952135349,2.2140858600381974,0.573692715888,0.08153495665789007,2.116133457309147,0.473175199235,0.08827170877013606,1.6440751051208746,0.638109412685,0.053494101824734915,1.522409221156508,0.682554466943,0.048860095226243086,2.205681783205235
WellG11_Seq0010/xy09,1,61.4595006533456,6.352952069707356,0.736651369288,0.816170584008,0.10336810423404452,0.7602631123499559,0.01999999999998181,0.991282268602,0.797227555996,0.793207523202,0.120976371461,0.443994297717,1.668354503227873,0.5005111619,-4.77416379837,3.4988734485750417,1.4890021378190346,-0.22857247876336073,-1.4082298679511653,-0.6781914558041753,-1.422087674697479,-0.7886437475374248,-1.4432762986992769,-0.7860928972842998,-1.669346844644922,0.0,0.0,0.0,0.0,0.0,0.0,0.0,0.0,0.0,0.0,0.0,0.0,0.0,0.0,0.0,0.0,0.0,0.0,0.0,0.0,0.476552708823,0.305820737518,0.18395210604,0.159465183646,-0.0969471872321,-0.167331691534,-0.323294636489,-0.235684265786,-0.346176844793,-0.195163096871,0.3125,0.25,0.428571428571,0.428571428571,0.3125,0.3125,0.370917173559,0.039625687153358825,0.9610457360063318,0.333615812686,0.023291307009397834,1.0749309733732595,0.472045935531,0.023227299603668337,1.6502339363132879,0.45007394809,0.07064179470500374,1.8777804430728435,0.431077224718,0.009316138997926809,0.9287988535711611,0.393952819676,0.009994153038729834,0.7589647597608757
WellG11_Seq0010/xy10,0,212.1308311273618,9.658861216520345,0.918173624277,0.901753380971,0.0455325666956975,7.130105469065649,0.08772684879786705,3.42146501818,1.26108786799,0.947261499011,-0.043986117826,5.17624743735,1.3449654112424667,0.689950717218,-28.7469883601,1.019446369086424,1.7868993411565857,1.7247449140664344,2.1321453142950135,2.82574660604563,3.311398404726291,-0.9225824501751823,-0.06951372358667296,-1.3104631688250188,0.7242108703260204,2.9586097365,3.77639231117,5.31864802082,7.11108597426,7.58298589711,7.99306934413,8.27491598581,8.66308003991,0.0,0.0,0.8448275862068966,0.5172413793103449,0.22413793103448276,0.1206896551724138,0.10344827586206896,0.08620689655172414,0.06896551724137931,0.034482758620689655,0.0,0.0,0.670725464077,0.541747858656,0.417441859896,0.310313291165,0.236212108508,0.103062369484,0.0770063452184,-0.193992279225,-0.262615631407,-0.261026792544,0.375,0.4375,0.3125,0.375,0.375,0.4375,0.690800500698,0.005525764221553735,2.7024611576696045,0.609489827038,0.022553906821958306,2.742197746644831,0.614653531198,0.02209936769835247,2.6047866750603523,0.530269345477,0.025308625213153052,2.644523264035579,0.618394236824,0.00927698300328096,2.5162383172584613,0.539432118008,0.050830835619942415,2.5637168185437536
WellG11_Seq0010/xy10,1,62.624561760583646,5.356902089827681,0.219323323808,0.268419962675,0.08553995332226587,0.5417600945067883,0.026907248094155057,1.01007357678,0.661964548166,0.748456875441,-0.296776557238,0.316834564365,0.6539018388231582,-0.0262041824636,-5.98114568944,0.25899536769670384,0.12582210120408854,-0.8753862313115244,-1.3773794056764608,1.6148422266723843,-1.1769673699245031,-1.78677920058727,-0.18042112259775367,0.7311048516319949,-0.9511364890979745,0.0,0.0,0.0,0.0,0.0,0.0,0.0,0.0,0.0,0.0,0.0,0.0,0.0,0.0,0.0,0.0,0.0,0.0,0.0,0.0,0.303565672487,0.163148348177,-0.0334231276579,-0.0270618609905,-0.316966805093,0.0737179008025,0.188910565886,0.182384081573,0.0182636375558,0.0736515597632,0.5,0.5,0.4,0.4,0.428571428571,0.428571428571,0.572408186369,0.06762725329519641,1.0001801071344576,0.584760852557,0.016240231550212786,0.9972108619896991,0.792789585725,0.044621199549938095,1.6307524976865018,0.779272385278,0.019084763545164505,1.5468850128410887,0.951611558017,0.001890551306010379,1.7050401244340838,0.983745689946,0.001635932314749385,1.8013336540854437
WellG11_Seq0010/xy11,0,136.70219742581364,2.8862432329933125,0.271854876232,0.250198126509,0.02111336384742196,1.5810641985700373,0.02000000000000455,2.20487415203,0.253838465282,0.638536934593,-0.190550606839,2.23386830133,0.6660933927606371,0.0175198802175,-21.8634077405,0.03815031634024724,2.363983102871158,-0.8451332022133062,0.46762216921356936,1.424528581944597,-1.2980281306592714,0.212982134288767,-1.7917751429032691,-0.6230084229606057,-1.723020365601645,1.15255452026,0.0,0.0,0.0,0.0,0.0,0.0,0.0,0.0,0.0,0.1206896551724138,0.0,0.0,0.0,0.0,0.0,0.0,0.0,0.0,0.0,-0.0522806114288,0.0412358987859,-0.0771890286974,0.0317601090968,-0.210296090795,0.0909708267087,0.12756753377,0.206886374396,-0.083400420238,0.204385280714,0.625,0.625,0.5,0.5,0.5,0.5,1.38412910011,0.14227437935340834,2.654867606063715,1.31769798119,0.24447821518665946,2.6322210875810845,1.20542527686,0.1518363187794464,2.62077411724618,0.984428997434,0.07394203458607732,2.521034638526099,1.24964860975,0.035996715293025845,2.636025663833642,1.33079553519,0.266362438382617,2.5900080325285977
WellG11_Seq0010/xy11,1,140.6868740576101,1.479898645178131,0.245305969321,0.173244580329,0.010519095367575832,1.406585937651863,0.0636553218513646,2.26914312996,0.260800114642,0.654642812872,-0.180521054103,2.22792671623,0.7850057876890582,0.0150959176246,-23.9911698164,0.21134318336430713,2.812576245404748,-0.9709896742008048,0.6849831639823671,0.1325630648434002,0.5401486841817049,-0.8786849304253899,-1.7361262525625303,-1.1656391172038911,-1.4978777906121015,1.24480272267,0.0,0.0,0.0,0.0,0.0,0.0,0.0,0.0,0.0,0.06896551724137931,0.0,0.0,0.0,0.0,0.0,0.0,0.0,0.0,0.0,0.0513869734083,-0.00379446394103,-0.0196820218866,0.000477530883638,-0.184345387925,-0.0115065427492,0.191332016937,0.236385045586,0.0347455849078,0.0225585671489,0.4375,0.375,0.5,0.5,0.5,0.4375,1.31671997208,0.139890764164062,2.955234217717864,1.29015457294,0.01985600920493942,2.939701350342318,1.31291030564,0.13872668133708255,2.486000035940518,1.34240459598,0.13835433892723528,2.7114134680572684,0.996704066946,0.03351178203977314,2.4244928590227164,1.01421799151,0.11086787688321392,2.52345192497108
WellG11_Seq0010/xy11,2,141.1721578243417,0.5249761899362838,0.0450735197004,0.0471064147005,0.0037186949468428717,1.2745948375856624,0.05730619512758739,2.27697028749,0.166652603671,0.700886070285,-0.244684333796,1.81151958098,0.7869795994239662,-0.194964069059,-25.033951897,0.31561334611267355,3.9173978465115065,-0.880721289399387,-0.07720918709624058,0.095547631697396,-0.9391468030918251,1.2290440069328872,-1.738086655744568,-0.741984123657073,-1.5112112179653292,1.16018947222,0.0,0.0,0.0,0.0,0.0,0.0,0.0,0.0,0.0,0.10344827586206896,0.0,0.0,0.0,0.0,0.0,0.0,0.0,0.0,0.0,-0.00693816535579,-0.00519370406317,-0.0912874826418,0.00046107707596,-0.00433394644412,0.025373833574,0.180148860194,0.286508523247,-0.0921714323109,0.0781396970679,0.5625,0.5625,0.6875,0.6875,0.625,0.6875,1.28720505247,0.052181519778332255,2.357582671820609,1.40673728123,0.25061935238924543,2.401096539839146,1.25073015607,0.30231669573070175,2.438957371128973,1.34618499993,0.41730790432424014,2.369962936919969,0.982547289768,0.020047614868602466,2.3778333773302545,0.984368961616,0.028242816464070647,2.3969436930083634
WellG11_Seq0010/xy11,3,139.5544773626589,2.8736040089058683,0.159199519822,0.2225478691,0.020591270614974688,1.4145091021269414,0.020000000000027284,2.25087866714,0.229726282128,0.628814001616,-0.206119167348,1.94401624606,0.840303857118799,-0.0563602244348,-22.392446366,0.41026780558028797,3.351305234957712,-0.8777015820806984,-0.7295256532548646,-1.427599110808453,-0.5819579559424612,0.34986903061810093,-1.2550818718840713,-0.30507466259669336,-1.2152700585828395,1.12650875783,0.0,0.0,0.0,0.0,0.0,0.0,0.0,0.0,0.0,0.06896551724137931,0.0,0.0,0.0,0.0,0.0,0.0,0.0,0.0,0.0,0.0587235206126,0.0550127959571,-0.0884370453643,-0.0675567942881,-0.172405408325,-0.0431494564167,0.184951797127,0.285190584744,-0.0945052403546,0.111601811646,0.533333333333,0.6,0.6875,0.6875,0.5625,0.5,1.42573866294,0.18250670260006793,2.6883652776157687,1.44935092014,0.19682765117122766,2.6042138258855436,1.28885470284,0.04324433287683718,2.5544221035688537,1.19468737521,0.057565281448001104,2.418376031799097,1.12868107626,0.1472075538306049,2.661261491126958,1.07322529952,0.009338781690502913,2.5771100393967323
WellG11_Seq0010/xy11,4,134.74798998052572,5.396563721480463,0.512408104767,0.447281654419,0.04004930776526162,1.562259901552912,0.020396078054397183,2.17335467711,0.511149853817,0.624442225383,-0.199941593457,2.01042343095,0.6950699327748637,0.272008059611,-18.9992820235,0.2889910722153157,3.1733090420214616,-0.8255279165027227,-1.0586456044164827,-0.9078776529956696,-0.9876091831212954,0.7945881301533535,-0.21172067964902208,-0.39280782248952484,-0.9662669665836403,1.19935914585,0.0,0.0,0.0,0.0,0.0,0.0,0.0,0.0,0.0,0.08620689655172414,0.0,0.0,0.0,0.0,0.0,0.0,0.0,0.0,0.0,-0.101175052876,0.124104601842,-0.118151183913,-0.0241792850985,-0.108809077331,-0.0582383511842,0.141252693268,0.319484257737,-0.0839603562227,0.140926126927,0.5625,0.625,0.5625,0.625,0.4375,0.5,1.40136320271,0.07765805279331786,2.906349765957856,1.3636676319,0.03229953199246552,2.864320448300869,1.28688909024,0.07082974286079892,2.8758576873096224,1.17382789195,0.15977534977300298,2.8338283696526347,1.03901171121,0.06423328307310076,2.7947331342564055,1.1415073133,0.024712323839097234,2.7527038165994187
WellG11_Seq0010/xy11,5,122.42374289969877,4.05901465875657,0.0654188840905,0.0436542759456,0.03315545304052746,1.6032828820891314,0.04044749683232324,1.97457649838,0.238822266488,0.559948201367,-0.041876448988,1.76016769184,1.220471772207062,-0.159754861481,-18.105551564,1.221368357854268,1.6584934153463573,-0.7830501415789639,0.11359342151213703,-0.0410648863056986,1.9905682668997597,-0.10775958650341533,-1.4845218505127993,0.24220881642163938,-1.3612178768586987,1.24994401026,0.0,0.0,0.0,0.0,0.0,0.0,0.0,0.0,0.0,0.1206896551724138,0.0,0.0,0.0,0.0,0.0,0.0,0.0,0.0,0.0,0.098912741588,0.17536839246,-0.0919544197905,0.00229065197573,-0.138283032072,-0.104698899306,-0.157295331959,-0.069930529918,-0.305790714882,-0.0700114688286,0.6875,0.625,0.75,0.75,0.75,0.75,1.25861904579,0.19137319736418595,2.130553526639068,1.23684369339,0.10344634230143307,2.258323949310081,1.17564551377,0.04369137893767485,2.249973413659057,1.11322358443,0.040988005952699455,2.3777438363300702,1.13633514923,0.09609800010248225,2.303291355888249,1.09524524696,0.18077738499286564,2.431061778559262
WellG11_Seq0010/xy12,0,78.81985556131359,5.074770930790859,0.240695500098,0.24620986631,0.06438442312093834,0.5840000000000004,0.02009975124223481,1.27128799292,0.505210589954,0.612964321216,-0.222394102636,0.554111565886,0.941380184466278,-0.000795553463558,-9.19540139754,0.4767922181333524,-0.9939072882586788,-1.2811318265927827,-1.4405039247370983,0.05090736137664331,-1.0106233870886812,-1.6129185669695614,0.1665622534117981,-1.2881475406295588,-0.7197853867721014,0.0,0.0,0.0,0.0,0.0,0.0,0.0,0.0,0.0,0.0,0.0,0.0,0.0,0.0,0.0,0.0,0.0,0.0,0.0,0.0,0.273160069795,-0.196147549594,-0.156986768346,-0.0527858807419,0.0607285458413,0.28504363131,0.160969898805,-0.0450400096897,-0.0817126889383,-0.12947331737,0.375,0.375,0.125,0.1875,0.3125,0.375,0.879060629,0.027621614102574958,2.239859102386801,0.878592224075,0.03714761941353226,2.0924310476213006,1.14348785674,0.30321243256227565,2.1362532385262756,1.10999297573,0.20328397857316224,1.9888251837607753,1.24787153446,0.22357215299266534,2.1317649681093056,1.2468940907,0.29175448621873257,1.9668930526590411
WellG11_Seq0010/xy12,1,53.99884729907485,2.9149614062625386,0.608110688289,0.639654372932,0.05398191909760414,0.5579175566336024,0.014560219778550917,0.870949149985,0.665111569758,0.711849955247,-0.404921489046,0.199280813262,0.22193918235322058,0.380359876883,-6.86141855538,-0.8152201896961113,-0.6962342596785014,-0.6869146589118413,0.4995850266516473,-0.7445681108192619,-1.5348903164185552,-1.3744619531855178,0.14427918584055233,-0.7973482483573107,-0.38404149086355144,0.0,0.0,0.0,0.0,0.0,0.0,0.0,0.0,0.0,0.0,0.0,0.0,0.0,0.0,0.0,0.0,0.0,0.0,0.0,0.0,0.0915792697203,-0.121960809325,-0.0649037267596,-0.0245580152327,-0.00256574463596,0.120336011721,0.11805078228,-0.161041085923,0.136684560592,-0.0638576084121,0.4,0.4,0.375,0.375,0.125,0.125,0.754543481592,0.029617756392010447,1.7565817761282152,0.776764160667,0.03627399503727349,1.761310528637948,0.807557616168,0.017008023652468562,1.570900919166355,0.718356408242,0.01035178500720619,1.4673408608719964,0.928963042018,0.19379379948646863,1.924170287935854,0.857563204688,0.1262045117909825,1.7575246135498432
WellG11_Seq0010/xy14,0,68.50969294635532,9.203129902375606,0.605514025023,0.623113107037,0.13433325280821024,0.8807383266328307,0.012000000000000455,1.10499504752,1.01039735932,0.687172500305,-0.413525707772,0.320027399213,0.17711540874147103,0.365756706433,-3.20040874335,-0.9015456640439199,-0.5187322260516423,4.404361824321076,6.5276812480002455,-0.05559637718529187,2.336844786254705,-0.9603040005420609,0.8017146052799378,-0.31513508764439946,-1.100456481701206,0.0,0.0,0.0,0.0,0.0,0.0,0.0,0.0,0.0,0.0,0.0,0.0,0.0,0.0,0.0,0.0,0.0,0.0,0.0,0.0,0.131264046173,-0.0572889943228,0.0175052892295,0.0563494491961,0.0923759080128,-0.128282677667,0.0458351774791,-0.0163842744946,0.0311349080667,-0.23605473833,0.3125,0.3125,0.3125,0.3125,0.4375,0.375,0.649846142207,0.15166465874402985,1.4367632593905464,0.597210912903,0.06247606009513701,1.3080074887520932,0.487152651527,0.01425191902749383,1.0275158340528139,0.457181510503,0.09840251309388176,1.0234131435937541,0.614737975095,0.07361243214641679,1.8527145158759635,0.58674528969,0.013650079432811138,1.8108516578909992
WellG11_Seq0010/xy14,1,66.29578676106044,8.919641248391189,0.523600124416,0.564614681043,0.13454310875800993,0.600333240792169,0.01999999999998181,1.06928688324,1.06346989426,0.573157388421,-0.329154206005,0.28676075794,0.8481144782850456,0.309663206504,-3.08307424741,0.6826655195304636,-0.17286320366058616,3.8871604829287447,-0.6669514888292394,-0.35835486729750654,-1.3104216676783877,-1.3431112800483929,0.6870975411366147,-1.3697512396796239,-0.5385037537300761,0.0,0.0,0.0,0.0,0.0,0.0,0.0,0.0,0.0,0.0,0.0,0.0,0.0,0.0,0.0,0.0,0.0,0.0,0.0,0.0,0.127371850264,-0.00395142812064,0.142282279664,-0.00991207542812,0.0274032876115,-0.0250348697775,-0.0784632088433,0.0147048980903,0.128211898141,-0.160971088313,0.3125,0.3125,0.307692307692,0.307692307692,0.4375,0.4375,1.01859011519,0.06785682285638613,1.874443097430507,0.974539675344,0.0028960243393738485,2.0853619245630375,1.07225063802,0.049937271044241685,2.1900113503762606,1.0836056732,0.04235149923600571,1.9997732474854604,0.978483374663,0.18223973734345644,1.9627823023059046,0.952217898014,0.0863215196250963,1.8403832614361866
WellG11_Seq0010/xy15,0,54.46505864349968,12.584577863401062,0.8432951066,0.791340780994,0.23105782270011402,0.8516454661418947,0.02332380757936584,0.878468687798,1.14355147251,0.534477620783,0.124428098145,0.394472200757,1.536029725733159,0.61072867923,2.72379129915,2.6394851226834213,0.7380678919927477,-1.122262508478962,1.888466053976269,0.22802139944354183,0.49410176729280764,-1.2644789789799507,-1.3169590197024317,-1.161432933640206,-1.2877512442134527,0.0,0.0,0.0,0.0,0.0,0.0,0.0,0.0,0.0,0.0,0.0,0.0,0.0,0.0,0.0,0.0,0.0,0.0,0.0,0.0,0.376293070864,0.120686599069,0.0366732990037,-0.102614445725,-0.0824496001085,-0.120112412702,-0.0377844292839,-0.173353271264,-0.08778913432,0.0798993578301,0.3125,0.375,0.4375,0.4375,0.375,0.375,0.740444512855,0.06838361124830791,1.949176342853226,0.65902659144,0.015365807056796736,1.7215613357830268,0.827595195026,0.061918920644137294,1.9097470094066447,0.72415867301,0.0682993237932559,1.8960343950791487,0.739759496965,0.05080140464728026,1.3118399558611056,0.750357496839,0.05718180779639775,1.337235516066756
WellG11_Seq0010/xy15,1,152.45436237346595,68.83656368529738,0.470974613363,0.760786260774,0.45152242686679656,4.149841442754171,0.1256025477448659,2.4589413286,1.205509145,0.780881531077,-0.178086815791,1.82240818402,1.3064846349182488,0.253883566703,41.2350157278,2.3119432033806753,0.9252528575464494,-0.4812824456646565,2.2723122469807624,2.3556863770379186,3.908182002557087,1.2969213391814716,0.40980877663159365,0.8387604315872341,0.8937161030537655,2.00717137594,3.17339850654,4.36928746654,4.75800402356,0.0,0.0,0.0,0.0,0.0,0.0,0.7068965517241379,0.20689655172413793,0.08620689655172414,0.05172413793103448,0.0,0.0,0.0,0.0,0.0,0.0,0.29162411263,0.180769574228,0.110594968049,0.0489516825024,0.0387592247603,0.109375823084,0.223790741219,0.0528833462575,-0.0920124115306,-0.0121033936952,0.75,0.6875,0.875,0.875,0.875,0.8125,0.68734618579,0.02805142124367463,2.3425336144925675,0.604297363019,0.021141049090665966,2.209667995106391,0.827681665358,0.11830563296945258,2.317823780187368,0.725368115477,0.06006865768753522,2.3282205247167,0.89738397552,0.021031786167472477,2.648982501136337,0.795273299485,0.003634815129104815,2.6469706767709518
WellG11_Seq0010/xy15,2,59.63334322412403,1.6620770138593757,0.108226609351,0.156802464707,0.027871605447520844,0.7304491768768008,0.040792156108752,0.961828116518,0.260789229827,0.574390238622,-0.0995618963741,0.367217471409,1.211092757799307,-0.149127044369,-9.13441681707,1.6811148354916483,-0.76843172993346,-0.4665634110728014,-0.30753288918885335,-0.8727268433044575,-0.7759591326884419,-1.535375166876313,-1.2252843465691372,-0.5847423494162971,-1.2899039197097872,0.0,0.0,0.0,0.0,0.0,0.0,0.0,0.0,0.0,0.0,0.0,0.0,0.0,0.0,0.0,0.0,0.0,0.0,0.0,0.0,0.347392321159,0.0522609385632,-0.0622060719602,-0.121083199807,0.155911611542,0.0187093859424,-0.0155308473675,-0.127673533498,-0.271591010879,-0.0311671135728,0.5,0.5,0.5625,0.6875,0.4375,0.4375,0.706325448577,0.11452550335431344,1.429666478412304,0.722631341982,0.08438435526734421,1.5638533204366711,0.611629239537,0.06764271461127211,1.173609801591819,0.595665832602,0.03224101510513271,1.1312312700257778,0.68314147823,0.09204114832403144,1.622186400808322,0.7238230594,0.1767141331276573,1.6203298927773488
WellG11_Seq0010/xy16,0,147.4384971974832,10.694145314142665,0.183758217638,0.170790743771,0.07253292401521585,1.279261599517469,0.06604967827326427,2.37804027738,0.304517632743,0.528033661052,-0.205502875225,1.87202837559,1.0740596897383705,-0.0396472432757,-15.9992905956,0.9132489926478322,-1.076569068893933,0.007147105809758969,-0.5804962929953335,-0.8595168233935118,-0.6063405989054091,1.155812818432211,-1.076588660899083,-1.3305897975190732,-1.2954881245188088,1.10648369741,0.0,0.0,0.0,0.0,0.0,0.0,0.0,0.0,0.0,0.1206896551724138,0.0,0.0,0.0,0.0,0.0,0.0,0.0,0.0,0.0,-0.0744826807758,0.0274653625893,-0.185140856345,0.152383088531,-0.135630292536,-0.0815307775334,0.153201699371,0.100678984172,0.0572885197925,-0.0362670192147,0.625,0.5,0.4375,0.4375,0.4375,0.4375,0.894744829791,0.07537665217800855,1.9325266546904716,0.84030484196,0.02727919993178086,1.9984163055466866,0.918401244588,0.08817308902042313,2.4281382668699636,0.959332655302,0.06865479784982449,2.357090929109684,0.677323068717,0.057272072655085354,1.4161213004410076,0.674067804749,0.01377526510517763,1.808527621735528
WellG11_Seq0010/xy16,1,131.6417606307144,6.62514150792264,0.0742949871723,0.0615342635941,0.050327050293012224,1.2111548208218468,0.019999999999998862,2.12325420372,0.169980934046,0.579264871317,-0.105691371532,2.0003409902,1.0105927633156717,-0.174165057138,-17.2083278181,0.7491233328007851,-1.2211496686334347,0.4977488076500798,-0.6040154169596628,-1.33015695638958,0.23439062681997225,0.028007666749311877,-0.4114543128204313,-0.5996909186417141,-1.3942313826948884,1.07688110461,0.0,0.0,0.0,0.0,0.0,0.0,0.0,0.0,0.0,0.08620689655172414,0.0,0.0,0.0,0.0,0.0,0.0,0.0,0.0,0.0,-0.071702014305,0.000271385754116,-0.137991866419,0.172398418666,-0.0339216220678,-0.111550726058,0.00664570903725,0.142840350398,0.0030839755467,0.102268995222,0.5625,0.4375,0.375,0.375,0.4375,0.375,1.05789983718,0.09788346744160893,2.6038284640818414,0.970049773048,0.04276500582865132,2.5362197305571623,1.4004678301,0.021815259323490245,2.662909123287987,1.35047694405,0.01565418925161518,2.5272201643768084,1.23560450279,0.14837983749327627,2.7176188498898775,1.19961125439,0.1205817123296281,2.6787592167826606
WellG11_Seq0010/xy16,2,194.81218833378557,49.8593792580693,0.79676864789,0.548408459071,0.2559356254067722,3.594565342291067,0.19606121493043377,3.1421320699,1.40928913282,0.725524886585,-0.101816473956,4.19687501103,1.076303597220537,0.592016696111,14.5890342494,1.1072759225000661,2.3720988364576687,0.5630907953053366,-0.4947685561637294,1.4659233829893834,-0.919390910505502,0.28436389415592345,1.6349596666579727,-1.0958070622600924,0.42208708304522835,2.21149546065,2.84389529706,3.60171014439,4.09737720987,0.0,0.0,0.0,0.0,0.0,0.0,0.5862068965517241,0.3448275862068966,0.1206896551724138,0.017241379310344827,0.0,0.0,0.0,0.0,0.0,0.0,-0.0735860181291,-0.161845687591,0.00659571264603,0.25391362425,0.135851102565,0.0411278842691,-0.0114554979979,0.0950329120896,0.401352994402,-0.0460245359877,0.125,0.125,0.25,0.25,0.25,0.3125,1.07887423747,0.026073896629349093,2.230417287868587,1.09501567359,0.046285189763905527,2.1859845282042785,1.14399691619,0.003399718095556777,2.606160223284143,1.18554780919,0.0060570979644296126,2.4263911264023545,1.12000432824,0.02606852277011099,2.348652272657852,1.13827628225,0.03552533883009427,2.261323476962022
WellG11_Seq0010/xy17,0,114.92143806935755,5.286548968845338,0.167274494177,0.112631670873,0.04600141677355962,1.032472759931206,0.06199999999999477,1.85357158176,0.333136009532,0.626267786786,-0.337830846237,1.00480786594,0.5175566041861885,-0.0623804838009,-15.5197404336,-0.4178851690639629,-0.674699522573956,-0.04320462294053273,0.9469906238531651,-1.3106615487485231,-0.7156144846931656,-1.4437272630533764,-0.5707167492978882,-0.4150573205001624,-1.510064090040363,1.02140295672,0.0,0.0,0.0,0.0,0.0,0.0,0.0,0.0,0.0,0.017241379310344827,0.0,0.0,0.0,0.0,0.0,0.0,0.0,0.0,0.0,0.120973080302,0.0274934127004,0.0916393164759,-0.0732016770815,-0.167721917897,0.104027470051,-0.125020628894,-0.247793308744,-0.0813979323351,-0.149379849679,0.375,0.3125,0.533333333333,0.466666666667,0.5,0.5,0.820225049393,0.06515172161210893,2.347552346259755,0.826565486302,0.0334730163882226,1.9750138906088117,0.788635928091,0.18587086209295242,2.1897412800242466,0.795627896656,0.08426345624885839,1.7813244047463919,0.676387274102,0.16513968369623516,1.715686948770477,0.764876902459,0.20137437277809694,1.7977140722803056
WellG11_Seq0010/xy17,1,509.1660614286551,276.63200266780416,0.64589199832,0.829050810404,0.5433040880446941,16.830535226189347,0.49069746280167575,8.21235582949,1.58511511405,1.0163825658,0.244254993441,56.0835145375,1.2133532023578104,0.43154887976,184.448537111,1.2133799378379129,-0.5722103895922257,-0.5699020089905407,-0.6289217091514114,-0.9931916681149899,0.49289576368418464,0.39980083428644386,-1.491718535347095,-0.5594303487649022,-1.7007900758804881,7.62778291708,8.94801672722,10.7961356295,12.2959047021,13.5520166789,13.5520166789,13.5520166789,14.3926418924,14.983424359,15.2633789765,0.9482758620689655,0.7758620689655172,0.603448275862069,0.5,0.43103448275862066,0.43103448275862066,0.43103448275862066,0.3793103448275862,0.3448275862068966,0.3275862068965517,0.654213631514,0.639028662695,0.590515440155,0.452988445504,0.468533383343,0.335862109744,0.283880494895,0.304247972636,0.177493152069,0.149334160633,0.625,0.625,0.625,0.625,0.625,0.625,0.505472407861,0.007687541594399708,2.077166383087446,0.502442828579,0.0045868067970650395,2.129453233526795,0.615246389659,0.007927218823847214,2.299425320893737,0.606389735286,0.00026037707041911895,2.152477135949245,0.625592157303,0.004555427888404205,2.183549805962804,0.615164529792,0.0006714580928093789,2.0999041219393138
WellG11_Seq0010/xy17,2,64.18822245879532,6.4766966888993736,0.635680687926,0.608411409078,0.10090163648100697,0.5616262102145873,0.04308131845704529,1.03529391063,0.809864834674,0.439528824805,-0.297254242675,0.311734104685,0.7396660314970506,0.407101404008,-5.14444863563,0.6428763304143201,-0.34483736074397786,-0.545053177893084,0.4692340823081702,0.48037523061147125,-1.1983467259457985,-1.221825226942076,-1.139508268719726,-0.9872986367696974,-1.1180610853515671,0.0,0.0,0.0,0.0,0.0,0.0,0.0,0.0,0.0,0.0,0.0,0.0,0.0,0.0,0.0,0.0,0.0,0.0,0.0,0.0,0.225926471991,0.0206560157483,-0.102906515289,-0.0452664359866,-0.222275951342,-0.234161031161,-0.151951151978,0.0262958102581,0.0421283002521,0.118531428743,0.3125,0.3125,0.428571428571,0.428571428571,0.4,0.4,0.786175305603,0.04519211679939778,1.8924681988790013,0.758327872285,0.052054786846048764,1.850022129977517,0.847421368933,0.023268929238058917,1.4825049999475413,0.835901291181,0.017038182701322627,1.3419704058253863,0.754249077635,0.22333178322263073,1.39443624693256,0.733058506562,0.04384558495775113,1.2759747442796998
WellG11_Seq0010/xy18,0,98.68453357024673,2.866251907980162,0.368755264611,0.383520043356,0.029044590923053552,0.6886160032993713,0.03820994634908715,1.59168602533,0.628655136156,0.609444413637,-0.226755210604,0.82096792812,0.9283104790113316,0.109663864652,-15.0003794143,0.419418632726118,-0.21184701274717277,-0.9085646606427868,-0.6732889204110402,-0.14019446213855646,-0.7674145890660338,0.6755248220771892,-1.3032606586598916,-1.355079787000007,0.7031922739444387,0.0,0.0,0.0,0.0,0.0,0.0,0.0,0.0,0.0,0.0,0.0,0.0,0.0,0.0,0.0,0.0,0.0,0.0,0.0,0.0,0.245848107497,-0.0526415995823,0.0432158854723,-0.152779275143,-0.0843766645079,0.0406110020848,0.106417630143,-0.0583248994898,-0.00195514807762,-0.0553007969873,0.5625,0.5625,0.4375,0.4375,0.25,0.25,0.763768858395,0.02484741757037743,1.4757798762366416,0.769349823757,0.021085637764516937,1.383594889518666,1.07393788428,0.13270235194947394,2.1143923705497176,1.08937224072,0.029179607493328104,2.1866551863156714,0.837918851713,0.10589425983438036,1.9225476537911101,0.808118975025,0.07211667131121263,1.6878604879307655
WellG11_Seq0010/xy18,1,69.98512818987895,4.428724421320376,0.336647492809,0.363709748404,0.06328093604836528,0.7200027777724156,0.016000000000008185,1.12879239016,0.647622082921,0.647551064393,-0.22333387383,0.499283750691,0.749645459003083,0.118826656572,-8.241938733,-0.1451996303217089,-0.9785679501252229,0.04206438463634754,-0.5368231311732914,-0.6049767605672867,1.0137036254375378,-0.7962308148011901,0.1430050471932498,-1.0587552875367452,-0.11148309951106983,0.0,0.0,0.0,0.0,0.0,0.0,0.0,0.0,0.0,0.0,0.0,0.0,0.0,0.0,0.0,0.0,0.0,0.0,0.0,0.0,0.0913645402387,-0.138290297426,-0.0754069343809,-0.045796367862,0.103429043865,-0.131395521152,0.0373515224197,-0.0185802663371,0.00400795494273,-0.0115555654503,0.4375,0.4375,0.4375,0.4375,0.25,0.25,0.75541377145,0.093987222021636,1.552257512954678,0.705648060462,0.10676619274808864,1.6139899679689185,0.848946305249,0.03889983160294257,1.6770616873957074,0.872426296045,0.0501044772572766,1.768927180629902,0.857011584853,0.018243646565827557,1.660145966177889,0.846019602487,0.05687820442065676,1.516545598170545
WellG11_Seq0010/xy18,2,148.1533079079448,6.007528610002579,0.117309598568,0.260734608202,0.04054940584745744,2.6633249895572186,0.013999999999987267,2.38956948239,0.234283884641,0.677600284118,1.49009736248,8.60354351068,2.4164061318966983,-0.131303997164,-20.8153223049,5.497531790224716,3.0894243475602154,0.521991817894599,1.629432258612626,0.5435881390480879,-0.967552097752479,-0.2391215123263981,-1.2887298040692294,-1.364161229860051,-1.3953340426903633,1.92006933345,2.57650910983,0.0,0.0,0.0,0.0,0.0,0.0,0.0,0.0,0.13793103448275862,0.06896551724137931,0.0,0.0,0.0,0.0,0.0,0.0,0.0,0.0,0.556653642183,0.103815071436,-0.149491244738,-0.16532448246,-0.160854816712,-0.0234597265667,0.0158201642428,-0.0477297123012,-0.101104464674,0.101917078525,0.5,0.5,0.4375,0.5,0.3125,0.3125,0.996446225524,0.10665515445155163,1.8864877767795134,1.0082267281,0.11540490695440081,1.89910658617746,0.706892073649,6.897905251538225e-05,1.6907266992806025,0.705791442093,0.07092876216652433,1.62056441132985,0.902584211929,0.010366386037918238,1.728123864125862,0.911424215419,0.01731581775125875,1.6579615761751096
WellG11_Seq0010/xy18,3,86.69575777088635,6.407027391856766,0.464246870511,0.558769666308,0.0739024325594895,1.0324727599312051,0.0,1.39831867372,0.577829285431,0.494700287822,0.307188848622,1.01592121952,1.8950782865446725,0.246769375,-9.28906079195,4.727540276694555,1.3815912518477935,-1.20365789801384,0.23529071773589605,-0.6766494438969013,0.43487819000396355,-1.6886450979514385,-0.8464539616600653,-0.9516712285583653,-0.8375046314580543,1.10634533488,0.0,0.0,0.0,0.0,0.0,0.0,0.0,0.0,0.0,0.017241379310344827,0.0,0.0,0.0,0.0,0.0,0.0,0.0,0.0,0.0,0.401043108445,-0.21814848768,-0.344968831006,-0.193306227523,0.111895727368,0.230131673603,0.164418964202,0.00334653425487,-0.154816968633,-0.0682629473574,0.4,0.333333333333,0.266666666667,0.2,0.1875,0.1875,0.942145923889,0.07771139754296073,1.7085990683184096,0.967757596162,0.1958995418980566,1.6940789671861067,0.797579150268,0.11843103013079234,1.5243495531997044,0.85835384516,0.2842763280429522,1.7321617220611216,0.977255212692,0.007366779938385489,1.643936626521716,1.00551627046,0.1381960643427621,1.6859020659895148
WellG11_Seq0010/xy18,4,86.07431032842449,2.3728674636396976,0.115516318216,0.393134420204,0.02756766164707916,1.855620650887462,0.04753945729602536,1.38829532788,0.319385847321,0.671806782796,3.95631472249,3.0025743045,4.302118435242297,-0.0799879403353,-13.2107089421,19.18745104058315,0.33342113451390976,-0.21530710055068703,-0.718579732884383,-0.5973155478777814,0.12521275280876454,-1.3689663931934513,0.34206594841987936,-1.472354997595003,0.1922563593255786,1.9624701044,2.00830774534,0.0,0.0,0.0,0.0,0.0,0.0,0.0,0.0,0.034482758620689655,0.017241379310344827,0.0,0.0,0.0,0.0,0.0,0.0,0.0,0.0,0.517287259196,0.113802582238,0.116923831898,0.0377271341122,-0.0518508262674,0.023160309751,0.0886988202134,-0.0583528748367,-0.0844287150368,-0.0911036710406,0.466666666667,0.533333333333,0.5,0.5,0.5625,0.5625,1.03952954133,0.006255008428131478,1.9649941712094603,1.02818066432,0.07026759008686748,1.8102935595010021,0.636171101845,0.04799032968080258,1.8721432478529874,0.594145428199,0.062431219084080405,1.9145024738306093,0.860753060097,0.007679982139132676,2.5061726785469,0.776483322137,0.001326145552326421,2.3702203456606306
WellG11_Seq0010/xy18,5,71.26751108537654,4.802082881417304,0.453641685027,0.561553733966,0.06738109425014913,1.652755275290334,0.02000000000000455,1.14947598525,0.423009208243,0.772694179106,2.02049834032,1.23639863537,3.4617091919557157,0.198274377624,-8.10075305195,14.336265591366246,3.6220477957926587,4.616538716659541,-0.8499438793253162,-0.15187804478276457,-0.9291486223722512,-0.8000881779915656,-0.4899344645726065,-1.5179079828105302,-1.7311940951397446,1.47714578191,0.0,0.0,0.0,0.0,0.0,0.0,0.0,0.0,0.0,0.034482758620689655,0.0,0.0,0.0,0.0,0.0,0.0,0.0,0.0,0.0,0.44308122604,0.34141388729,0.0799664959831,-0.0479402750988,-0.137057352427,-0.205526276849,-0.100833397118,-0.127529170364,-0.0249242418492,-0.00682767225964,0.375,0.3125,0.6,0.666666666667,0.466666666667,0.466666666667,0.863641324379,0.3470890838683325,1.6523135610131272,0.78693695691,0.2186131236122805,1.6146906971913675,0.784659540191,0.009727319645442852,1.9727485001029954,0.843481581542,0.1803657163321261,2.0527165797664875,0.78544680944,0.296561919191421,1.4670010570461685,0.731162338807,0.17364355126017067,1.5938273273465418
WellG11_Seq0010/xy20,0,304.5983363226015,21.736835096213944,0.944504271408,0.985626240597,0.07136229093908236,10.031390731100071,0.25455844122718285,4.9128763923,1.40429364366,0.876143918184,0.0287454672741,10.578913414,1.4425350564108,0.730563575914,-33.4100656345,2.991519440714474,1.370751357353865,-0.4114146983363631,0.2684401750413583,-0.8535350283924252,0.20153790132775695,-0.048638352347914804,-0.21617937968418355,-0.7715037267917633,-0.928325693902428,5.01433509151,5.55504388514,6.23926056713,6.57554401241,7.62564012855,8.54057215258,9.70042476492,10.2711203815,10.8583849763,11.0340258997,0.8793103448275862,0.7586206896551724,0.6206896551724138,0.5517241379310345,0.3620689655172414,0.25862068965517243,0.1724137931034483,0.13793103448275862,0.10344827586206896,0.08620689655172414,0.718552341403,0.535557843983,0.426028813273,0.457214595177,0.284794407782,0.0675800865759,-0.144745271565,-0.176269920026,-0.268246249753,-0.299012924761,0.4375,0.5,0.5625,0.5,0.5,0.5,0.161626058597,0.023185268910090172,0.6213594381017131,0.147863855156,0.0023133519013341583,0.6143400064400296,0.285971032686,0.0019914444041987797,2.794303639589326,0.272915035223,0.011971580770010204,2.7941621178485274,0.1366255205,0.0025120004184822596,0.42663983611766143,0.121776765607,0.003481052238916077,0.4004938688164556
WellG11_Seq0010/xy20,1,59.622364689531544,6.122646486610185,8.15192131156e-05,0.00554043868561,0.1026904336735439,0.6150967403587937,0.012806248474871806,0.96165104338,0.890962276259,0.606083862419,-0.394284379047,0.26493195328,0.19356386477270804,-0.24386818056,-4.67185970327,-0.7418988245905016,-0.5859086840537597,-0.9991269210787617,-0.6775052071509249,1.4805638279351498,-0.9722103170672831,-1.2372508340604058,-0.2647406227042466,-1.2971090808044323,0.14043511441750534,0.0,0.0,0.0,0.0,0.0,0.0,0.0,0.0,0.0,0.0,0.0,0.0,0.0,0.0,0.0,0.0,0.0,0.0,0.0,0.0,0.204941242731,-0.159519998547,-0.150509562021,0.00634179458582,0.144279162612,-0.020946671041,-0.216674897526,0.00242643551358,-0.0144507735278,0.108699070336,0.5625,0.625,0.375,0.375,0.4375,0.375,0.81514126746,0.06960774122484784,2.0614279112297837,0.862221340694,0.07424566235372151,2.1003025834807545,0.953832894635,0.21282960889405697,2.0544396146831874,0.99824644401,0.3669550842104109,2.093314286934158,1.02726677034,0.26782445376972036,2.3350450235062064,1.03356453946,0.006892976924249659,2.373919695757177
WellG11_Seq0010/xy22,0,66.61504117721847,4.935433111693399,0.344018184839,0.379907064884,0.07408886978788293,0.5278560409808816,0.014560219778569656,1.07443614802,0.610790045476,0.806614298933,-0.327899697338,0.343236930115,0.61461438904605,0.113297317731,-7.12508273787,-0.28868204622104887,0.08187884037718263,-0.34549751837760745,-0.3601296017783797,-0.5476672731647763,-0.923020904945206,0.0060768051624160435,-0.48516774156388465,-1.549765730629855,-1.1450577386932317,0.0,0.0,0.0,0.0,0.0,0.0,0.0,0.0,0.0,0.0,0.0,0.0,0.0,0.0,0.0,0.0,0.0,0.0,0.0,0.0,0.128949227344,0.0904566372494,0.164421082279,0.201624881253,0.0889733246398,0.110913993384,0.188816754146,-0.138362444989,0.113792623616,0.0801775190344,0.3125,0.4375,0.3125,0.375,0.4375,0.4375,0.719598036684,0.030493912236674234,1.613367287241819,0.723994396767,0.08101769045005223,1.4973043165801105,0.764499552997,0.02308746648262012,1.5877205074314205,0.725264590611,0.00450488431924226,1.4458237493979313,0.762759287646,0.0428214094493787,1.7387823642657956,0.760871498604,0.1144389958133849,1.6903289895392946
WellG11_Seq0010/xy22,1,78.0923787187386,4.5043978509896405,0.486885680948,0.506322589846,0.05768037707255536,0.5933936298950352,0.061611687202988284,1.25955449546,0.632221097948,0.430722945359,-0.391082886199,0.419862499198,0.3472605938265487,0.250010935526,-9.634066295,-0.5632516495116433,-0.5192264283124155,-0.5411757668317656,-1.044644286302063,-0.22468137511740105,-1.1304877122629644,-1.0526839207872576,-1.0801821495885064,-0.5059081977525595,-0.4229981264197944,0.0,0.0,0.0,0.0,0.0,0.0,0.0,0.0,0.0,0.0,0.0,0.0,0.0,0.0,0.0,0.0,0.0,0.0,0.0,0.0,0.202591014361,-0.0403816992283,-0.0450888634518,-0.121984629033,-0.138055026374,-0.0679563364248,-0.0736097169935,-0.0469507557011,-0.00388013917782,-0.211904099043,0.5,0.5,0.2,0.2,0.3125,0.3125,0.614909868451,0.09740723604766666,1.485246928860364,0.650337392757,0.10573446700822722,1.551195547055623,0.694186291651,0.045572437926956345,1.2179462442083628,0.703855497908,0.021330581644093263,1.3672353361861558,0.768945123557,0.10288786200855889,1.4762413171664177,0.788312879175,0.041432417224596944,1.637731171021744
WellG11_Seq0010/xy22,2,89.42754069386322,8.602325267042426,0.10070432883,0.000123703065094,0.09619324427684661,1.2092973166264627,0.02828427124746833,1.44237968861,0.769861542649,0.89750798724,0.157985989156,1.24690442742,1.4246469777833601,-0.117171403712,-7.58834658223,1.8263353133480402,6.673976121737077,-0.4344845184126007,0.6633283644944266,2.486948223448172,3.0483667587618584,-0.7387993525625918,-1.1695894099135438,-0.21763083638918035,-0.10358542280816518,1.16238293782,0.0,0.0,0.0,0.0,0.0,0.0,0.0,0.0,0.0,0.034482758620689655,0.0,0.0,0.0,0.0,0.0,0.0,0.0,0.0,0.0,0.355983685654,0.10735381339,0.268397139255,0.353229135291,0.360829151441,0.154768650083,0.0788939922007,0.203709106867,0.244077472102,0.0754024117485,0.333333333333,0.333333333333,0.4375,0.375,0.3125,0.375,0.759770742925,0.042566251745571534,1.584251026995318,0.742628583084,0.05539244026358845,1.50451450576355,0.773914546499,0.016084773095162062,1.9406197803476615,0.833623143982,0.01974453638449445,1.9866312008518967,0.795638601366,0.05133986893097321,1.6261849816230147,0.722368265814,0.054436600058830845,1.6550384150392974
WellG11_Seq0010/xy23,0,57.98607074602233,3.2426116017802653,0.032897107677,0.0246546677605,0.05592052643095668,0.45414838984631434,0.032015621187165375,0.935259205581,0.623340539671,0.618502437802,-0.346334182481,0.231004039222,0.6762459222450038,-0.217896563608,-7.25564694355,-0.19837536256982613,-0.6661147480587397,1.2526692962331198,-0.09384862497778901,-1.0139040729970594,0.3716663927483568,-0.5541784795719518,-1.225031637098305,-0.15627016562153573,-1.0003538610932705,0.0,0.0,0.0,0.0,0.0,0.0,0.0,0.0,0.0,0.0,0.0,0.0,0.0,0.0,0.0,0.0,0.0,0.0,0.0,0.0,0.252378022922,0.038144961705,-0.170533017735,-0.247711090245,-0.327418212669,-0.057163607854,0.110402986599,0.180794390323,0.157743318831,0.0443599122467,0.25,0.3125,0.4375,0.5,0.375,0.4375,0.708473667172,0.07484783279176599,1.7406078810081707,0.684797935433,0.04801238692582568,1.803507356164027,0.54192822777,0.03024613093429647,1.2299124216593418,0.49654046571,0.006879940131273175,1.1422013057802505,0.777897246966,0.052796167858205664,1.5653017459462364,0.798716937673,0.008424204390709011,1.5620676061932899
WellG11_Seq0010/xy23,1,59.362194591961995,3.2472141906563206,0.0717242578152,0.0426330656821,0.05470172073281154,0.507704638544889,0.01999999999998181,0.957454751483,0.589427959126,0.52903361893,-0.370504349786,0.242792605201,0.5228710939631792,-0.127972546318,-7.50018873951,-0.5875652975335988,-0.16708538504993697,1.6937447297622246,0.5015101808895093,-0.31519369051530877,1.3766717706506464,-1.3810066560078753,-1.2819600790983539,0.3720427267369537,-0.977873408489184,0.0,0.0,0.0,0.0,0.0,0.0,0.0,0.0,0.0,0.0,0.0,0.0,0.0,0.0,0.0,0.0,0.0,0.0,0.0,0.0,0.236228513714,-0.0226917500704,-0.3008396248,-0.309554114833,-0.195250195372,-0.0105278635177,0.187914878565,0.241662712202,0.137141389531,-0.104535165128,0.375,0.4375,0.5,0.5625,0.533333333333,0.533333333333,0.554201125581,0.10586836326721409,1.660774809066968,0.536667560723,0.020248307256993316,1.7292388721398204,0.660242073652,0.14099153402771375,1.6622956975160503,0.661302455827,0.15773284878324093,1.8666828996710179,0.809766344129,0.008341740635197735,1.413659508441637,0.81822358079,0.00783484575657292,1.5693148515630848
WellG11_Seq0010/xy23,2,60.623893311548585,1.6599999999999682,0.192052643991,0.181082125719,0.02738194314689033,0.4952413553006294,0.029732137494626793,0.977804730831,0.645147948874,0.598732951367,-0.402772368266,0.256199718427,0.23343907859765378,-0.0654673545292,-9.31583088181,-0.7689149544271343,0.02277385599421189,0.6082639084123622,0.22297399176831778,-1.18138221941481,-0.1962895700344216,-0.7059926305952713,-0.13228138477783435,0.06434198255988344,0.8090362753911813,0.0,0.0,0.0,0.0,0.0,0.0,0.0,0.0,0.0,0.0,0.0,0.0,0.0,0.0,0.0,0.0,0.0,0.0,0.0,0.0,0.124442400471,-0.032054788014,-0.0619036266683,-0.292878561176,-0.15030691019,0.0781106353068,0.140666625229,0.167677351895,0.0668204608725,-0.111248947595,0.25,0.25,0.333333333333,0.466666666667,0.133333333333,0.133333333333,0.496055744847,0.04079368286768853,1.4973898089943802,0.446750797724,0.0575145676040748,1.595491103110568,0.368018065521,0.04241387543710739,0.7550216716233948,0.316648389492,0.049847360318218396,0.751915853652404,0.588667893621,0.008274042860112707,1.7363483880800417,0.568618253622,0.03332614490243092,1.8463628111666233
WellG11_Seq0010/xy23,3,83.61532567267459,3.006659275674581,0.0323124789932,0.0292941805101,0.035958231956718364,0.8840814442119915,0.057999999999992724,1.34863428504,0.516399235395,0.474384447665,-0.242342438487,0.589426281965,0.8934102268514978,-0.208922556765,-12.1317230284,0.9326737470686455,0.45948713931263807,-0.8684544210040035,-1.0759856061673814,-0.7023597893965365,-1.0906460417808754,-0.02940261217871276,-1.4075586449032602,-0.8031705290955586,-0.8262919186451807,0.0,0.0,0.0,0.0,0.0,0.0,0.0,0.0,0.0,0.0,0.0,0.0,0.0,0.0,0.0,0.0,0.0,0.0,0.0,0.0,0.077712891243,0.0783906003773,-0.113310777248,-0.0980593185696,-0.106253250591,-0.135940766104,0.0532188874749,-0.152568451214,-0.0955895936937,-0.016215513151,0.3125,0.3125,0.5,0.5,0.375,0.375,0.595134522799,0.01583072404747465,1.384473564149947,0.623645606758,0.05650910271997443,1.3547871623298458,0.637754310523,0.012051051530488214,1.3070015639438806,0.63659655142,0.021153235656030465,1.5263828898076204,0.708015778803,0.048904767247968405,1.5510274267320792,0.726676607769,0.02454339794016469,1.5201924051262328
WellG11_Seq0010/xy23,4,132.8660549943569,6.007495318350245,0.106366956727,0.0303135631604,0.04521467366969988,2.5616400996236623,0.0400000000000091,2.14300088701,0.0965903164861,0.793399225817,1.0603799229,5.16928666608,2.13565879076607,-0.12447419382,-18.0476299778,4.678092254684628,4.606102585201606,-0.39595071851731767,1.909800547513564,-0.7165959890418607,-0.8110555073069627,-1.1569401833886614,-0.7216951608027777,0.5215489570542515,-1.0774031841937644,1.43271271152,0.0,0.0,0.0,0.0,0.0,0.0,0.0,0.0,0.0,0.1206896551724138,0.0,0.0,0.0,0.0,0.0,0.0,0.0,0.0,0.0,0.349832300499,0.0953777738632,0.0951740488908,0.37305441419,0.184742263048,0.172943840896,0.0600170921485,0.11410639372,0.0193899548452,0.195004410867,0.5625,0.5,0.25,0.3125,0.4375,0.4375,0.753634084868,0.007377831602821748,2.050621392582305,0.826026282807,0.04296797331128745,2.2662703892082807,0.879315946722,0.09523631874648769,1.543318883552842,0.767956394147,0.08379099627163637,1.5802350570691477,1.23036915313,0.3722378021903478,2.335759184058558,1.06967452122,0.31131848151289315,2.0856811031993145
WellG11_Seq0010/xy24,0,77.71011826483421,5.632566022693373,0.675654020065,0.654095008473,0.07248175846931186,1.0084007140021276,0.03687817782917377,1.25338900427,0.756904308439,0.615448083432,-0.193547464862,0.603995221027,0.9069052002990208,0.448180898695,-8.43669065631,0.3331776355740157,-0.16739662714727865,1.2985354342687971,2.301172711127884,-1.1297338157104064,-0.21799579888312026,-0.8139587483361139,1.5685082412207443,-1.5516071523709731,0.026356965055043258,0.0,0.0,0.0,0.0,0.0,0.0,0.0,0.0,0.0,0.0,0.0,0.0,0.0,0.0,0.0,0.0,0.0,0.0,0.0,0.0,0.360794877323,0.071547700875,0.0765076530018,0.00242023273171,-0.157923531463,-0.316839059111,-0.134462222667,-0.284899048967,-0.275196510911,-0.144264219182,0.3125,0.3125,0.4375,0.375,0.4375,0.375,0.754184126876,0.003450270422817584,1.9719390987384027,0.739705470224,0.027796780296010952,1.9569429679423287,0.878339438206,0.18083921876312575,2.079411420125936,0.860876146194,0.20518572863633083,1.8157016105406172,0.555278214564,0.02289240985470117,1.6151462420925937,0.553252451509,0.016279265290583655,1.6466013408052163
WellG11_Seq0010/xy24,1,110.18513589902852,3.7091912865205003,0.186266273799,0.214024581283,0.03366326370845093,0.8158946010361987,0.022360679775023318,1.77717961127,0.420492477179,0.653334330095,-0.173459146398,1.01813967205,1.140050104777091,-0.0419009959233,-16.2396003739,1.6989785108787645,0.05324557414697395,0.013425878156671622,1.76373850487626,-0.35531558387166395,-1.3348059834810149,-0.8877043674378458,0.43844172453741237,0.277136104529514,-1.353445273235203,0.0,0.0,0.0,0.0,0.0,0.0,0.0,0.0,0.0,0.0,0.0,0.0,0.0,0.0,0.0,0.0,0.0,0.0,0.0,0.0,0.1066133727,-0.0262725642217,0.0100387656321,0.000988391492167,0.0163856789015,-0.138265006129,0.0277432533055,0.0517430577236,0.0640418039041,0.0262612395426,0.3125,0.25,0.3125,0.3125,0.4375,0.4375,0.784949871597,0.03680426144930279,2.011096967564964,0.804839624162,0.013616577743373595,2.0202759217237065,0.813580251025,0.013207470070297631,2.0899622308380326,0.770019103366,0.03266837450118569,2.008114309366736,0.911615377311,0.27149039681497045,1.9169205917637258,0.903517434623,0.2256145522434801,1.8350726702924294
WellG11_Seq0010/xy24,2,279.10051411605093,160.1114924045117,0.296311734719,0.0882636390306,0.5736696433957008,6.180853015563477,0.29249957264924864,4.50162119542,1.69382652643,0.849322900832,-0.388410978123,6.35931130505,0.1639853250932286,0.0756918756417,109.58091981,-1.1180792462846618,-1.093349182357969,-1.197071499547801,-1.1345128338518482,-1.2616649006099636,-0.8482581286452517,-1.4794306951745948,-0.7174143650187301,-0.9831944754460697,-0.4054748904483687,4.61532598974,4.81062504991,5.27027838691,5.55731152527,6.19883573305,6.83502537401,7.34962830507,0.0,0.0,0.0,0.8620689655172413,0.8103448275862069,0.6724137931034483,0.5862068965517241,0.3620689655172414,0.20689655172413793,0.08620689655172414,0.0,0.0,0.0,0.323699614656,0.302518610187,0.102556257018,0.0325169850359,0.0678324201337,0.036647731859,0.0720713768835,0.0621200261677,-0.0317395421219,0.0556595894043,0.5,0.375,0.5,0.375,0.5625,0.3125,0.204527156455,0.004880583319421902,0.866095828657853,0.19699390706,0.015724591797205936,0.8035686603396296,0.225371631781,0.01563625715645475,0.8759373847996651,0.223440077884,0.024297808856039865,0.8134102164814416,0.279976384679,0.012316312482808033,0.8789715878543181,0.284401997063,0.0029806762977887,0.8164444195360945
