WellC05_Seq0016/xy02_sliding_s15,0-0,25.634935447646747,5.153882032022076,0.48911468018,0.45791946202,0.20104915194920828,0.500255934497533,0.046647615158770674,0.883963291298,1.00713009898,0.600178644766,-0.332801734878,0.338457721161,0.14264941864910782,0.260059842062,-1.69326817969,-1.128594054617411,-0.9168083381638996,-0.646339199344502,-1.302017522816603,-1.094288646434402,-1.4188502421550517,-0.6909472203503384,-1.5000000000000002,-1.5,-2.0,0.0,0.0,0.0,0.0,0.0,0.0,0.0,0.0,0.0,0.0,0.0,0.0,0.0,0.0,0.0,0.0,0.0,0.0,0.0,0.0,0.138930292846,0.176919913861,-0.118991088737,-0.236405325625,-0.425044085538,-0.406598161544,-0.221413905938,0.0176190660319,0.372966988562,0.323537147149,0.6875,0.666666666667,0.8,0.714285714286,0.785714285714,0.692307692308,0.833144723795,0.08765954024029134,2.1771017939205635,0.742660981917,0.1460463446358082,2.021994091886781,0.42748802932,0.07890607085601362,1.1413399475984853,0.46916554697,0.16565167549302276,0.9926640384742542,0.503780595393,0.027167273196179762,1.2119714120212046,0.543937416869,0.051263459425712796,1.6037476316487416
WellC05_Seq0016/xy02_sliding_s15,0-1,25.10019992191514,4.941912585224348,0.436454919001,0.430879830927,0.19688737940726653,0.500255934497533,0.046647615158770674,0.865524135238,0.974142751429,0.589347089934,-0.310468043718,0.349022841512,0.20280528303147458,0.200179198321,-1.76240853781,-1.1928448817226434,-1.2882118270924598,-0.40295212989619955,-0.673216072412548,-1.4578649952810416,-0.9845524123441121,-0.7105045218713415,-1.5,-1.5,-2.0,0.0,0.0,0.0,0.0,0.0,0.0,0.0,0.0,0.0,0.0,0.0,0.0,0.0,0.0,0.0,0.0,0.0,0.0,0.0,0.0,0.172416058879,0.212241390085,-0.0895529679634,-0.29275442554,-0.365374620779,-0.447793102134,-0.232930972675,-0.0292267900488,0.373085111844,0.338213305823,0.6875,0.666666666667,0.8,0.714285714286,0.785714285714,0.692307692308,0.770248563682,0.08765954024029134,1.9813376861585108,0.797017508746,0.1460463446358082,2.021994091886781,0.483781616047,0.07890607085601362,1.3233298935750764,0.528699301139,0.16565167549302276,1.037016375732708,0.48772279344,0.027167273196179762,1.2119714120212046,0.584788925783,0.051263459425712796,1.6037476316487416
WellC05_Seq0016/xy02_sliding_s15,0-2,27.522942677599687,2.791218371965883,0.209016146359,0.264411753601,0.10141424209837831,0.6711214495156678,0.046647615158770674,0.949066988883,0.78772820451,0.591255692635,0.0983687772002,0.537257674408,1.1037692632400427,-0.0209094467268,-4.56022291279,1.5424032858349337,-0.5190286977218408,-1.6234497049868868,-0.14743843174636728,-0.0028481779530324935,-0.7352161658285885,-0.9330009919936013,-1.5000000000000002,-1.4999999999999998,-2.0,0.0,0.0,0.0,0.0,0.0,0.0,0.0,0.0,0.0,0.0,0.0,0.0,0.0,0.0,0.0,0.0,0.0,0.0,0.0,0.0,0.0288305343009,0.0363502207274,-0.227490592002,-0.230842950868,-0.0275878778602,-0.435412960188,-0.00528512018454,0.00132538012011,0.370577974105,0.15287383833,0.625,0.6,0.733333333333,0.642857142857,0.714285714286,0.615384615385,0.803435108543,0.08765954024029134,1.9813376861585108,0.847910641256,0.1460463446358082,2.021994091886781,0.504125004812,0.07890607085601362,1.3233298935750764,0.544451809358,0.16565167549302276,1.037016375732708,0.498793475457,0.027167273196179762,1.2119714120212046,0.611893028256,0.051263459425712796,1.6037476316487416
WellC05_Seq0016/xy02_sliding_s15,1-0,67.59707543927851,10.804077933817366,0.325207035839,0.239757725809,0.15983055278068228,2.7038054663751194,0.13926952286840338,2.33093363584,0.698934528032,0.722049911531,0.930348644016,5.68582990612,2.1861504625918964,0.0949218997921,-7.25125637161,4.5547037629661205,1.412739255164273,0.3001265997911102,-0.9835159199718939,0.13317087663573712,-1.5436876938644337,-1.6344055218679128,-1.5000000000000004,-1.4999999999999998,-2.0,1.50873772872,2.4584255124,0.0,0.0,0.0,0.0,0.0,0.0,0.0,0.0,0.24,0.04,0.0,0.0,0.0,0.0,0.0,0.0,0.0,0.0,0.400462946213,-0.0152508316479,0.0317925952293,0.0892501972064,-0.0262121291266,-0.117801962845,-0.107891025413,0.034214995664,-0.194275189947,-0.565196860221,0.375,0.4,0.333333333333,0.285714285714,0.285714285714,0.153846153846,0.600064541026,0.05842096270170742,1.4646063208214783,0.535796304426,0.06719597253836469,1.1307704736408035,0.429531503247,0.05060644370207447,1.1222457617468666,0.455699524105,0.08556373886427573,0.8317530479066161,0.370726538994,0.01893265579548078,0.9084583079113332,0.422712527313,0.017220865106901163,0.937786532593966
WellC05_Seq0016/xy02_sliding_s15,1-1,68.38767184672979,11.075382611900968,0.426416915075,0.325913228013,0.16194998766331858,2.7038054663751194,0.13926952286840338,2.35819558092,0.76536024471,0.74398025876,0.915218588302,5.59643316735,2.2194700724749223,0.200983236277,-7.19112181212,4.677072872869642,-1.021897323334395,0.012759193864617657,-1.12689956684603,-0.681482738948306,-0.8431711148090502,-0.942015064004385,-1.4999999999999998,-1.499999999999998,-2.0,1.53260795989,2.4584255124,0.0,0.0,0.0,0.0,0.0,0.0,0.0,0.0,0.28,0.04,0.0,0.0,0.0,0.0,0.0,0.0,0.0,0.0,0.385954472377,-0.018251550912,0.0400266572744,0.0500949795408,-0.0438931114294,-0.147416702166,-0.113519595366,0.0348730309407,-0.174331352991,-0.587971823918,0.3125,0.333333333333,0.266666666667,0.214285714286,0.214285714286,0.153846153846,0.542918567916,0.05842096270170742,1.4646063208214783,0.502530479006,0.06719597253836469,1.1307704736408035,0.429030366229,0.05060644370207447,1.1222457617468666,0.459034823983,0.08556373886427573,0.8317530479066161,0.383990155445,0.01893265579548078,0.9084583079113332,0.440193446035,0.017220865106901163,0.937786532593966
WellC05_Seq0016/xy02_sliding_s15,1-2,77.56366298295903,18.159669600518473,0.226211028296,0.259490905597,0.2341259927926329,2.7038054663751194,0.13926952286840338,2.67460906838,0.872067404223,0.591486195092,0.630402096468,7.28480455587,1.831831651226398,0.000705046579539,-2.55776315837,2.4163550143919617,-0.19014391673101283,-1.0691644684525614,1.0033966658905733,-0.735511026768616,-0.782833048991018,-1.2284268452731197,-1.5000000000000002,-1.4999999999999993,-2.0,1.58755896647,2.4584255124,0.0,0.0,0.0,0.0,0.0,0.0,0.0,0.0,0.32,0.04,0.0,0.0,0.0,0.0,0.0,0.0,0.0,0.0,0.242937905829,-0.0091010409515,-0.0292042143139,-0.0907428963763,0.0427049682927,-0.218238317246,-0.15284720899,-0.030461179431,-0.24180241163,-0.533025541736,0.3125,0.333333333333,0.266666666667,0.214285714286,0.214285714286,0.153846153846,0.519421312685,0.05842096270170742,1.4646063208214783,0.50465750545,0.06719597253836469,1.1307704736408035,0.436888593474,0.05060644370207447,1.1222457617468666,0.47376232623,0.08556373886427573,0.8317530479066161,0.402757072129,0.01893265579548078,0.9084583079113332,0.405293834549,0.017220865106901163,0.7991570826511296
WellC05_Seq0016/xy04_sliding_s15,0-0,44.89643434619282,8.38337044392051,0.00240006573187,0.00652885784997,0.18672686519550774,1.1392910076007758,0.17560182231401072,1.54815290849,0.803430969959,0.833144675802,-0.0990413468616,1.30566232416,0.8953080889500509,-0.235715166006,-3.60857042,-0.34061303698388556,-1.0253662709858724,-0.7769090822603482,-0.7387880783039269,-1.660363553868993,-1.767153698837501,-1.1125791877186122,-1.4999999999999993,-1.5,-2.0,1.06569646598,0.0,0.0,0.0,0.0,0.0,0.0,0.0,0.0,0.0,0.08,0.0,0.0,0.0,0.0,0.0,0.0,0.0,0.0,0.0,0.0258612492716,0.00184995437028,0.224948270633,0.0337534214151,-0.00485008371651,-0.145142604083,0.0250364684794,0.0482984357647,-0.347840141014,-0.164753980347,0.625,0.6,0.666666666667,0.642857142857,0.692307692308,0.5,0.730464397335,0.1281962881588313,1.8132844450450891,0.785312275675,0.1645819668101046,1.7542743762446045,0.722031904142,0.010285787782793446,1.5260730340962148,0.783054296234,0.09719782801348031,1.46706296529573,0.657789711704,0.013364487275936733,1.6925176169363536,0.680640173874,0.0457910867100733,1.7452176707460625
WellC05_Seq0016/xy04_sliding_s15,0-1,45.77840035744289,9.370533602735762,0.0582250534181,0.00886355581017,0.20469333855201544,1.6073941644786505,0.17560182231401072,1.57856552957,0.889229893027,0.833408066853,-0.139760662221,1.2940042257,0.8114606155975737,-0.156472934712,-2.85698241108,-0.4184026258829636,0.7396370518875814,0.09421722587147796,-0.03530149706671093,-0.16531109538054878,-1.682081673267017,-1.3068343025440408,-1.4999999999999993,-1.4999999999999998,-2.0,1.19371993659,0.0,0.0,0.0,0.0,0.0,0.0,0.0,0.0,0.0,0.12,0.0,0.0,0.0,0.0,0.0,0.0,0.0,0.0,0.0,0.0871593022546,0.00969423279705,0.259037334889,0.0477284666175,-0.00739465221865,-0.146017152972,0.0331350443606,0.0253662757492,-0.349967740149,-0.206478020418,0.5625,0.533333333333,0.6,0.571428571429,0.615384615385,0.416666666667,0.750516056249,0.1281962881588313,1.8132844450450891,0.805527222299,0.16484822706129204,1.7542743762446045,0.720058062206,0.010285787782793446,1.5260730340962148,0.719549839296,0.09719782801348031,1.46706296529573,0.601005867549,0.002747650237375819,1.6925176169363536,0.614610639757,0.0457910867100733,1.7452176707460625
WellC05_Seq0016/xy04_sliding_s15,0-2,47.146899594787904,9.252399688729401,0.130333297206,0.0559749581972,0.19624619578913424,1.6073941644786505,0.17560182231401072,1.62575515844,0.926396750539,0.780032468484,-0.143303738821,1.13332683192,0.8408161234860568,-0.0901133454138,-3.34064561858,-0.11776576062282906,-1.0910858560247028,-0.669770768389125,-1.728572014106387,-1.1662628840252471,-0.8262501145718115,-0.8462309649519817,-1.5000000000000002,-1.5000000000000002,-2.0,1.23093895065,0.0,0.0,0.0,0.0,0.0,0.0,0.0,0.0,0.0,0.16,0.0,0.0,0.0,0.0,0.0,0.0,0.0,0.0,0.0,0.197782259738,0.0308570090449,0.295235529109,0.178032160784,0.0127304565337,-0.173394792354,0.0964105246305,0.0484524035924,-0.328893911275,-0.223294852902,0.5,0.466666666667,0.533333333333,0.5,0.538461538462,0.333333333333,0.801226383545,0.1281962881588313,1.8132844450450891,0.784009200241,0.16484822706129204,1.7542743762446045,0.677293296828,0.010285787782793446,1.5260730340962148,0.688635629894,0.09719782801348031,1.46706296529573,0.547961992801,0.002747650237375819,1.6925176169363536,0.56487727115,0.0457910867100733,1.7452176707460625
WellC05_Seq0016/xy05_sliding_s15,0-0,59.216725493883125,12.06254533670236,0.677226723451,0.452091306515,0.20370166090910208,1.7607055404013423,0.09208691546576644,2.04195605151,0.814626838341,0.713913245775,-0.258250487585,1.27177239551,0.9286614722307991,0.420141228569,-3.75437822569,0.3083891067911977,5.153826366809115,1.6020966873894524,-0.1355169246900889,-0.2053768817240491,-0.679492772340796,-0.6984367341794284,-1.5000000000000004,-1.5000000000000002,-2.0,1.5926441162,2.25266153694,0.0,0.0,0.0,0.0,0.0,0.0,0.0,0.0,0.24,0.04,0.0,0.0,0.0,0.0,0.0,0.0,0.0,0.0,0.284360970775,-0.000446288334354,0.199896770296,0.000373867223872,-0.189664365278,-0.110874329279,0.0126137264401,-0.0981901268947,0.0254772286298,-0.029631148998,0.625,0.533333333333,0.4,0.357142857143,0.142857142857,0.153846153846,0.838821493024,0.08414594728261919,2.3681357107195655,0.822073901986,0.03828185811441149,2.435817309118124,0.786718255576,0.013492330720868096,2.437122135539375,0.830587162783,0.06293504252965314,2.5048037339379334,1.01387155378,0.03381590005795474,2.235600410406204,1.05396376993,0.06178777583199757,2.249211624965767
WellC05_Seq0016/xy05_sliding_s15,0-1,59.42988683325093,11.75980442014239,0.576895966012,0.351322267287,0.19787694452688737,1.7607055404013423,0.09208691546576644,2.04930644253,0.768904451649,0.684762212306,-0.251985304205,1.2486653534,0.9681721529343577,0.350317938142,-4.11405502621,0.45354101394589863,-1.04602018041613,0.7565194449846668,1.3193214729841696,0.02038866616366386,-0.8360867307033932,-0.8645360808764302,-1.5000000000000002,-1.5000000000000002,-2.0,1.70236680927,2.25266153694,0.0,0.0,0.0,0.0,0.0,0.0,0.0,0.0,0.2,0.04,0.0,0.0,0.0,0.0,0.0,0.0,0.0,0.0,0.250938008049,-0.0132076213828,0.135526414268,-0.119075566768,-0.278096344105,-0.0430947173889,0.0193948042187,-0.101093745302,0.0712080513506,-0.0547334263106,0.625,0.533333333333,0.333333333333,0.357142857143,0.0714285714286,0.153846153846,0.869512903058,0.08414594728261919,2.3681357107195655,0.840587692998,0.03828185811441149,2.435817309118124,0.848569437855,0.013492330720868096,2.437122135539375,0.78408712782,0.06293504252965314,2.5048037339379334,1.10641219013,0.03381590005795474,2.235600410406204,1.07849574089,0.06178777583199757,2.249211624965767
WellC05_Seq0016/xy05_sliding_s15,0-2,58.164420962692304,14.133654870556319,0.544365114386,0.330538654184,0.24299485212140076,1.7607055404013423,0.09208691546576644,2.00566968837,0.766790630897,0.554080194874,-0.223405364799,1.21475213468,1.0980081136734954,0.332361100387,-1.40219573153,0.7852550055468224,4.417024511949063,0.5519910218853235,-0.05850778946007651,-0.17132239622113143,-0.6781904450196734,-1.8398887582454357,-1.4999999999999998,-1.5,-2.0,1.72474237847,2.25266153694,0.0,0.0,0.0,0.0,0.0,0.0,0.0,0.0,0.16,0.04,0.0,0.0,0.0,0.0,0.0,0.0,0.0,0.0,0.261627155719,-0.0467395501593,0.0359185754508,-0.172178059597,-0.255337629557,-0.082319180981,0.0228909253833,-0.0847110400305,0.078307227739,-0.0188983018727,0.625,0.533333333333,0.4,0.357142857143,0.0714285714286,0.153846153846,0.887581637972,0.08414594728261919,2.3681357107195655,0.888719630588,0.03828185811441149,2.435817309118124,0.780556818975,0.013492330720868096,2.437122135539375,0.838463502532,0.1273160256171443,2.5048037339379334,1.14628781803,0.03381590005795474,2.235600410406204,1.19220234525,0.06178777583199757,2.249211624965767
WellC05_Seq0016/xy05_sliding_s15,1-0,70.64138136002522,15.277162694689126,0.00672947883818,0.0378146513978,0.2162636460466247,2.4646890270376858,0.14925146565445407,2.43590970207,0.613470998831,0.911760185553,-0.242942678934,2.36355137013,0.6856164475893707,-0.234915921362,-3.59131272327,-0.22961971715239704,-1.062482902980404,-1.4599450183773004,-1.3897509804100943,-1.753113445049712,-0.9630308327481178,-1.6156354332651441,-1.4999999999999996,-1.5000000000000004,-2.0,2.24610938958,2.6317044935,3.07778946648,0.0,0.0,0.0,0.0,0.0,0.0,0.0,0.72,0.44,0.04,0.0,0.0,0.0,0.0,0.0,0.0,0.0,0.0116977318815,0.245821992564,0.273921436301,0.148244146966,0.0988560421677,0.053281701891,0.00170430529205,0.147086058289,0.0352945894464,-0.240913878828,0.5,0.466666666667,0.466666666667,0.5,0.428571428571,0.461538461538,0.811966553712,0.050605003579014124,1.7405069431013815,0.840407842917,0.09024083014469084,1.8084195165652368,0.811312264772,0.22905891562971448,1.654735972074434,0.825388228469,0.25511466254736626,1.744369237357077,0.803856740623,0.15552830201400214,1.5111182654601578,0.840087279557,0.22344087547785763,1.600751530742801
WellC05_Seq0016/xy05_sliding_s15,1-1,72.66010088930186,16.92631383379145,0.0185229569681,0.0591394879243,0.23295197263184098,2.542258838120134,0.14925146565445407,2.50552072032,0.625718398209,0.973062531525,-0.240310927756,2.35935254902,0.6955423221196604,-0.22441530176,-2.48136621297,-0.21187756946995462,-0.9184945080782168,-1.4871276115171432,-1.2152029930165438,-1.1835695840449856,-1.1045572236937315,-1.7911866640125063,-1.4999999999999998,-1.4999999999999998,-2.0,2.28610559321,2.66289889059,3.04191336253,0.0,0.0,0.0,0.0,0.0,0.0,0.0,0.76,0.48,0.08,0.0,0.0,0.0,0.0,0.0,0.0,0.0,0.0166462072442,0.271604754703,0.289757990602,0.163151337702,0.129736616684,0.0635039409821,0.0305824809789,0.158618457446,0.0844547194313,-0.278735353289,0.5,0.466666666667,0.466666666667,0.5,0.5,0.538461538462,0.874246322472,0.12226045315131479,1.7405069431013815,0.881852759088,0.09024083014469084,1.8084195165652368,0.785572586409,0.03631385718753629,1.654735972074434,0.822329735881,0.2488151404835445,1.744369237357077,0.807135868899,0.15552830201400214,1.5111182654601578,0.824567991681,0.22344087547785763,1.600751530742801
WellC05_Seq0016/xy05_sliding_s15,1-2,71.74947501089346,14.263369167205886,0.0338466749871,0.0764855674579,0.19879405619400461,2.542258838120134,0.14925146565445407,2.47411982796,0.604591855095,1.01188537369,-0.242940645231,2.35518275529,0.6891231117740598,-0.196492105089,-4.90108061323,-0.21066788316873408,-0.9485361969107702,-0.6643413510648095,-1.0745680414022765,-0.6600305195488438,-1.4478171197573084,-1.7786328404519134,-1.4999999999999993,-1.5000000000000002,-2.0,2.31616270478,2.68015650089,3.04191336253,0.0,0.0,0.0,0.0,0.0,0.0,0.0,0.8,0.52,0.08,0.0,0.0,0.0,0.0,0.0,0.0,0.0,0.00260727740508,0.259164126617,0.26448599116,0.143156529892,0.116476790284,0.0388499844219,0.0134293144559,0.117342550449,0.140422204273,-0.30623123815,0.5,0.466666666667,0.466666666667,0.5,0.5,0.538461538462,0.930618882981,0.12226045315131479,1.7405069431013815,0.930597047673,0.09024083014469084,1.8084195165652368,0.836229016405,0.03631385718753629,1.654735972074434,0.849847267383,0.2488151404835445,1.744369237357077,0.774764050016,0.15280744060446014,1.5111182654601578,0.792778800275,0.22344087547785763,1.600751530742801
WellC05_Seq0016/xy05_sliding_s15,2-0,38.064592007435685,3.1338315206788256,0.00217617072315,4.78497821565e-05,0.08232930803689294,0.4629643614793795,0.07683749084918821,1.31257213819,0.55017051774,0.714295108352,-0.424517976967,0.314850090404,0.6620321230212254,-0.205952368804,-7.03330854311,-0.20207640477580213,-0.9503479147146132,0.6945877224198171,-1.3732401464951,-0.715221771567121,-1.5832235434856887,-1.2725901349406006,-1.5000000000000004,-1.5000000000000002,-2.0,0.0,0.0,0.0,0.0,0.0,0.0,0.0,0.0,0.0,0.0,0.0,0.0,0.0,0.0,0.0,0.0,0.0,0.0,0.0,0.0,0.235611532633,-0.111822553169,0.290687591679,0.141323213097,-0.114004048399,0.122758261804,0.0469396073867,-0.109196675142,0.216174238852,0.346494280422,0.733333333333,0.714285714286,0.4,0.428571428571,0.5,0.545454545455,1.03998507784,0.5021403356441689,1.572411474573304,1.06802779158,0.5426161493406382,1.5604884674576216,0.975464203632,0.36123632937304745,1.7592387334536532,1.02809183393,0.38417850424368266,1.7250005270589244,0.90822854621,0.04794180861737531,1.36844647179187,0.984407278065,0.007559138975413367,1.5998197152604223
WellC05_Seq0016/xy05_sliding_s15,2-1,36.89412390569873,2.9637982387470823,0.0118252207258,0.00725003434672,0.0803325279202331,0.4629643614793795,0.07683749084918821,1.27221116916,0.582825482374,0.866011903878,-0.454333179859,0.259711418759,0.4782831729965759,-0.193794656377,-6.8907071033,-0.5963675195667499,1.6434531857426178,-0.45352642217618655,0.590701791305329,-0.9308341638453932,-1.9333132854729411,-1.118322086994838,-1.500000000000001,-1.4999999999999996,-2.0,0.0,0.0,0.0,0.0,0.0,0.0,0.0,0.0,0.0,0.0,0.0,0.0,0.0,0.0,0.0,0.0,0.0,0.0,0.0,0.0,0.283675558062,0.00695774302448,0.390487474874,0.310425829501,-0.11169370699,0.0224750187417,0.196012964396,-0.0650632293137,0.0584280905,0.146850950038,0.666666666667,0.642857142857,0.466666666667,0.428571428571,0.583333333333,0.583333333333,1.05468667557,0.590162225372699,1.572411474573304,1.08890842553,0.5426161493406382,1.5604884674576216,0.976795507443,0.381205886529333,1.7592387334536532,1.00901940223,0.38417850424368266,1.7250005270589244,0.942793181016,0.04794180861737531,1.36844647179187,0.985162696782,0.007559138975413367,1.5998197152604223
WellC05_Seq0016/xy05_sliding_s15,2-2,34.3138276256583,3.027688887584056,0.00579869067874,0.00165225655927,0.08823524208998736,0.4629643614793795,0.07683749084918821,1.18323543537,0.611493379571,0.931253998621,-0.422420339432,0.297661366947,0.3640495762416993,-0.232929767445,-6.13761338406,-0.49743671111121124,-0.9978939568250369,-0.08737729616820644,-1.430377963322726,-0.22860685806718495,-1.2140923589960464,-0.7363273342644758,-1.4999999999999982,-1.5000000000000004,-2.0,0.0,0.0,0.0,0.0,0.0,0.0,0.0,0.0,0.0,0.0,0.0,0.0,0.0,0.0,0.0,0.0,0.0,0.0,0.0,0.0,0.351315074033,0.0617058902338,0.44247630124,0.370804933808,-0.00768008728162,0.137713780219,0.203103107162,-0.067403653443,-0.0623284114882,0.0444185654791,0.666666666667,0.642857142857,0.4,0.357142857143,0.615384615385,0.583333333333,1.10308039203,0.598117096933438,1.572411474573304,1.14887736392,0.5426161493406382,1.5604884674576216,0.971948155248,0.381205886529333,1.7592387334536532,0.999773470147,0.38417850424368266,1.7250005270589244,0.895156945297,0.04794180861737531,1.36844647179187,0.975110587578,0.007559138975413367,1.5998197152604223
WellC05_Seq0016/xy06_sliding_s15,0-0,95.41709777169413,19.492819190666072,0.266702179814,0.278614813792,0.20429063182477863,2.3684594148939846,0.07211102550931511,3.29024475075,1.11405531732,0.711080442943,-0.169064731043,5.26419205314,0.7955558360377427,0.0392776553799,-5.99330705852,-0.4337787186916948,-0.4711339414049682,-1.0073287642975075,-0.9536480167339381,-0.2714363376184843,-0.9670606031981892,-0.7520813141391498,-1.5000000000000002,-1.4999999999999991,-2.0,1.63001778285,2.2712398913,0.0,0.0,0.0,0.0,0.0,0.0,0.0,0.0,0.72,0.16,0.0,0.0,0.0,0.0,0.0,0.0,0.0,0.0,0.237357191948,0.0884605978669,0.107981297281,-0.018771912462,-0.000599151684016,0.153657368327,-0.223465462752,-0.182437221842,-0.109993127874,-0.308284302158,0.8125,0.666666666667,0.866666666667,0.714285714286,0.785714285714,0.615384615385,1.22812778291,0.010455570748512884,2.7862687062309255,1.19529599223,0.2486919245560638,2.70978322025702,1.01489663835,0.0713547599734653,2.8397324207548733,0.966594199953,0.04972449538451375,2.5618655021315715,1.16072445511,0.1313354010876828,2.7027660677985446,1.18767031204,0.09944896823937972,2.6087030583872295
WellC05_Seq0016/xy06_sliding_s15,0-1,98.60022641646549,14.90503270710939,0.311453081847,0.295008454925,0.15116631319033527,2.3684594148939846,0.07211102550931511,3.40000780746,1.00376784353,0.663879522975,-0.216676200751,5.00071681892,0.7524638345571284,0.0891490722312,-11.4313145235,-0.44093402520228775,1.6650991365671066,-1.5884990226328146,-0.9647073643672464,-0.8363282373663599,-0.96239269340303,-1.7021239278642433,-1.5,-1.5000000000000004,-2.0,1.64920468295,2.2712398913,0.0,0.0,0.0,0.0,0.0,0.0,0.0,0.0,0.68,0.16,0.0,0.0,0.0,0.0,0.0,0.0,0.0,0.0,0.239610377627,0.0560198179547,0.103304737269,-0.0325080612036,0.0232032336068,0.203389462883,-0.199277168154,-0.202012423286,-0.176926451916,-0.370144101994,0.75,0.6,0.8,0.642857142857,0.714285714286,0.538461538462,1.20764248939,0.010455570748512884,2.7862687062309255,1.16362939261,0.2486919245560638,2.4778455093111833,0.977921241662,0.0713547599734653,2.638350988105477,0.941384000662,0.04972449538451375,2.5049918058298997,1.08787349157,0.1313354010876828,2.685188544361135,1.09871346079,0.09944896823937972,2.5500921089216595
WellC05_Seq0016/xy06_sliding_s15,0-2,101.02379050265556,18.435292240699653,0.336089654934,0.27902314643,0.1824846617709821,2.3684594148939846,0.07211102550931511,3.48357898285,0.94731076209,0.625523531008,-0.219955052622,4.99111375538,0.7448229748788757,0.11853385439,-8.54839453085,-0.4419659487846448,-0.5327436016862221,-0.6619215463231862,-0.93031981375466,-1.7016072353343086,-1.8801947337070317,-0.7285379440906183,-1.4999999999999996,-1.4999999999999993,-2.0,1.66592830849,2.2712398913,0.0,0.0,0.0,0.0,0.0,0.0,0.0,0.0,0.68,0.16,0.0,0.0,0.0,0.0,0.0,0.0,0.0,0.0,0.227987849241,0.0436597609564,0.0916552938158,-0.055337479668,0.0167121900988,0.184865561463,-0.194265907268,-0.223722030153,-0.189913796136,-0.352731191615,0.6875,0.533333333333,0.733333333333,0.571428571429,0.642857142857,0.461538461538,1.1822073148,0.010455570748512884,2.4505208870071615,1.15129712571,0.2486919245560638,2.4778455093111833,0.905422402165,0.0713547599734653,2.507210600598238,0.857822567001,0.04972449538451375,2.208922712067343,1.01845644027,0.1313354010876828,2.510552705257426,1.03170093443,0.09944896823937972,2.5500921089216595
WellC05_Seq0016/xy06_sliding_s15,1-0,42.73536214152231,10.973149046650063,0.756731811006,0.786080688748,0.25676976856570005,1.1643023662262217,0.08485281374237283,1.47363317729,1.21149207107,0.799475801669,-0.0582488455265,0.962839101116,1.255077491824249,0.539789348147,-0.441564461506,1.178645565450604,-0.5513213926443568,-1.0660145609843823,0.8009766586816056,-0.5337824321069977,-1.7956526842932552,-1.8320131950256808,-1.5,-1.4999999999999998,-2.0,1.14070153853,0.0,0.0,0.0,0.0,0.0,0.0,0.0,0.0,0.0,0.04,0.0,0.0,0.0,0.0,0.0,0.0,0.0,0.0,0.0,0.161182286255,0.0713198723305,0.0449490273081,-0.238555198127,0.016536811305,-0.412506111172,-0.34132676414,-0.280287053987,-0.159158635624,-0.0891583805296,0.3125,0.4,0.333333333333,0.285714285714,0.285714285714,0.307692307692,0.29260344718,0.005640552589021892,0.6423658025162705,0.319984951739,0.023901205232756868,0.6041357497558901,0.248040029106,0.015101071201326968,0.7235483239381002,0.276125737767,0.02297145792076095,0.6512684675373559,0.260904453676,0.022498391988651716,0.7321534079465876,0.269173351724,0.017038671995831044,0.6033843068051368
WellC05_Seq0016/xy06_sliding_s15,1-1,43.85466930084046,12.114866899805511,0.7701240647,0.790035805468,0.2762503307617767,1.1643023662262217,0.08485281374237283,1.51222997589,1.22091038695,0.618458744755,-0.117888260839,0.927807993947,1.2037927619335247,0.55002813536,0.401183875282,1.137305969601477,-0.3229191676972829,-1.4395255398014215,-1.4285343647724158,-1.1946935508721963,-1.029137990753598,-1.8728568242971235,-1.5000000000000002,-1.5000000000000004,-2.0,1.14070153853,0.0,0.0,0.0,0.0,0.0,0.0,0.0,0.0,0.0,0.04,0.0,0.0,0.0,0.0,0.0,0.0,0.0,0.0,0.0,0.130004865549,0.0285886090417,-0.00284020472669,-0.240368092656,-0.0380228461141,-0.38707665454,-0.173356332572,-0.313555993167,-0.0510321705839,-0.0763161638269,0.3125,0.333333333333,0.266666666667,0.214285714286,0.214285714286,0.307692307692,0.278110048717,0.005640552589021892,0.6423658025162705,0.319677148498,0.023901205232756868,0.6041357497558901,0.251309440755,0.015101071201326968,0.7235483239381002,0.270274197294,0.02297145792076095,0.6512684675373559,0.267197721474,0.023455059132943216,0.7321534079465876,0.249006538686,0.017038671995831044,0.6033843068051368
WellC05_Seq0016/xy06_sliding_s15,1-2,44.36431318400797,11.621101496846178,0.754272999449,0.778026795922,0.2619470620145934,1.1643023662262217,0.08485281374237283,1.5298039029,1.22106409228,0.616404985484,-0.113837342781,0.932746328126,1.203077472960995,0.531589067347,-0.228708580919,1.1189406077162731,-0.6540617163297111,-1.4022215137307061,0.4018103529409385,-1.3281254486913008,-1.300952094163353,-1.4417444673864843,-1.5000000000000007,-1.5000000000000002,-2.0,1.14070153853,0.0,0.0,0.0,0.0,0.0,0.0,0.0,0.0,0.0,0.04,0.0,0.0,0.0,0.0,0.0,0.0,0.0,0.0,0.0,0.0992105166218,0.0348608985795,-0.00625893460041,-0.237676144343,-0.0380069083259,-0.304749931699,-0.160233534459,-0.307854946549,-0.0499838964959,-0.137471382243,0.25,0.266666666667,0.2,0.214285714286,0.142857142857,0.307692307692,0.291835152611,0.005640552589021892,0.7069664025848359,0.323400898607,0.023901205232756868,0.6041357497558901,0.243589599264,0.015101071201326968,0.7235483239381002,0.266234421113,0.02297145792076095,0.6512684675373559,0.264924284313,0.023455059132943216,0.7321534079465876,0.282286858107,0.017038671995831044,0.6033843068051368
WellC05_Seq0016/xy06_sliding_s15,2-0,37.684448680953814,5.713046472767335,0.215088813531,0.293452956444,0.151602230435569,1.0741862035978684,0.02236067977501823,1.29946374762,0.767417797994,0.674508773165,0.0740610242857,0.821907227079,1.5278342723483327,0.00372023406559,-4.35255643429,2.364550800568825,-0.47450832829809775,-0.467645376880224,0.10453107778994664,-0.22527446758459035,-1.4902231260999108,-1.4297708545439893,-1.5,-1.5000000000000002,-2.0,0.0,0.0,0.0,0.0,0.0,0.0,0.0,0.0,0.0,0.0,0.0,0.0,0.0,0.0,0.0,0.0,0.0,0.0,0.0,0.0,0.166428590822,0.10200416236,-0.132669466741,-0.246616431245,-0.208788979276,-0.252051394538,-0.241106311182,-0.0718741521739,-0.188209620417,0.134222289492,0.769230769231,0.75,0.75,0.727272727273,0.714285714286,0.692307692308,1.24370695068,0.1034415443626364,2.64762642957248,1.336185755,0.10254008365121298,2.6719099600971865,1.32283675254,0.11549492950273102,2.912065550323786,1.40015016067,0.019063166141502403,2.9081595958878252,1.54969102856,0.12737682282544915,2.9054982405573995,1.61544959345,0.13128277726140808,2.906399701268823
WellC05_Seq0016/xy06_sliding_s15,2-1,38.9526028501808,6.872910591590727,0.0937686220253,0.17299948388,0.17644290981080935,1.0741862035978684,0.02236067977501823,1.34319320173,0.809903740735,0.565440525586,0.00212123412082,0.801834977298,1.4568983452360298,-0.139300623592,-3.53141921049,2.255371144282777,0.2604005018900053,-1.1732204900285308,-1.1990191610686372,-0.3425680643787854,-0.6757822705822427,-1.7376662138914534,-1.5000000000000007,-1.4999999999999984,-2.0,0.0,0.0,0.0,0.0,0.0,0.0,0.0,0.0,0.0,0.0,0.0,0.0,0.0,0.0,0.0,0.0,0.0,0.0,0.0,0.0,0.13502947383,0.0528235795104,-0.185432995217,-0.283785021885,-0.25967499253,-0.192358698587,-0.0725091767967,-0.0639478061142,-0.0799634184902,0.0651557406836,0.692307692308,0.692307692308,0.666666666667,0.727272727273,0.642857142857,0.692307692308,1.38695902072,0.1034415443626364,2.64762642957248,1.38849287809,0.10254008365121298,2.6719099600971865,1.47449203108,0.11549492950273102,2.912065550323786,1.58395212106,0.019063166141502403,2.9081595958878252,1.71893117297,0.12737682282544915,2.9054982405573995,1.6930575604,0.13128277726140808,2.906399701268823
WellC05_Seq0016/xy06_sliding_s15,2-2,39.115300461326775,7.021402993704317,0.0962786245954,0.178660397723,0.17950528082089937,1.0741862035978684,0.02236067977501823,1.34880346418,0.840010670396,0.59966806639,0.0205234013117,0.819303299155,1.4434750123170366,-0.13845159195,-3.42638371448,2.153586168976184,-0.631435909266624,-1.3938612923761355,-0.904318250043882,-1.6984291667233047,-0.7959350644547207,-1.0089274602543625,-1.4999999999999998,-1.4999999999999991,-2.0,0.0,0.0,0.0,0.0,0.0,0.0,0.0,0.0,0.0,0.0,0.0,0.0,0.0,0.0,0.0,0.0,0.0,0.0,0.0,0.0,0.10229166507,0.0765052365307,-0.177628369533,-0.266290414995,-0.236515306523,-0.147697392273,-0.0574563507382,-0.0738935778886,-0.118574094145,-0.0295393089598,0.642857142857,0.615384615385,0.75,0.727272727273,0.714285714286,0.692307692308,1.49520884094,0.1034415443626364,2.90245650378682,1.45298602028,0.10254008365121298,2.8816142439715415,1.47220849506,0.11549492950273102,2.912065550323786,1.62073008397,0.18499356814884596,2.9081595958878252,1.58098902368,0.12737682282544915,2.9054982405573995,1.58695697053,0.13128277726140808,2.906399701268823
WellC05_Seq0016/xy06_sliding_s15,3-0,47.198469800879096,3.2280024783136696,0.138985181394,0.151221670911,0.06839210025096082,1.122853507809439,0.10770329614269344,1.62753344141,0.390736877545,0.54929395063,-0.142184392263,1.12756671706,1.0074594552846694,-0.108027146677,-9.37881734964,0.5968347236256593,-0.7250788473608982,-1.3054376392835856,-0.4014764126143082,-0.03032978552506771,-0.7993966040872418,-1.0125146734144097,-1.499999999999999,-1.5,-2.0,0.0,0.0,0.0,0.0,0.0,0.0,0.0,0.0,0.0,0.0,0.0,0.0,0.0,0.0,0.0,0.0,0.0,0.0,0.0,0.0,0.172327266439,0.0232515050588,-0.054286235607,-0.338145997963,-0.115660080442,-0.288507334198,-0.280895783788,-0.0674175816573,-0.143430285938,0.0752533987225,0.625,0.466666666667,0.5,0.461538461538,0.692307692308,0.75,1.15278724096,0.06101814404868678,2.0297637827594492,1.15336266589,0.02408873256482227,1.9009164466674435,0.766242053665,0.057767071439511576,1.9894784236036491,0.787744113367,0.0031752428373871175,1.9580970361131322,0.88891971588,0.13439344355968597,1.8928047017428633,0.944703767251,0.15075528877483296,1.9911533712970324
WellC05_Seq0016/xy06_sliding_s15,3-1,48.33422577594768,4.75184174820674,0.0824253337865,0.0802892326745,0.09831215193626573,1.122853507809439,0.1649242250246998,1.66669744055,0.437672843297,0.520385424755,-0.174901093708,1.10239472694,0.9571358680648582,-0.17503170338,-8.15834111263,0.6098621052953739,0.33463444204863757,-1.2594499091997784,0.2107747478170805,-1.1489963324173744,-0.9178392577204493,-1.427226540497467,-1.5,-1.4999999999999996,-2.0,0.0,0.0,0.0,0.0,0.0,0.0,0.0,0.0,0.0,0.0,0.0,0.0,0.0,0.0,0.0,0.0,0.0,0.0,0.0,0.0,0.138544656973,-0.0221377865873,-0.0528434313343,-0.376809611129,-0.132473045656,-0.234369810635,-0.179320478271,-0.0721810298798,-0.0834172621891,0.0278608184479,0.5625,0.4,0.428571428571,0.461538461538,0.615384615385,0.692307692308,1.11917957919,0.06101814404868678,2.0297637827594492,1.07261742636,0.02408873256482227,1.9009164466674435,0.753550210427,0.057767071439511576,1.9894784236036491,0.879784720853,0.020699677930773524,1.9580970361131322,0.899761647879,0.13439344355968597,1.8928047017428633,0.92852691789,0.15075528877483296,1.9911533712970324
WellC05_Seq0016/xy06_sliding_s15,3-2,48.415143164637584,4.512205669071258,0.0950026734105,0.0967818693828,0.09319823043231178,1.122853507809439,0.1649242250246998,1.66948769533,0.457519837494,0.508695698424,-0.181123226884,1.08232586237,0.9784591342958577,-0.107091041102,-8.41959041237,0.6735597774797446,-0.4801675431322199,-0.6310085535359122,-0.7918120306582646,-1.2473858782421097,-0.9805802175587415,-0.8967783681957298,-1.5000000000000009,-1.4999999999999998,-2.0,0.0,0.0,0.0,0.0,0.0,0.0,0.0,0.0,0.0,0.0,0.0,0.0,0.0,0.0,0.0,0.0,0.0,0.0,0.0,0.0,0.0844165665956,0.0142625469633,-0.0895360045421,-0.398432641929,-0.0777933359749,-0.105215113883,-0.18623076983,-0.00410966394389,-0.200267483217,-0.108508551264,0.5625,0.4,0.5,0.538461538462,0.642857142857,0.692307692308,1.05108178893,0.06101814404868678,1.9540991728368242,1.0634463488,0.02408873256482227,1.9009164466674435,0.849077428134,0.057767071439511576,1.9894784236036491,1.02553332968,0.020699677930773524,1.9580970361131322,0.93457142591,0.13439344355968597,1.8928047017428633,0.994257366084,0.15075528877483296,1.9911533712970324
WellC05_Seq0016/xy15_sliding_s15,0-0,23.673954468534088,1.8287700784954068,0.040588345795,0.0591487566749,0.07724818770459711,0.38824734384153914,0.03280243893370164,0.816343257536,0.233840762509,0.787288436052,-0.14333687996,0.299117614374,0.8517122996015525,-0.174495746575,-4.49459760395,0.19523794895750513,-0.13036576511084874,-0.4973708458504631,-0.5576008060285362,-1.586386377951239,-0.8517446242406339,-1.8276477431346903,-1.5000000000000002,-1.5000000000000007,-2.0,0.0,0.0,0.0,0.0,0.0,0.0,0.0,0.0,0.0,0.0,0.0,0.0,0.0,0.0,0.0,0.0,0.0,0.0,0.0,0.0,0.164087370669,-0.15216411485,-0.0804682624345,0.0140310691857,0.21034820257,-0.0490677924149,0.0594198627388,-0.00928228885092,-0.269390744742,-0.225081402421,0.625,0.666666666667,0.533333333333,0.5,0.642857142857,0.615384615385,0.419281648583,0.009017387424257575,1.2505535130614451,0.426973594873,0.0003396110943961477,1.2995884454128412,0.59164098672,0.06547092612467577,1.4273961191188076,0.600140727392,0.03597907947356996,1.440968572537124,0.74913779379,0.017563460686606157,1.388110445809064,0.763766219343,0.04258150734912689,1.3557112517325238
WellC05_Seq0016/xy15_sliding_s15,0-1,22.992012904549036,0.9551963149008287,0.0179768567805,0.0379864922407,0.04154470158251522,0.38824734384153914,0.03280243893370164,0.792828031191,0.0912371448801,0.777364893718,-0.12969577951,0.305973644526,0.8502026023540893,-0.194805059257,-5.18602320752,0.13242242871657028,-0.811576974790766,-0.745468546253254,-1.5809140952130933,-1.2850528590038242,-1.069412944033237,-1.9143535608423619,-1.5000000000000004,-1.5,-1.9999999999999998,0.0,0.0,0.0,0.0,0.0,0.0,0.0,0.0,0.0,0.0,0.0,0.0,0.0,0.0,0.0,0.0,0.0,0.0,0.0,0.0,0.17681592986,-0.125368523067,-0.0999825658568,-0.0636201978108,0.237275387159,-0.0145134566271,0.0232205831803,-0.0453145822856,-0.325751479932,-0.225691773973,0.5625,0.733333333333,0.6,0.571428571429,0.714285714286,0.692307692308,0.40191149041,0.009017387424257575,1.2505535130614451,0.398276364995,0.0003396110943961477,1.2995884454128412,0.641024491369,0.06547092612467577,1.4273961191188076,0.645801504325,0.03597907947356996,1.440968572537124,0.737545584796,0.017563460686606157,1.388110445809064,0.790852232819,0.04258150734912689,1.3557112517325238
WellC05_Seq0016/xy15_sliding_s15,0-2,23.337490921761834,0.8002499609496564,0.0113812564417,0.0206381528513,0.03429031696819799,0.38824734384153914,0.07000000000000454,0.804741066268,0.0423678759518,0.725838330745,-0.15891300027,0.302994356416,0.7880463789536408,-0.22792873623,-5.43324753438,0.10190189476454314,0.04741566651879303,-1.4971306105573001,-0.7253000447860933,-0.8878712766701429,-1.3673736031202994,-0.7341804598967547,-1.5000000000000007,-1.5000000000000018,-2.0,0.0,0.0,0.0,0.0,0.0,0.0,0.0,0.0,0.0,0.0,0.0,0.0,0.0,0.0,0.0,0.0,0.0,0.0,0.0,0.0,0.149862484667,-0.16298114538,-0.131749639228,-0.0517469960153,0.227029246673,-0.045766461433,0.0369394180465,-0.06172601628,-0.305632751809,-0.214282424324,0.5625,0.666666666667,0.666666666667,0.571428571429,0.714285714286,0.615384615385,0.387983113967,0.009017387424257575,1.2505535130614451,0.330998926523,0.0003396110943961477,0.6933018879034589,0.595751045947,0.03173805495329918,1.4273961191188076,0.623167462387,0.03597907947356996,1.440968572537124,0.738575495838,0.017563460686606157,1.388110445809064,0.784518868904,0.04258150734912689,1.3557112517325238
WellC05_Seq0016/xy15_sliding_s15,1-0,153.33028467819827,9.48898835493013,0.970004758041,0.961656533077,0.06188593711180496,6.921466896547299,0.3175909318604769,5.2872511958,0.205719447295,0.407691804745,-0.00566582658946,12.5834042568,1.2082071051792995,0.731887084025,-31.4658833022,1.5479976973379195,-0.9108690889387425,-1.3432154539069414,-0.6069080342967328,-0.628437023042625,-0.9930453664393841,-1.653960486268252,-1.4999999999999996,-1.4999999999999998,-2.0,4.27632830563,4.85301821137,5.15391081811,5.47752329418,6.16365210051,6.70054114644,7.34827871001,0.0,0.0,0.0,0.96,0.8,0.72,0.6,0.36,0.2,0.04,0.0,0.0,0.0,0.159659519766,-0.11489382,-0.0771127334444,-0.122161276276,-0.295658693555,-0.0910465596494,0.0889859925709,0.00259653034096,-0.0721928547886,0.0760794311688,0.4375,0.466666666667,0.466666666667,0.428571428571,0.428571428571,0.461538461538,0.119447955294,0.0018240441258792906,0.29298740868142265,0.113394976469,0.003932655731553245,0.29041922843533713,0.139770227579,0.021920711021447853,0.518977894777512,0.144491460205,0.015329494233696042,0.5215460750235978,0.203536439501,0.02415015365749807,0.9856187396867361,0.217334895696,0.025211998624044846,0.9854076147162841
WellC05_Seq0016/xy15_sliding_s15,1-1,147.93661531170204,5.021205034650527,0.957096507963,0.937372162407,0.03394159737987017,6.921466896547299,0.3175909318604769,5.10126259696,0.284129708205,0.588753274985,-0.274024577007,7.92208130452,0.6084911675267891,0.721377993637,-34.4930051306,-0.31304626895805976,-0.562361038211578,-0.7857629919021525,-1.6876269874156966,-1.6393181398968086,-0.9649255614190411,-1.2334815764344573,-1.5,-1.5000000000000007,-2.0,4.08040872197,4.76978065197,5.07858016976,5.4091655409,6.12979213308,6.76704347305,7.34827871001,0.0,0.0,0.0,0.96,0.76,0.68,0.56,0.32,0.16,0.04,0.0,0.0,0.0,0.268782176076,-0.258051772239,-0.133494349339,-0.0799495068153,-0.226162253313,-0.22083305013,-0.00385114297314,-0.208173468838,-0.113383978882,0.127573507051,0.4375,0.4,0.466666666667,0.428571428571,0.428571428571,0.461538461538,0.135224100839,0.0018240441258792906,0.3554063055959877,0.136762802028,0.005862378065365021,0.3544500391176214,0.158340577924,0.021920711021447853,0.518977894777512,0.16401878232,0.015329494233696042,0.5215460750235978,0.222434822409,0.02415015365749807,0.9856187396867361,0.234986977459,0.025211998624044846,0.9854076147162841
WellC05_Seq0016/xy15_sliding_s15,1-2,141.1322871502706,25.366176298370142,0.949739803077,0.95294789299,0.17973333253900653,6.921466896547299,0.3175909318604769,4.86663059139,0.688568470556,0.48566076361,-0.294706782132,8.72127026304,0.49785037369323454,0.73178474348,-12.3305821668,-0.672228224177025,-0.7107466869733536,0.5888065696955112,-0.5352928911480883,-1.1336363992351743,-1.4354300630726535,-1.6052624584412567,-1.5000000000000002,-1.5,-1.9999999999999998,3.95306843307,4.60892976072,5.06559119959,5.41860876001,6.25027619602,6.76704347305,7.34827871001,0.0,0.0,0.0,0.96,0.76,0.64,0.52,0.28,0.16,0.04,0.0,0.0,0.0,0.243669724561,-0.22372158683,-0.187788155611,-0.156386031856,-0.279565798198,-0.200198967371,0.102832619899,-0.0650675104701,0.0991190164511,0.063212580333,0.375,0.333333333333,0.4,0.428571428571,0.428571428571,0.461538461538,0.151220774628,0.0018240441258792906,0.3554063055959877,0.156596987828,0.005862378065365021,0.3544500391176214,0.175392580861,0.021920711021447853,0.518977894777512,0.178848516492,0.015329494233696042,0.5215460750235978,0.238914964704,0.029087620385591283,0.9856187396867361,0.242150296053,0.025211998624044846,0.9854076147162841
WellC05_Seq0016/xy16_sliding_s15,0-0,176.84166713030666,54.170468892192545,0.884967785074,0.912141855801,0.3063218627783958,7.027503112770586,0.5480145983457029,6.09798852173,1.17471393694,0.772420724709,-0.484380451849,5.84275899175,0.30291298017932966,0.642230121613,6.93565291211,-0.4784744255408824,-0.7350016686633833,-0.8746965865243901,-1.6119698457845588,-0.5947807198810295,-1.0171315825019305,-1.092197696937103,-1.500000000000001,-1.5000000000000002,-2.0,4.92491503278,5.08069500917,5.20692569382,5.61421067472,6.58279606867,7.05550373177,7.5658072363,8.04771594926,0.0,0.0,1.0,0.96,0.92,0.72,0.4,0.28,0.16,0.04,0.0,0.0,0.491760498907,0.244883554074,0.0932463169399,-0.0154670292943,-0.155460778836,-0.215743034631,-0.424269599283,-0.244096220659,-0.600640536726,-0.656573818044,0.5,0.466666666667,0.533333333333,0.5,0.5,0.461538461538,0.336880536489,0.025702737307280635,0.7294576912927,0.313894713255,0.05873305314204668,0.6550848845857673,0.292680305167,0.023475921325231852,0.5699654491266288,0.27511202422,0.03560071445551437,0.5408621374816855,0.243301866467,0.00017941277557933345,0.4835553298720021,0.229516390274,0.011525173511928695,0.4510577240737625
WellC05_Seq0016/xy16_sliding_s15,0-1,178.47984870946354,64.2842321257709,0.882112030736,0.930935200526,0.3601764153801771,7.027503112770586,0.5480145983457029,6.15447754171,1.30296429365,0.976128798691,-0.504532550749,5.21013266439,0.36417388169270287,0.649504754154,16.6118540785,-0.3431272650569075,-0.6859666389482384,-0.3916925168349583,-1.396989831167873,-0.5497739191035329,-0.9166647953505267,-0.6703079388312969,-1.5000000000000002,-1.4999999999999991,-2.0,5.07144636635,5.23333181498,5.36619888248,5.81772641579,6.73725986699,7.20880299657,7.70902535906,8.1648068997,0.0,0.0,1.0,0.96,0.92,0.72,0.44,0.32,0.2,0.08,0.0,0.0,0.486759574078,0.260803787504,0.122553040018,0.0223901377843,-0.130971915392,-0.264854352449,-0.285701716034,-0.230628263214,-0.503313714584,-0.615466954846,0.5,0.466666666667,0.533333333333,0.5,0.5,0.461538461538,0.3593591451,0.025702737307280635,0.8785928967705423,0.338298991512,0.05873305314204668,0.7425204071147483,0.315543444155,0.023475921325231852,0.8063252103447893,0.300983009047,0.03560071445551437,0.7188505972242419,0.258073199531,0.00017941277557933345,0.6326902371147861,0.245811825113,0.011525173511928695,0.6008147291630456
WellC05_Seq0016/xy16_sliding_s15,0-2,180.7916469948621,69.16050390215496,0.876956657835,0.943858718314,0.3825425845261558,7.027503112770586,0.5480145983457029,6.23419472396,1.40009877257,0.930882570003,-0.505239120376,5.18885603158,0.36514217460802834,0.652509400439,20.8706392163,-0.33130715012921597,-0.3897241093302899,-0.7886681766217083,-0.5952700033331566,-1.6372556414027424,-1.5916017953096164,-1.3750194094039268,-1.4999999999999996,-1.4999999999999991,-2.0,5.14830038728,5.31338808678,5.44973586175,5.92446811153,6.91192809637,7.18321130483,7.70902535906,8.1648068997,0.0,0.0,1.0,0.96,0.92,0.72,0.44,0.36,0.2,0.08,0.0,0.0,0.47932176345,0.267440275995,0.106780400692,-0.0249998503234,-0.214975362302,-0.158862049899,-0.212852859985,-0.128630726964,-0.432734712421,-0.555963887867,0.5,0.466666666667,0.533333333333,0.5,0.5,0.461538461538,0.394744441535,0.025702737307280635,0.9392896392776818,0.371664698884,0.05873305314204668,0.7743736890160542,0.354176558129,0.023475921325231852,0.9328221823212793,0.335963677673,0.03560071445551437,0.7967496926654852,0.292053544739,0.00017941277557933345,0.8613675722251604,0.288701225497,0.011525173511928695,0.7738929591046129
WellC05_Seq0016/xy16_sliding_s15,1-0,54.50975562684041,1.800249982641481,0.0368508606818,0.0752729815265,0.033026198006931524,1.6464701637138908,0.026907248094138157,1.87964674575,0.021607864046,0.799832681157,0.533438648504,2.86235859519,1.8320909218735082,-0.189478519253,-12.7594311035,3.137727001470491,1.8063695591135938,-0.9374358142977832,-0.42207796780524154,-1.1195783439109286,-0.8007563044629111,-1.9263309894261602,-1.5000000000000013,-1.5,-2.0,1.69751465384,0.0,0.0,0.0,0.0,0.0,0.0,0.0,0.0,0.0,0.04,0.0,0.0,0.0,0.0,0.0,0.0,0.0,0.0,0.0,0.453436625398,-0.101168417998,-0.188831555186,0.219868733966,0.443832519833,0.257469950327,-0.0602265486086,-0.159075054725,-0.119345290655,-0.0638169927203,0.375,0.4,0.533333333333,0.5,0.642857142857,0.692307692308,1.14783634188,0.18119917760854617,2.6743078567407896,1.0567104816,0.34999752502692544,2.6431719381486922,1.29505094664,0.21266960825297615,2.741544398887588,1.08073944722,0.03499111000222003,2.62986075823306,1.45198031773,0.2267375900731967,2.756883013928597,1.30316835199,0.2734349344589368,2.754229357855845
WellC05_Seq0016/xy16_sliding_s15,1-1,55.109646346412944,1.4003213916813,0.0365916441146,0.0772190133066,0.025409732860179134,1.6464701637138908,0.04079215610870518,1.90033263263,0.19768298455,0.777710915969,0.56617909532,2.85224433433,1.873965867998829,-0.193634783509,-13.3195918852,3.2631757300330015,-0.4919725061278215,-1.0424884982134743,-1.0432859517812931,-1.6418847346266898,-0.9731666486686912,-1.6650423777352918,-1.5000000000000007,-1.5000000000000002,-1.9999999999999998,1.69751465384,0.0,0.0,0.0,0.0,0.0,0.0,0.0,0.0,0.0,0.04,0.0,0.0,0.0,0.0,0.0,0.0,0.0,0.0,0.0,0.431026556891,-0.144933595799,-0.190971402829,0.227274978691,0.454280295048,0.234948745583,-0.0871378177153,-0.166146094116,-0.107262828557,-0.0542501588039,0.3125,0.333333333333,0.533333333333,0.428571428571,0.642857142857,0.615384615385,1.14437261856,0.18119917760854617,2.6743078567407896,1.04171078355,0.34999752502692544,2.6431719381486922,1.28458267096,0.21266960825297615,2.741544398887588,1.15040426578,0.03499111000222003,2.62986075823306,1.41690263809,0.2267375900731967,2.756883013928597,1.31134233241,0.2734349344589368,2.754229357855845
WellC05_Seq0016/xy16_sliding_s15,1-2,52.858451221210046,2.713595400939478,0.0341500482594,0.0805803972112,0.051337020632390706,1.6464701637138908,0.04079215610870518,1.82270521452,0.394057444444,0.671480545652,0.879321242263,2.50653121519,2.2196043271207415,-0.200450410501,-11.4050184809,5.3311752172306885,7.172737952051937,3.388737554305469,1.9072891947202297,-0.5529554822426235,-0.7135350204988407,-0.8428422112829312,-1.5,-1.4999999999999996,-1.9999999999999998,1.69751465384,0.0,0.0,0.0,0.0,0.0,0.0,0.0,0.0,0.0,0.04,0.0,0.0,0.0,0.0,0.0,0.0,0.0,0.0,0.0,0.169279841031,-0.170974048092,-0.156382617793,0.304170894952,0.313956564603,0.0871174104645,-0.190159016935,-0.0947195222261,-0.0269374914964,-0.0684269307822,0.3125,0.333333333333,0.466666666667,0.357142857143,0.642857142857,0.615384615385,1.15702276259,0.18119917760854617,2.6743078567407896,1.05470475731,0.34999752502692544,2.6431719381486922,1.36769673288,0.21266960825297615,2.741544398887588,1.12209760706,0.03499111000222003,2.62986075823306,1.50239352935,0.2267375900731967,2.756883013928597,1.36036675342,0.2734349344589368,2.754229357855845
WellC05_Seq0016/xy16_sliding_s15,2-0,42.59866233671043,1.902629759044131,0.130979941101,0.161068872005,0.044664072876403296,0.5632051136131115,0.0400000000000091,1.46891939092,-0.0810525488257,0.682322643011,0.066659991616,1.14950854339,1.3316042463245448,-0.0955241935227,-9.47557091687,1.2367450403464835,-1.2026192868736179,-1.5253682796627843,-1.4069129471883755,-1.2760929095748956,-1.4401647759495397,-1.876816466787558,-1.4999999999999996,-1.4999999999999991,-2.0,0.0,0.0,0.0,0.0,0.0,0.0,0.0,0.0,0.0,0.0,0.0,0.0,0.0,0.0,0.0,0.0,0.0,0.0,0.0,0.0,0.374022252349,-0.162463092875,-0.0584624687335,-0.0169884388194,-0.13457007562,-0.135267052975,-0.0782923345528,-0.0715587514814,-0.34769941984,-0.300428062179,0.461538461538,0.461538461538,0.3,0.222222222222,0.461538461538,0.5,0.936872086684,0.018967914604166383,2.505398703718499,0.957692488148,0.027020449187449953,2.6930152944033545,0.664931780113,0.07073278365983039,2.2387316170919633,0.509102648311,0.04345089539212589,2.257976258625376,1.32604561232,0.24703257551461433,2.6239329095355974,1.23639508838,0.1101616810756581,2.6525394506795994
WellC05_Seq0016/xy16_sliding_s15,2-1,42.86221254127723,1.824828759089451,0.140062807295,0.172590123601,0.04257430148600243,0.5632051136131115,0.0400000000000091,1.47800732901,-0.147370963869,0.647193536747,0.0548049907439,1.1560747974,1.303266391175638,-0.0885237076749,-9.62376678256,1.154680994716104,0.1205432836067235,-0.41057313733717926,-1.790347112212369,-1.7882784699475676,-1.042969428194539,-1.966561606983315,-1.4999999999999996,-1.5,-2.0,0.0,0.0,0.0,0.0,0.0,0.0,0.0,0.0,0.0,0.0,0.0,0.0,0.0,0.0,0.0,0.0,0.0,0.0,0.0,0.0,0.374214386451,-0.163296990646,-0.0432660027307,0.018814321964,-0.132841686062,-0.145688143016,-0.123793675874,-0.105941978075,-0.344320357083,-0.301653329651,0.428571428571,0.384615384615,0.2,0.111111111111,0.461538461538,0.416666666667,0.885845184621,0.018967914604166383,2.505398703718499,0.868698681187,0.027020449187449953,2.6930152944033545,0.500663371159,0.07073278365983039,2.2387316170919633,0.527957583704,0.07487117093575321,2.257976258625376,1.21011931078,0.24703257551461433,2.6239329095355974,1.16305215569,0.1101616810756581,2.6525394506795994
WellC05_Seq0016/xy16_sliding_s15,2-2,41.28304370129493,0.10000000000013642,0.187575743763,0.195228105544,0.002422302016384507,0.5632051136131115,0.0400000000000091,1.42355323108,-0.364599128656,0.584510904144,0.0637594778223,1.18837668109,1.2554126015676412,-0.0171456717371,-10.9267959128,1.05437511071983,-1.1334727305414922,-0.7281983516179089,-0.21583796468565586,-0.6044670098482672,-0.9634062062132447,-1.1122158858036222,-1.5,-1.4999999999999993,-2.0,0.0,0.0,0.0,0.0,0.0,0.0,0.0,0.0,0.0,0.0,0.0,0.0,0.0,0.0,0.0,0.0,0.0,0.0,0.0,0.0,0.32850633335,-0.135385364541,-0.0455147521609,-0.0507979655651,-0.104470770743,-0.0294565797132,-0.155353357962,-0.121991404452,-0.308991578475,-0.243034429392,0.357142857143,0.384615384615,0.1,0.1,0.416666666667,0.454545454545,0.797804078121,0.018967914604166383,2.505398703718499,0.847406660874,0.027020449187449953,2.6930152944033545,0.510602435497,0.07073278365983039,2.2387316170919633,0.491699246074,0.07487117093575321,2.257976258625376,1.20106205459,0.24703257551461433,2.6239329095355974,1.14916536306,0.1101616810756581,2.6525394506795994
WellC05_Seq0016/xy16_sliding_s15,3-0,40.95784208049754,1.0198039027185213,0.0434115561585,0.0111591544046,0.024898867980256957,0.5472988214860256,0.022360679775023318,1.41233938209,-0.376740097513,0.78378291107,0.17338312746,1.05490855422,1.7071451819700867,-0.172319099866,-9.92012990931,2.4170492406779847,-0.4079845846297254,-0.6748802621871444,-0.4876283323782449,-1.0754428651608905,-1.0428672452857943,-1.9332374821306508,-1.5000000000000004,-1.4999999999999987,-2.0,0.0,0.0,0.0,0.0,0.0,0.0,0.0,0.0,0.0,0.0,0.0,0.0,0.0,0.0,0.0,0.0,0.0,0.0,0.0,0.0,0.366684260535,-0.16077900664,-0.0959687417545,-0.0619346614963,-0.158014368253,-0.0847086410283,-0.0579970393723,-0.130137741947,-0.260726393914,-0.148587327983,0.6,0.571428571429,0.538461538462,0.461538461538,0.615384615385,0.615384615385,0.881079064711,0.12271401762224964,2.3351765465655565,0.904294635996,0.12211597949255461,2.1719062146315458,0.676433113353,0.017667135731906057,2.125085631917523,0.895234545529,0.010483066099100428,2.197346211279257,1.01103729731,0.00011076323301975758,2.111669012931309,0.854553476491,0.02549405232631745,1.815336035668845
WellC05_Seq0016/xy16_sliding_s15,3-1,41.66094270212159,1.7229045243425638,0.0325525369791,0.00370171942155,0.04135538978705887,0.5472988214860256,0.022360679775023318,1.43658423111,-0.193181605867,0.7697039924,0.14206011898,1.056166809,1.652564823994331,-0.163378747769,-9.40482908067,2.2864041666617014,0.9936532394140847,-0.05971795962365212,-1.1157502694907029,-1.7617897752279001,-1.2220818169167424,-1.779123566874782,-1.5,-1.4999999999999998,-1.9999999999999998,0.0,0.0,0.0,0.0,0.0,0.0,0.0,0.0,0.0,0.0,0.0,0.0,0.0,0.0,0.0,0.0,0.0,0.0,0.0,0.0,0.357358004228,-0.171082281986,-0.0855272463436,-0.0550233460485,-0.175667405645,-0.0435444727607,-0.0309450506509,-0.133340188224,-0.272619695823,-0.150880159889,0.533333333333,0.5,0.5,0.384615384615,0.571428571429,0.538461538462,0.856397632281,0.12271401762224964,2.0800703098513473,1.00563285393,0.12211597949255461,2.1719062146315458,0.774636441323,0.017667135731906057,2.125085631917523,1.04715814884,0.010483066099100428,2.2688940414959347,1.01467413931,0.00011076323301975758,2.111669012931309,0.991002606122,0.02549405232631745,2.1686988211076605
WellC05_Seq0016/xy16_sliding_s15,3-2,40.55336313593301,0.7432361670424698,0.0163699271028,0.000196343914216,0.01832736201313751,0.5472988214860256,0.022360679775023318,1.39839183227,-0.201202853031,0.632527031826,0.163444897858,1.10933115022,1.549898882641079,-0.208429023967,-10.0886603887,2.048821909729461,-0.32973966159194923,-0.26720170316278535,-0.26008167702977003,-0.8763482769567617,-0.9157899173529529,-1.0215704543854556,-1.5000000000000002,-1.5000000000000013,-2.0,0.0,0.0,0.0,0.0,0.0,0.0,0.0,0.0,0.0,0.0,0.0,0.0,0.0,0.0,0.0,0.0,0.0,0.0,0.0,0.0,0.318344928176,-0.135251225897,-0.0732116838451,-0.10815577802,-0.173535405344,0.0534782815935,-0.0743136688551,-0.127081896438,-0.201307573975,-0.107100537294,0.466666666667,0.466666666667,0.428571428571,0.307692307692,0.5,0.538461538462,0.960582642902,0.12271401762224964,2.183510097648272,1.08351158734,0.12211597949255461,2.173813855004455,0.892107538934,0.017667135731906057,2.125085631917523,1.11035799992,0.010483066099100428,2.2688940414959347,1.13719497969,0.00011076323301975758,2.111669012931309,1.07434985052,0.02549405232631745,2.2860771650073617
WellC05_Seq0016/xy16_sliding_s15,4-0,41.39716198984607,5.4451813560248885,0.160546548973,0.119147991586,0.13153513657193425,0.860232526704286,0.04472135955001613,1.42748834448,0.691399230085,0.802957783448,0.37317499387,1.28302830963,1.7910209624893587,-0.0625337292895,-5.61209581411,3.1734915090594065,-0.7829370165451297,-0.47227914414806316,-0.14191766844094422,-0.7967617399260973,-0.9815156482039251,-1.310816617112712,-1.5,-1.5000000000000004,-2.0,0.0,0.0,0.0,0.0,0.0,0.0,0.0,0.0,0.0,0.0,0.0,0.0,0.0,0.0,0.0,0.0,0.0,0.0,0.0,0.0,0.372240406256,-0.116029806371,0.0460172695557,0.042057015136,-0.239952016889,-0.097206648754,-0.0734679665646,-0.142476223776,-0.213028867505,-0.204720022096,0.692307692308,0.666666666667,0.533333333333,0.5,0.538461538462,0.583333333333,1.3077536384,0.08710390254223709,2.531695192816563,1.15095435421,0.027642726642500202,2.611472475638754,1.23749778631,0.08710390254206096,2.258491731328464,1.1376070362,0.027642726642672928,2.313495938787854,1.27430052245,0.2141393152909322,2.401305935519783,1.22392981265,0.16550933668387527,2.3838372168347584
WellC05_Seq0016/xy16_sliding_s15,4-1,41.19716198984602,1.9313207915827708,0.09264502763,0.0860060357699,0.04687994750849072,0.860232526704286,0.04472135955001613,1.42059179275,0.514644357716,0.811910035174,0.356818477063,1.28575486282,1.765746138605513,-0.134255607613,-9.0725359186,3.0997448339245235,-0.3583115267442749,-1.5328600818406597,-0.9024426758287314,-0.3731010718727106,-0.9334026445402177,-0.8860688903718019,-1.4999999999999987,-1.5,-2.0,0.0,0.0,0.0,0.0,0.0,0.0,0.0,0.0,0.0,0.0,0.0,0.0,0.0,0.0,0.0,0.0,0.0,0.0,0.0,0.0,0.371185032236,-0.121707248893,0.0467135902812,0.0480803467852,-0.242067988034,-0.0941897838392,-0.0854165974785,-0.157181751473,-0.214556090791,-0.207519114793,0.615384615385,0.583333333333,0.571428571429,0.461538461538,0.538461538462,0.5,1.31220252996,0.08710390254223709,2.531695192816563,1.24671840743,0.027642726642500202,2.611472475638754,1.31602915107,0.08710390254206096,2.258491731328464,1.04715404369,0.027642726642672928,2.174177299081019,1.32520702716,0.49477767983236826,2.401305935519783,1.25120922378,0.16550933668387527,2.3838372168347584
WellC05_Seq0016/xy16_sliding_s15,4-2,39.910555115113894,3.224903099319448,0.0634256646434,0.0495682150524,0.08080326344792424,0.860232526704286,0.04472135955001613,1.37622603845,0.537155030165,0.695497401888,0.356232105277,1.28053061233,1.777758602396255,-0.169990802183,-7.43529795577,3.1265360527389676,-0.8896814258910548,2.221502553225875,2.001726216932579,0.1792089258176608,-0.751885380537157,-1.7062471311368939,-1.5000000000000004,-1.4999999999999993,-1.9999999999999998,0.0,0.0,0.0,0.0,0.0,0.0,0.0,0.0,0.0,0.0,0.0,0.0,0.0,0.0,0.0,0.0,0.0,0.0,0.0,0.0,0.333627944196,-0.0909220924973,0.075666496905,-0.0103138299913,-0.132974424385,0.0895690362113,-0.0891439708349,-0.182884784935,-0.141106616512,-0.19988157631,0.538461538462,0.5,0.5,0.384615384615,0.538461538462,0.5,1.41389917918,0.08710390254223709,2.531695192816563,1.26603901227,0.027642726642500202,2.611472475638754,1.31786287827,0.08710390254206096,2.284163912201201,1.134308623,0.027642726642672928,2.480333174986784,1.20719142294,0.09926615704150472,2.401305935519783,1.08551441061,0.14438404925116646,2.3838372168347584
WellC05_Seq0016/xy16_sliding_s15,5-0,53.49202985754698,1.4681147775294385,0.391634887677,0.264923772981,0.02744548639188176,0.9481033698917132,0.011800000000002342,1.84455275371,-0.0381302550924,0.776310647843,-0.0968949135563,1.87437387993,0.8639492184599011,0.186918999979,-12.8197294151,-0.11161912324183199,0.9553306629604346,-1.442989164768587,0.3603245679034286,-0.24177388045488435,-1.5730425724956156,-0.9053346989606887,-1.5000000000000018,-1.499999999999999,-2.0,1.0351542687,0.0,0.0,0.0,0.0,0.0,0.0,0.0,0.0,0.0,0.04,0.0,0.0,0.0,0.0,0.0,0.0,0.0,0.0,0.0,0.309734489022,-0.101166703112,0.0544370227123,0.0847641488847,-0.0575649838402,-0.351530708085,-0.356706096717,-0.129655015689,-0.368652062403,-0.169250754359,0.428571428571,0.461538461538,0.4,0.428571428571,0.416666666667,0.545454545455,0.79087025292,0.00636876452592714,2.224231222649335,0.731689061383,0.022633262132017565,2.3281589284073685,0.697280550349,0.035484330700851795,2.542869321261595,0.652242968123,0.00034108524594593634,2.410004799828236,0.747964953957,0.008944541006494496,2.363930981644144,0.789125299885,0.0617925408144686,2.3349289549861796
WellC05_Seq0016/xy16_sliding_s15,5-1,55.26127940056442,2.7251488032767037,0.348327331934,0.22024791879,0.04931389270818927,0.9481033698917132,0.011800000000002342,1.90556135864,0.00887764288605,0.711015467848,-0.132621945706,1.90216598652,0.7711822361459454,0.112991803606,-12.0352660111,-0.2800502516532437,1.0203854441907891,-1.2680727043842948,-0.6363938264733129,-1.7861477208139664,-0.9153527879198622,-0.9866806631958744,-1.5000000000000004,-1.500000000000001,-1.9999999999999998,1.0351542687,0.0,0.0,0.0,0.0,0.0,0.0,0.0,0.0,0.0,0.04,0.0,0.0,0.0,0.0,0.0,0.0,0.0,0.0,0.0,0.304424931151,-0.109458299835,0.114004939325,0.147571194819,-0.0684073793122,-0.311354576536,-0.366368217523,-0.147223522007,-0.389027044879,-0.194169904078,0.428571428571,0.384615384615,0.466666666667,0.5,0.5,0.636363636364,0.834560794026,0.00636876452592714,2.224231222649335,0.632308468443,0.022633262132017565,2.3281589284073685,0.778568558891,0.035484330700851795,2.542869321261595,0.811110794944,0.00034108524594593634,2.5195180163716753,0.890338552758,0.008944541006494496,2.4163554183411113,0.963387018151,0.0617925408144686,2.520283124099145
WellC05_Seq0016/xy16_sliding_s15,5-2,54.17524305861752,0.7170746125752854,0.386234131867,0.195245768572,0.013236204806675476,0.9481033698917132,0.011800000000002342,1.86811182961,-0.122650526888,0.677916137253,-0.085785687142,1.95203868326,0.8434761054221801,0.153156046889,-13.7532573973,-0.2557014667519244,1.8487527323340034,-0.7424292751455872,0.17444670190475753,-0.8074157109275943,-1.0351408420090216,-0.8438132654452226,-1.4999999999999993,-1.4999999999999993,-2.0,1.0351542687,0.0,0.0,0.0,0.0,0.0,0.0,0.0,0.0,0.0,0.04,0.0,0.0,0.0,0.0,0.0,0.0,0.0,0.0,0.0,0.273067511393,-0.104447042801,0.135481942421,0.0768361232406,-0.180718148262,-0.319544978457,-0.402293501846,-0.0982718729754,-0.359297121111,-0.188839866751,0.384615384615,0.416666666667,0.466666666667,0.5,0.583333333333,0.727272727273,0.768382895243,0.00636876452592714,2.224231222649335,0.681534996642,0.022633262132017565,2.3281589284073685,0.88863775117,0.035484330700851795,2.542869321261595,0.772148337593,0.00034108524594593634,2.5195180163716753,1.02068084091,0.008944541006494496,2.4163554183411113,1.140495255,0.0617925408144686,2.520283124099145
WellC05_Seq0016/xy16_sliding_s15,6-0,56.15944170598612,3.00665927567457,0.261472762826,0.227185044782,0.053537912492354525,0.9560334722173496,0.05999999999999091,1.93653247262,0.0323027766746,0.802313309671,0.0520760708067,2.16115720893,1.166726165666172,0.0382716937387,-11.993656756,0.6353199340683688,-1.1253006846773697,-0.8930584348114929,0.8677771026320955,-1.1758075414254618,-1.6112603753961394,-1.939702217890078,-1.5,-1.5000000000000004,-2.0,1.00578327685,0.0,0.0,0.0,0.0,0.0,0.0,0.0,0.0,0.0,0.04,0.0,0.0,0.0,0.0,0.0,0.0,0.0,0.0,0.0,0.285079099032,-0.263335257107,0.038671803709,0.240429614747,-0.170150256414,-0.183482196614,0.0475879960364,-0.27751266192,-0.422507195148,-0.170580262528,0.666666666667,0.714285714286,0.571428571429,0.615384615385,0.642857142857,0.692307692308,0.987232727144,0.002103488694071188,2.6976648707439383,0.90732628192,0.0011415927400587672,2.7192506767756877,1.06464434781,0.055713079326135125,2.6174401474163784,1.10873443505,0.012400073020277376,2.61558435235244,0.861325142545,0.007374900435799553,2.7004228613840766,0.941805408863,0.044563299537445186,2.725152668817045
WellC05_Seq0016/xy16_sliding_s15,6-1,54.04495086157769,0.6082762530299416,0.217446737666,0.168127172045,0.011255006126065052,0.9560334722173496,0.05999999999999091,1.86361899523,-0.207646183658,0.752031710422,0.113843455217,2.17655554263,1.259222703738285,-0.0331797367752,-13.8272544113,0.77865674975599,-0.06372267784684027,-1.267660330765505,-1.250151027943846,-1.383638470547723,-1.1882702960941738,-1.3845771005676755,-1.5,-1.5,-2.0,1.00578327685,0.0,0.0,0.0,0.0,0.0,0.0,0.0,0.0,0.0,0.04,0.0,0.0,0.0,0.0,0.0,0.0,0.0,0.0,0.0,0.315981676534,-0.221016355366,0.0250301626119,0.216273311358,-0.122677436455,-0.237918167037,-0.0217221303425,-0.269283768794,-0.364676185636,-0.193061053873,0.666666666667,0.714285714286,0.642857142857,0.615384615385,0.642857142857,0.615384615385,0.961054116223,0.002103488694071188,2.6976648707439383,0.994027098132,0.0011415927400587672,2.7192506767756877,1.12585613589,0.055713079326135125,2.6174401474163784,1.12721350702,0.012400073020277376,2.61558435235244,0.873970133773,0.007374900435799553,2.7004228613840766,0.953985710192,0.044563299537445186,2.725152668817045
WellC05_Seq0016/xy16_sliding_s15,6-2,52.03395758549476,1.4142135623729664,0.214778444724,0.165974700078,0.027178666163328685,0.9560334722173496,0.05999999999999091,1.7942743995,-0.0863679298939,0.670221475179,0.117070577574,2.19228533016,1.2500767427682085,-0.0100720759072,-12.4841761732,0.7561869323932311,-1.016600169530443,-0.9615653893492153,-1.0032527334243464,-0.4474462563328232,-0.7630033800471328,-0.6861097806345109,-1.5000000000000002,-1.5000000000000002,-2.0,1.00578327685,0.0,0.0,0.0,0.0,0.0,0.0,0.0,0.0,0.0,0.04,0.0,0.0,0.0,0.0,0.0,0.0,0.0,0.0,0.0,0.30785265568,-0.20353340123,0.0579636835902,0.153299916992,-0.0736045548524,-0.112079277785,-0.0192835061054,-0.321664695358,-0.29884156728,-0.0731625394692,0.6,0.642857142857,0.571428571429,0.538461538462,0.642857142857,0.615384615385,1.0348947225,0.002103488694071188,2.6976648707439383,1.05529930906,0.0011415927400587672,2.7192506767756877,1.11624291409,0.055713079326135125,2.6174401474163784,1.23604404687,0.012400073020277376,2.61558435235244,0.984420233535,0.007374900435799553,2.7004228613840766,1.09378886103,0.044563299537445186,2.725152668817045
WellC05_Seq0016/xy16_sliding_s15,7-0,139.48954350581084,68.09060140724252,0.889289982752,0.816802529439,0.4881412591647488,4.826095730505118,0.31862831010442483,4.80998425882,1.38125862274,0.732077181485,0.00363188812299,11.7325513687,1.1359529143266738,0.662227908582,30.8326235474,1.319799008672855,-1.2170741601909911,-1.6671953406658961,-1.6297577023530863,-1.4835408903529625,-0.7031933572781024,-1.8487818088739434,-1.4999999999999998,-1.4999999999999996,-2.0,3.43150017573,4.58643418251,4.58643418251,4.80327133584,5.37385725647,0.0,0.0,0.0,0.0,0.0,0.64,0.4,0.4,0.32,0.16,0.0,0.0,0.0,0.0,0.0,-0.213566209975,-0.0265192271275,0.173443300945,0.0889361800782,0.0350148766289,0.176524001813,-0.105606026583,-0.0414086403581,-0.0239957380926,0.0449293264211,0.375,0.4,0.333333333333,0.357142857143,0.357142857143,0.384615384615,0.693069502847,0.1554684619412473,1.8399563629739866,0.782045943534,0.10969747833046238,2.1734277686949612,0.781563273052,0.18525484484121513,2.1040540080876227,0.811008955067,0.13008215650356486,2.218548025320712,1.06328968393,0.1990816885713461,2.467476823726958,1.08283512792,0.20633201950711771,2.4934996887935887
WellC05_Seq0016/xy16_sliding_s15,7-1,134.57120840370501,61.707261323121436,0.886953671693,0.817607062785,0.45854727809238066,4.826095730505118,0.31862831010442483,4.64038649668,1.37590442489,0.843833192231,0.120621877309,11.3716628885,1.3094094009249262,0.629281311455,25.7629820799,1.952695178304202,-1.4065789516272273,-1.587678991001895,-1.2758704751101375,-1.5532987794760678,-1.7415703061037273,-1.12449174495657,-1.499999999999999,-1.5,-2.0,3.45661425839,4.5202528551,4.5202528551,4.80327133584,5.37385725647,0.0,0.0,0.0,0.0,0.0,0.68,0.44,0.44,0.32,0.16,0.0,0.0,0.0,0.0,0.0,-0.177696191875,0.063809716917,0.021164691949,-0.0302492884888,0.0760635851592,0.0964383706601,-0.105241308975,-0.00486063507196,-0.12748309864,0.145278259826,0.375,0.4,0.333333333333,0.357142857143,0.357142857143,0.384615384615,0.685563238244,0.035368228283756784,1.8399563629739866,0.782679038164,0.11919389778214375,2.1734277686949612,0.792514790353,0.2107438918723887,2.1040540080876227,0.83387124263,0.24454419694858412,2.218548025320712,1.08693097819,0.28699375487594103,2.467476823726958,1.11041278118,0.2968320028567929,2.4934996887935887
WellC05_Seq0016/xy16_sliding_s15,7-2,126.62089884581816,51.42293359970823,0.883781242285,0.818411992161,0.4061172687008338,4.826095730505118,0.31862831010442483,4.36623789124,1.36452853598,0.760492299756,0.117146524817,11.2578248459,1.32703215433014,0.676929964967,17.602200323,2.006879586381455,-1.3213551795176468,-0.7645232646263107,-1.056604341453783,-1.7308758862307836,-1.9269073824267553,-1.077529740639168,-1.4999999999999996,-1.5000000000000002,-2.0,3.35529914014,4.5202528551,4.5202528551,4.80327133584,5.37385725647,0.0,0.0,0.0,0.0,0.0,0.72,0.44,0.44,0.32,0.16,0.0,0.0,0.0,0.0,0.0,-0.181956882993,0.178824960831,0.0762575451313,-0.00303599178725,0.0425593446926,0.177385915462,-0.161490976776,0.127627588287,-0.151952964485,0.160782738593,0.4375,0.4,0.333333333333,0.357142857143,0.357142857143,0.384615384615,0.674186049387,0.008324192000675357,1.8399563629739866,0.774319854538,0.03588819142586177,2.1734277686949612,0.781069025323,0.03905741643333381,2.1040540080876227,0.825181163271,0.12288308593172358,2.218548025320712,1.09170286252,0.34342039604047564,2.467476823726958,1.12253545123,0.35496218730345486,2.4934996887935887
WellC05_Seq0016/xy25_sliding_s15,0-0,44.91801148254762,3.0991934434623847,0.0566674818348,0.0336192706331,0.06899667507913926,0.7102478440657133,0.03841874542460298,1.54889694767,0.224476403501,0.658470178138,-0.222900446426,1.0185283255,0.6655379093817081,-0.166356812782,-8.8985107232,-0.49076071164169965,-1.0467626030554724,-0.1408858508587567,-0.8960980434093124,-1.7204936482907156,-1.158258601561517,-1.1531435338323728,-1.5000000000000002,-1.5,-2.0,0.0,0.0,0.0,0.0,0.0,0.0,0.0,0.0,0.0,0.0,0.0,0.0,0.0,0.0,0.0,0.0,0.0,0.0,0.0,0.0,-0.0765373559717,-0.225357810969,0.303177173053,-0.194562855581,0.0258558391354,0.0918569997483,-0.148835542293,-0.412662816374,-0.306024991136,0.349733283344,0.5,0.533333333333,0.428571428571,0.461538461538,0.428571428571,0.538461538462,0.787777019572,0.0170323738725322,2.2995087241423535,0.877013976883,0.01128378630449743,2.3300321633355146,0.766017105069,0.019666256762831392,1.9979418471828123,0.79281998637,0.0433871307042273,2.0201362617615883,0.962892080391,0.04096929595537221,2.199573594287742,0.979879499976,0.08570914532360004,1.9127771897684003
WellC05_Seq0016/xy25_sliding_s15,0-1,46.70263988063218,2.7728144546651463,0.0158198120824,0.0118399967201,0.05937168566385573,0.7102478440657133,0.03841874542460298,1.61043585795,0.214884074206,0.509260462587,-0.271753750753,1.08495943174,0.5184376509015066,-0.213456192964,-9.70156806131,-0.7820757848089683,-0.14142915745376383,-0.6277232304690417,-0.050306837500684765,-1.1835326307688756,-0.8780716109684108,-1.498476809004941,-1.4999999999999998,-1.4999999999999996,-2.0,0.0,0.0,0.0,0.0,0.0,0.0,0.0,0.0,0.0,0.0,0.0,0.0,0.0,0.0,0.0,0.0,0.0,0.0,0.0,0.0,-0.0682692837034,-0.169270529583,0.217220410599,-0.190608598534,-0.0637566102142,-0.0194257525395,-0.146345392996,-0.400327734774,-0.379811760695,0.417177575451,0.5625,0.533333333333,0.5,0.538461538462,0.428571428571,0.538461538462,0.785252555187,0.0170323738725322,2.2995087241423535,0.860959169435,0.01128378630449743,2.3300321633355146,0.825023829081,0.08329131057473897,1.9979418471828123,0.75332413942,0.0433871307042273,2.0201362617615883,1.030124388,0.04096929595537221,2.199573594287742,1.03144518053,0.08570914532360004,1.9127771897684003
WellC05_Seq0016/xy25_sliding_s15,0-2,49.58500810398049,2.2624102192131095,0.0249255339002,0.027481878127,0.04562690026124029,0.7102478440657133,0.03841874542460298,1.70982786565,0.21268547862,0.425778421878,-0.288915203039,1.20445976998,0.4298853004425942,-0.189665860558,-10.9818594779,-1.033504761411232,-1.097123207345695,-1.4734522663018663,-1.6659306018241626,-0.0705956936470864,-1.3433629986305267,-0.9631460348244185,-1.5000000000000004,-1.5000000000000004,-2.0,0.0,0.0,0.0,0.0,0.0,0.0,0.0,0.0,0.0,0.0,0.0,0.0,0.0,0.0,0.0,0.0,0.0,0.0,0.0,0.0,0.0407230725689,-0.1493846813,0.158627210914,-0.203741828104,-0.0835092886529,-0.098242658552,-0.184148779677,-0.386033037698,-0.386067887532,0.263538506997,0.5625,0.6,0.571428571429,0.615384615385,0.428571428571,0.615384615385,0.758287567771,0.0170323738725322,2.2995087241423535,0.759220573082,0.01128378630449743,2.3300321633355146,0.785242005981,0.08329131057473897,1.9979418471828123,0.723860487201,0.0433871307042273,2.0201362617615883,1.02507047416,0.04096929595537221,2.199573594287742,0.960120795448,0.08570914532360004,1.9127771897684003
WellC05_Seq0016/xy25_sliding_s15,1-0,283.9208212395232,155.3182861095243,0.202718013527,0.403415734452,0.5470478897301218,10.677602727204277,3.2073041639358286,9.79037314619,1.5059080309,0.426810082224,0.46942102054,51.0183339103,2.4252899519188085,-0.00811411599913,79.4823818128,6.541106257555585,1.1248210132440235,0.8428193035121598,-0.7418776181124347,-0.5446495499920854,-1.2176443772188303,-0.7153652515925524,-1.4999999999999987,-1.5000000000000002,-2.0,7.65147859496,7.65147859496,7.65147859496,8.01604321503,8.35923446019,8.50888852398,9.31348462222,9.77626399166,10.2835254448,10.5901347557,1.0,1.0,1.0,0.92,0.84,0.8,0.56,0.44,0.32,0.24,-0.0601182552777,-0.100420204185,-0.0545592318206,-0.00486243336819,-0.03100022426,-0.198700793108,-0.156822180971,-0.113815656074,0.615025678359,-0.320366371511,0.9375,0.933333333333,0.866666666667,0.928571428571,0.928571428571,0.923076923077,0.740243207787,0.06004211569331389,1.319468397237076,0.678229461576,0.0690748192940862,1.271498547820351,0.763193301838,0.05919465500232717,1.8015619641630465,0.798813762695,0.11822175890129663,2.258376889203197,0.765254726336,0.008616190666033197,1.8557822159281945,0.854962395723,0.21621296600827022,2.312597140968345
WellC05_Seq0016/xy25_sliding_s15,1-1,285.7995029793581,151.26443732748274,0.20155810339,0.423440456025,0.5292676710442279,11.349801760383286,3.2073041639358286,9.85515527515,1.47263812001,0.441240167362,0.492163304464,51.66288904,2.4099359501356465,-0.0213514629493,74.9267328176,6.436978695958791,3.3281830038512403,0.8235757632053291,0.023316921609505048,-0.6894371813722091,-1.5841266444229753,-0.6794792937362595,-1.4999999999999993,-1.4999999999999984,-2.0,7.85885970252,7.85885970252,7.85885970252,8.24145746238,8.6061167311,8.76811490843,9.46583851678,9.92814141241,10.4296662888,10.7342287964,1.0,1.0,1.0,0.92,0.84,0.8,0.6,0.48,0.36,0.28,-0.041977646969,-0.204088657772,-0.0766396781186,0.00850934042812,-0.0339140050595,-0.193240528179,-0.153169552411,-0.0659707570209,0.635315064544,-0.269674053618,1.0,0.933333333333,0.933333333333,0.928571428571,0.928571428571,0.923076923077,0.812675266246,0.06004211569331389,1.3359209945717518,0.745133126208,0.08532444932206157,1.271498547820351,0.844358788973,0.05919465500232717,1.8015619641630465,0.849130107154,0.11822175890129663,2.258376889203197,0.854022368426,0.20718026240750084,1.8557822159281945,0.89056264984,0.33341575304281607,2.312597140968345
WellC05_Seq0016/xy25_sliding_s15,1-2,283.79944577648786,149.43854924349338,0.210070586151,0.460707225059,0.5265639220493292,11.349801760383286,3.2073041639358286,9.7861877854,1.45133216234,0.507508005697,0.508720515552,52.066597966,2.4038758812615817,-0.0128348078708,73.6350646121,6.380912884535144,0.5115745774508169,-0.7254798011124217,-1.0074059003184457,-1.0796080590670878,-1.4649175497777447,-0.9204290633690411,-1.4999999999999996,-1.5,-2.0000000000000004,7.99036504422,7.99036504422,7.99036504422,8.38439805119,8.76267070932,8.93249658556,9.68501408628,10.2021108743,10.525423507,10.8158550058,1.0,1.0,1.0,0.92,0.84,0.8,0.6,0.48,0.4,0.32,-0.0338256023091,-0.183297962342,-0.157322356017,-0.0163239862882,-0.0309507115129,-0.191927689565,-0.131264507295,-0.0602779546708,0.660977665006,-0.250846212997,1.0,0.933333333333,0.933333333333,0.928571428571,0.928571428571,0.923076923077,0.883059245052,0.11037546072583335,1.3359209945717518,0.788018937721,0.08532444932206157,1.271498547820351,0.915797848904,0.05919465500232717,1.8015619641630465,0.897099795697,0.11822175890129663,2.258376889203197,0.928311102601,0.2619201207969762,1.8557822159281945,0.92877657601,0.43416329669404163,2.312597140968345
