1054.9,1058.6,1062,1065.6,1070.9,1079.6,1062.8,1081.1,1087.9,1080,1094.3,1110,1124.2,1140,1160.1,1162.4,1163.1,1169.6,1183.5,1163.5,1167.3,1145.7,1050.6,1065.9,1073.5,1076.8,1072.1,1039.5,1022,1050.5,1019.9,1036.2,995.03,988.61,1001.8,1003.8,1005.7,1007.7,1038,1051.8,1057.2,1074.6,1079.1,1076.1,1093.8,1095.2,1108.4,1105.1,1111.3,1125.6,1126.5,1120.3,1137.9,1139.1,1144.3,1139.3,1125.4,1117.1,1110.7,1111.1,1090.6,1087.3,1092.7,1081.8,1085.5,1080.2,1079.7,1077.9,1077.1,1067.4,1057.8,1063.2,1058.5,1053.8,1049.1,1044.3
943.41,943.62,943.83,917.86,925.71,865.92,856.7,851.32,839.99,833.98,835.17,838.55,838.59,833.96,836.69,842.31,841.98,845.14,837.65,827.56,816.03,799.56,786.45,773.94,765.69,764.64,756.61,757.49,735.94,748.77,746.31,744.5,742.33,743.81,734.3,727,713.33,700.28,687.09,681.08,669.04,667.82,670.15,672.43,666.45,673.8,676.21,678.84,678.14,677.88,678.79,678.2,679.64,679.76,679.01,671.99,672.68,670.51,670.26,662.71,664.9,659.75,663.33,659.06,654.95,660.02,656.01,651.28,655.46,669.32,649.48,639.09,501.47,473.74,486.3,495.59
1744.3,1741,1737.8,1774.6,1776.4,1761.3,1740.3,1714.4,1705,1684.1,1668.8,1653.5,1642.4,1632.2,1644.7,1609.2,1631.8,1603,1597.5,1592,1591.2,1587.9,1576.5,1569.6,1562.6,1566,1556,1545.3,1534.6,1533.2,1534.5,1534.4,1540.1,1542.3,1542.2,1542.1,1536.4,1541.4,1500.4,1536.1,1549.1,1552.1,1638.3,1664.6,1604.7,1578.1,1530.6,1580.3,1592.5,1604.5,1575.2,1580.6,1583.1,1580.4,1580.9,1609.5,1595.5,1598.1,1592.9,1602.4,1607.6,1615.2,1630,1630.4,1630.8,1637.6,1644.5,1681.1,1653,1649.3,1660.9,1670.3,1691.9,1724,1718.8,1735.3
5.674900000000000091e+02,5.750199999999999818e+02,5.825599999999999454e+02,5.900900000000000318e+02,5.976200000000000045e+02,6.016299999999999955e+02,6.084400000000000546e+02,6.281000000000000227e+02,6.615900000000000318e+02,6.649500000000000455e+02,6.682799999999999727e+02,6.718300000000000409e+02,6.772500000000000000e+02,6.713200000000000500e+02,6.667799999999999727e+02,6.622400000000000091e+02,6.922300000000000182e+02,6.919900000000000091e+02,6.852599999999999909e+02,6.857999999999999545e+02,6.643400000000000318e+02,6.735099999999999909e+02,6.728999999999999773e+02,6.752500000000000000e+02,6.418799999999999955e+02,6.654500000000000455e+02,6.117999999999999545e+02,5.988899999999999864e+02,6.013099999999999454e+02,6.142300000000000182e+02,6.187000000000000455e+02,6.191399999999999864e+02,6.188899999999999864e+02,6.191599999999999682e+02,6.157999999999999545e+02,6.124199999999999591e+02,6.109800000000000182e+02,6.060900000000000318e+02,6.008500000000000227e+02,5.810099999999999909e+02,6.175700000000000500e+02,5.920599999999999454e+02,5.910099999999999909e+02,5.683099999999999454e+02,5.792599999999999909e+02,5.535000000000000000e+02,5.601200000000000045e+02,5.504500000000000455e+02,5.407899999999999636e+02,5.283300000000000409e+02,5.158700000000000045e+02,5.084900000000000091e+02,5.003299999999999841e+02,4.921800000000000068e+02,4.879800000000000182e+02,4.864599999999999795e+02,4.965400000000000205e+02,5.105699999999999932e+02,5.429700000000000273e+02,5.753700000000000045e+02,5.676799999999999500e+02,5.686000000000000227e+02,5.677400000000000091e+02,5.697000000000000455e+02,5.706799999999999500e+02,5.730599999999999454e+02,5.748500000000000227e+02,5.790599999999999454e+02,5.891200000000000045e+02,5.968099999999999454e+02,6.037699999999999818e+02,6.066100000000000136e+02,6.107999999999999545e+02,6.129800000000000182e+02,6.103799999999999955e+02,6.155399999999999636e+02
1.097500000000000000e+03,1.090299999999999955e+03,1.100900000000000091e+03,1.106599999999999909e+03,1.114400000000000091e+03,1.087799999999999955e+03,1.133000000000000000e+03,1.135200000000000045e+03,1.150799999999999955e+03,1.164400000000000091e+03,1.164200000000000045e+03,1.153799999999999955e+03,1.100700000000000045e+03,1.047000000000000000e+03,1.032599999999999909e+03,1.019500000000000000e+03,1.010500000000000000e+03,1.001299999999999955e+03,1.001299999999999955e+03,9.989299999999999500e+02,9.948500000000000227e+02,9.831100000000000136e+02,9.892500000000000000e+02,1.023600000000000023e+03,1.047200000000000045e+03,1.104200000000000045e+03,1.140700000000000045e+03,1.175099999999999909e+03,1.226700000000000045e+03,1.240599999999999909e+03,1.239700000000000045e+03,1.218400000000000091e+03,1.198299999999999955e+03,1.180900000000000091e+03,1.141000000000000000e+03,1.119400000000000091e+03,1.106700000000000045e+03,1.097900000000000091e+03,1.075900000000000091e+03,1.060299999999999955e+03,1.045200000000000045e+03,1.035200000000000045e+03,1.034799999999999955e+03,1.021299999999999955e+03,1.019700000000000045e+03,9.949700000000000273e+02,9.683300000000000409e+02,9.864199999999999591e+02,9.835900000000000318e+02,9.798200000000000500e+02,9.771299999999999955e+02,9.743300000000000409e+02,9.385199999999999818e+02,9.804299999999999500e+02,9.825599999999999454e+02,9.842400000000000091e+02,9.526699999999999591e+02,9.480599999999999454e+02,9.974700000000000273e+02,9.788300000000000409e+02,9.775199999999999818e+02,9.717999999999999545e+02,9.728400000000000318e+02,9.630399999999999636e+02,9.604600000000000364e+02,9.441799999999999500e+02,9.529199999999999591e+02,9.495800000000000409e+02,9.555299999999999727e+02,9.577799999999999727e+02,9.705299999999999727e+02,9.689800000000000182e+02,9.697300000000000182e+02,9.774299999999999500e+02,9.791100000000000136e+02,9.820000000000000000e+02
301.34,315.78,330.22,344.66,359.1,373.54,387.98,402.42,416.86,427.49,438.12,448.75,455.31,461.86,458.45,464.14,470.86,477.93,486.43,495.19,493.99,492.8,495.66,498.79,501.92,501.12,489.92,478.72,466.91,467.75,462.03,457.51,453,448.48,443.96,439.45,429.6,413.56,405.08,401.24,397.4,393.59,389.77,385.08,380.4,372.4,364.41,356.41,347.99,339.56,321.47,309.45,302.13,291.37,266.66,264.88,249.11,233.34,217.57,213.06,208.56,183.66,168.61,167.96,199.05,234.78,269.56,296.53,310.81,319.13,335.09,334.58,342.75,343.74,344.11,346.17
1365.6,1376.9,1388.2,1409.3,1417.8,1431.6,1434.8,1431,1434.6,1435,1404.5,1403,1357,1306.5,1307.7,1303.5,1296.2,1299,1281.7,1253.4,1258.9,1251.7,1228.6,1191.5,1234.5,1305.4,1376.3,1382.1,1415.8,1424.8,1424,1423.2,1431.3,1427.6,1434.6,1428.6,1415.8,1397.9,1379.9,1361.9,1346.5,1331,1315.6,1296.1,1285.5,1266.9,1256.7,1242.3,1246.5,1250.6,1254.8,1256.8,1258.8,1260.8,1262.8,1260.4,1258,1255.6,1253.1,1221.8,1190.5,1146.6,1151.4,1156.2,1161.1,1161.3,1178.2,1174.3,1179.9,1214.9,1210.6,1192.7,1174.8,1156.9,1166.1,1188.7
1.601400000000000091e+03,1.574599999999999909e+03,1.584000000000000000e+03,1.593099999999999909e+03,1.564099999999999909e+03,1.569900000000000091e+03,1.573200000000000045e+03,1.580799999999999955e+03,1.576099999999999909e+03,1.578799999999999955e+03,1.586799999999999955e+03,1.581299999999999955e+03,1.582000000000000000e+03,1.577900000000000091e+03,1.573599999999999909e+03,1.564799999999999955e+03,1.557799999999999955e+03,1.550900000000000091e+03,1.541799999999999955e+03,1.538900000000000091e+03,1.536099999999999909e+03,1.533299999999999955e+03,1.527299999999999955e+03,1.528599999999999909e+03,1.529900000000000091e+03,1.531099999999999909e+03,1.530700000000000045e+03,1.532200000000000045e+03,1.528099999999999909e+03,1.524000000000000000e+03,1.519900000000000091e+03,1.524099999999999909e+03,1.530500000000000000e+03,1.536500000000000000e+03,1.542599999999999909e+03,1.548700000000000045e+03,1.543700000000000045e+03,1.538700000000000045e+03,1.533700000000000045e+03,1.528700000000000045e+03,1.519700000000000045e+03,1.521700000000000045e+03,1.526200000000000045e+03,1.528400000000000091e+03,1.523299999999999955e+03,1.530400000000000091e+03,1.552500000000000000e+03,1.559500000000000000e+03,1.637500000000000000e+03,1.601200000000000045e+03,1.564799999999999955e+03,1.556500000000000000e+03,1.548200000000000045e+03,1.546599999999999909e+03,1.539299999999999955e+03,1.530200000000000045e+03,1.521099999999999909e+03,1.504099999999999909e+03,1.494000000000000000e+03,1.454700000000000045e+03,1.449700000000000045e+03,1.440799999999999955e+03,1.439200000000000045e+03,1.451099999999999909e+03,1.427200000000000045e+03,1.412900000000000091e+03,1.376400000000000091e+03,1.347200000000000045e+03,1.329599999999999909e+03,1.321200000000000045e+03,1.311000000000000000e+03,1.302400000000000091e+03,1.286599999999999909e+03,1.275200000000000045e+03,1.262599999999999909e+03,1.265700000000000045e+03
284.15,284.82,288.24,325.7,283.8,289.77,286.53,283.8,283.29,278.39,278.66,278.92,275.06,278.22,280.45,280.55,276.09,286.9,293.8,296.13,292.94,291.08,298.45,290.92,292.19,294.28,273.19,294,288.24,299.91,298.02,286.78,303.36,303.9,300.68,291.3,280.28,283.31,272.72,270.01,280.36,269.01,264.38,274.14,271.41,243.17,260.38,292.71,265.27,259.66,259.28,268.2,265.12,232.39,251.58,270.76,289.95,309.13,328.32,309.66,291,248.39,274.03,275.44,282.11,283.72,285.33,273.09,237.85,270.93,272.84,242.02,271.3,282.05,280.87,271.2
1238.6,1237.4,1240.6,1243.9,1247.6,1244.5,1233.6,1228.6,1236.1,1233,1234.3,1235.6,1218.3,1217.4,1217.8,1217.1,1245.6,1225.9,1238.6,1222.4,1237.8,1211.4,1198.1,1189.6,1171.3,1163.2,1160.9,1156.7,1160.3,1163,1156.1,1159.8,1165.3,1160.4,1164.8,1161.7,1159.4,1161.1,1164.6,1167,1162.5,1170.7,1163.2,1160.7,1165.6,1164.6,1161.8,1168.2,1173.6,1173.2,1176.8,1170.6,1177.5,1172.6,1169.5,1174.4,1165.2,1174,1183.1,1174,1172.9,1175.1,1179.5,1180,1196.6,1208,1219.3,1223.7,1231.4,1232.4,1242.1,1246.1,1252.8,1255.2,1250.5,1249
708.41,671.72,653.28,644.41,640.89,670.49,654.57,648.24,640.15,639.98,645.52,663.32,665.46,577.56,646.61,491.89,512.81,556.15,599.49,597.81,634.25,645.39,661.23,658.35,658.7,667.09,691.42,671.8,689.96,722.34,739.39,752.67,778.93,797.09,819.31,836.95,845.49,852.68,856.48,875.08,886.19,889.71,895.3,905.44,908.86,915.19,919.52,928.48,926.27,928.65,939.81,935.46,930.37,932.31,931.46,916.94,909.48,909.23,881.83,850.72,836.85,816.51,786.26,753.54,724.91,701.27,670.46,643.8,631.54,617.42,617.73,605.46,598.52,584.44,568.34,555.86
1285,1263.8,1262.1,1307.6,1353.1,1358.2,1313.7,1310.5,1310.2,1297.4,1286.6,1296,1306,1304.5,1303,1406.1,1430.2,1454.3,1467.4,1451.6,1508.1,1495.9,1483.8,1471.7,1459.6,1457.1,1454.6,1477.4,1480.9,1476.3,1471.7,1478.4,1485.2,1433.2,1381.2,1329.2,1277.2,1267.8,1267.3,1258.8,1255,1243.8,1232.5,1230.8,1229,1227.2,1214.1,1203.9,1185.1,1164.9,1144.8,1124.6,1104.5,1084.3,1075.6,1069.9,1064.1,1058.4,1052.6,1046.9,1033.1,1024.7,1016.3,975.62,934.95,910.48,908.77,904.6,900.42,886.74,873.07,859.39,845.72,832.04,825.36,794.83
8.047899999999999636e+02,7.901799999999999500e+02,7.749099999999999682e+02,7.534900000000000091e+02,7.336900000000000546e+02,7.168500000000000227e+02,7.114600000000000364e+02,7.140499999999999545e+02,7.099700000000000273e+02,7.149199999999999591e+02,7.244700000000000273e+02,7.382400000000000091e+02,7.525000000000000000e+02,7.562300000000000182e+02,7.666599999999999682e+02,7.768300000000000409e+02,7.651100000000000136e+02,8.146799999999999500e+02,8.257699999999999818e+02,8.304199999999999591e+02,8.376699999999999591e+02,8.449299999999999500e+02,8.533999999999999773e+02,8.653600000000000136e+02,8.913200000000000500e+02,9.033200000000000500e+02,9.135000000000000000e+02,9.284299999999999500e+02,9.346100000000000136e+02,9.523300000000000409e+02,9.682500000000000000e+02,9.824700000000000273e+02,9.822100000000000364e+02,9.890900000000000318e+02,9.794600000000000364e+02,9.879800000000000182e+02,9.822500000000000000e+02,1.018000000000000000e+03,9.940000000000000000e+02,1.005600000000000023e+03,1.015700000000000045e+03,1.014799999999999955e+03,1.009700000000000045e+03,1.006299999999999955e+03,1.006200000000000045e+03,9.962799999999999727e+02,9.879500000000000455e+02,9.737000000000000455e+02,9.558600000000000136e+02,9.536000000000000227e+02,9.424299999999999500e+02,9.233700000000000045e+02,9.103500000000000227e+02,9.053500000000000227e+02,8.957899999999999636e+02,8.824500000000000455e+02,8.569900000000000091e+02,8.490199999999999818e+02,8.428300000000000409e+02,8.426599999999999682e+02,8.464600000000000364e+02,8.502599999999999909e+02,8.540599999999999454e+02,8.578600000000000136e+02,8.657799999999999727e+02,8.739500000000000455e+02,8.817799999999999727e+02,9.057699999999999818e+02,9.001900000000000546e+02,9.165900000000000318e+02,9.253999999999999773e+02,9.324800000000000182e+02,9.412799999999999727e+02,9.406599999999999682e+02,9.400499999999999545e+02,9.268600000000000136e+02
238.75,254.7,253.43,264.01,241.66,268.3,254.56,250.82,257.62,251.47,250.38,220.79,225.61,228.61,237.63,250.54,248.84,247.13,252.14,253.7,251.35,240.24,293.12,295.91,301.38,283.21,309.83,360.33,376.46,383.9,388.86,418.83,454.96,471.35,471.15,475.65,504.33,509.67,531.76,542.5,556.09,569.67,583.25,595.12,604.01,619.49,636.03,658.54,671.4,690.24,705.95,712.06,745.83,740.62,769.55,778.53,790.13,807.76,825.42,844.66,853.88,857.79,865.77,867.96,872.18,881.21,887.64,903.33,910.16,922.97,935.77,943.33,957.5,965.39,978.14,982.03
1426.5,1436.9,1447.2,1457.5,1450.5,1470,1478,1501.3,1522,1525.3,1532.6,1534.7,1535,1534.5,1532.3,1537.1,1545.7,1553.8,1547.6,1542.5,1532.9,1533,1540,1534.7,1534.7,1517.6,1537.8,1536.2,1539.6,1535.3,1539.3,1539.5,1520.9,1538.3,1525.5,1512.6,1497.5,1523.4,1497.3,1501.6,1505.5,1499.7,1509.3,1538.7,1543.6,1570.9,1577.2,1567.1,1572.9,1578.2,1579.1,1577.6,1573.4,1574.8,1584.8,1591.1,1585.9,1595.8,1617,1605.2,1619,1604.8,1609.5,1623.8,1623.4,1634.5,1639.5,1643.6,1646.3,1656.4,1660.1,1670.9,1685.2,1693,1702.7,1700.1
193.06,186.43,179.43,172.43,165.43,162.41,165.35,161.97,158.58,155.6,152.61,162.18,159.79,157.41,156.21,155.01,153.81,144.39,165.01,148.44,131.88,125.86,120.46,116.84,116.27,115.19,109.9,104.62,114.81,125.22,123.62,139.54,138.66,142.37,147.23,155.18,163.13,163.25,164.87,163.95,167.54,177.26,176.09,177.65,173.81,166.69,168.41,167.99,166.54,162.61,163.18,161.49,150.48,140.91,145.6,153.21,154.24,151.88,152.57,155.46,157.16,155.6,164.96,163.97,166.99,162.59,155.5,153.66,149.97,147.99,141.06,142.52,143.97,145.43,146.89,148.34
1818.1,1812.8,1804.4,1801,1793.9,1787.6,1779,1771.4,1766.3,1765.3,1761.3,1748.5,1743.4,1741.8,1726.5,1726,1711.9,1709.3,1696.8,1691.9,1685.9,1667,1654.6,1649.1,1641.7,1640.2,1617.9,1620.4,1623.7,1616,1608.3,1600.6,1618,1630.6,1629.7,1633,1636.4,1637.9,1637.3,1654.1,1701.2,1723.1,1744.9,1758.7,1772.4,1793.4,1788.2,1799.5,1827.5,1827.9,1828.3,1828.7,1829.1,1829.5,1834.8,1840.3,1847.1,1853.9,1860.7,1873.4,1877.4,1881.4,1884.2,1874.5,1864.9,1891.5,1894.7,1882.6,1893.2,1903.8,1914.4,1918.8,1923.2,1927.6,1927.3,1928.5
1372.3,1373.8,1372.6,1372.3,1370.1,1370.4,1370.8,1376.7,1383.2,1391,1388.4,1388.7,1389.3,1385.3,1385.9,1386.8,1381.7,1404,1370.8,1381.3,1387.1,1405.6,1414,1415.4,1413.4,1393.6,1394.3,1386.2,1379.9,1393.7,1371.2,1365.6,1365.6,1360.8,1361,1359.8,1356.9,1359.4,1347.1,1336.7,1340.9,1356.9,1338.1,1333.5,1333.7,1330.5,1321.6,1320.6,1317.6,1313.5,1308,1307.9,1303.6,1305.9,1304.7,1296.7,1303.7,1302.9,1299.1,1304.6,1337.1,1305.1,1303.3,1310,1298.8,1310.9,1311.5,1311.5,1309.6,1303.9,1305.1,1304.9,1308.1,1310.8,1310.9,1313.7
988.62,991.13,993.65,996.16,1002.9,1009.6,1028.2,1023,1012.6,1013.2,1015,1024.6,1021.9,1019.2,1020.7,1022.2,1020.2,1026.8,1031.1,1029.6,1019.5,1012.1,989.27,977.02,976.14,977.92,978.87,977.15,986.57,980.31,970.69,970.49,966.46,982.49,979.73,977.35,987.86,989.98,990.86,1011,1019.5,1023,1023.4,1030.2,1042.4,1055.3,1053.9,1046.6,1043.4,1038.8,1030.8,1013.9,998.62,982.87,973.52,944.77,933.03,920.29,908.21,877.27,866.56,859.53,842.68,838.9,848.97,851.3,826.65,831.49,806.45,807.39,798.51,795.63,798.52,819.3,823.74,832.27
298.89,289.47,280.06,270.65,279.84,313.7,347.56,394.06,413.51,432.96,452.4,432.69,445.08,450.37,431.07,435.47,430.09,420.57,410.56,393.44,388.29,358.98,387.67,404.81,403.65,405.22,388.9,372.59,426.42,455.65,411.71,444.53,477.34,439.27,432.2,439.21,441.45,429.6,440.75,429.31,431.53,428.82,426.12,428.54,427.88,453.74,479.8,460.41,458.53,456.66,454.78,452.91,451.03,445.63,440.22,434.42,445.01,455.61,475.36,470.62,465.87,465.63,459.99,454.35,445.61,436.86,428.12,419.37,410.63,417.07,416.08,422.14,431.98,441.83,451.67,461.51
614.29,611.65,609.01,606.37,606.78,611.71,616.64,705.74,722.95,740.15,757.36,774.8,792.24,795.74,794.41,796.67,798.93,788.08,903.22,911.68,920.13,910.19,893.25,876.31,855.06,855.96,879.95,903.94,883.88,929.85,975.83,1008.2,1034.4,1060.6,1006,976.6,947.18,929.39,911.59,874.87,866.54,840.26,813.98,787.7,761.43,790.57,819.71,848.86,888.59,928.33,968.06,1007.8,1047.5,1033.4,1019.3,1022.5,1034.9,1047.2,1073,1100.5,1128,1154.4,1180.8,1207.1,1227.3,1247.5,1267.6,1287.8,1307.9,1312.3,1336.3,1350.9,1365.5,1380.1,1394.7,1409.4
1.098200000000000045e+03,1.133400000000000091e+03,1.036700000000000045e+03,9.892300000000000182e+02,1.041799999999999955e+03,1.104700000000000045e+03,1.167599999999999909e+03,1.230500000000000000e+03,1.293400000000000091e+03,1.329200000000000045e+03,1.368900000000000091e+03,1.371200000000000045e+03,1.408299999999999955e+03,1.445500000000000000e+03,1.473200000000000045e+03,1.501000000000000000e+03,1.516700000000000045e+03,1.544000000000000000e+03,1.592200000000000045e+03,1.621900000000000091e+03,1.651599999999999909e+03,1.684299999999999955e+03,1.687099999999999909e+03,1.704400000000000091e+03,1.720500000000000000e+03,1.736700000000000045e+03,1.752900000000000091e+03,1.769500000000000000e+03,1.771299999999999955e+03,1.777299999999999955e+03,1.832099999999999909e+03,1.831599999999999909e+03,1.839900000000000091e+03,1.859400000000000091e+03,1.879500000000000000e+03,1.889599999999999909e+03,1.890200000000000045e+03,1.890900000000000091e+03,1.891599999999999909e+03,1.887900000000000091e+03,1.884299999999999955e+03,1.880599999999999909e+03,1.879200000000000045e+03,1.877799999999999955e+03,1.876500000000000000e+03,1.875099999999999909e+03,1.903400000000000091e+03,1.919299999999999955e+03,1.935099999999999909e+03,1.951000000000000000e+03,1.966799999999999955e+03,1.955500000000000000e+03,1.944099999999999909e+03,1.932799999999999955e+03,1.921400000000000091e+03,1.912799999999999955e+03,1.921000000000000000e+03,1.900900000000000091e+03,1.899700000000000045e+03,1.896400000000000091e+03,1.893099999999999909e+03,1.903599999999999909e+03,1.898000000000000000e+03,1.832200000000000045e+03,1.837599999999999909e+03,1.816099999999999909e+03,1.837200000000000045e+03,1.808799999999999955e+03,1.833799999999999955e+03,1.800900000000000091e+03,1.772799999999999955e+03,1.770500000000000000e+03,1.756000000000000000e+03,1.721000000000000000e+03,1.699599999999999909e+03,1.681099999999999909e+03
1603.5,1597,1590.5,1591.1,1590,1587.1,1584.2,1587.3,1573.2,1567.6,1582.4,1588.1,1566.2,1569.5,1572.8,1589,1605.1,1621.2,1637.4,1653.5,1663.7,1656.3,1681.3,1646.3,1644.1,1641.8,1639.5,1647.2,1643.1,1639,1634.9,1630.8,1651.6,1648.8,1652.5,1654.8,1662.3,1669.3,1678.8,1683.2,1676.9,1701.4,1706.2,1703.4,1696.8,1687.9,1674.1,1663.1,1678.8,1676.9,1669.4,1615.6,1600.9,1570.7,1568.7,1569.1,1563.4,1541.3,1554.4,1550.5,1550.9,1542.4,1542.8,1546.6,1550.4,1559.9,1552.8,1551.1,1553.3,1554.4,1565.1,1545.4,1571,1558.4,1556.5,1579.6
889.17,877.93,890.08,888.7,911.49,908.25,959.67,926.97,900.58,959.36,949.15,962.79,967.48,976.03,957.22,951.25,956.18,958.06,980.53,981.05,995.95,996.98,992.68,1007.2,1023.1,1013.8,1015.7,988.46,951.88,913.83,895.68,884.05,865.9,836.53,812.92,800.89,798.55,786.33,782.64,761.48,750.88,743.84,736.8,728.63,731.14,731.82,732.5,733.18,733.86,743.44,753.02,762.59,777.91,793.23,815.7,835.21,832.61,830,833.46,821.56,822.61,823.67,820.69,817.7,814.72,817.98,821.24,823.02,824.8,831.23,834.55,838.23,826.42,808.86,802.95,800.98
849.03,849.7,854.29,854.99,858.44,857.6,845.48,833.35,821.23,823.7,828.44,804.28,793.67,794.64,785.35,778.18,771.01,764.37,758.09,747.96,737.83,727.71,730.35,732.99,731.92,748.82,718.74,731.9,745.06,715.2,687.78,698.11,650.35,659.6,704.62,724.19,742.7,746.04,750.92,777.89,804.85,794.57,828.87,863.17,938.29,880.4,882.84,885.28,887.72,878.34,870.04,844.78,802.04,831.73,840.69,838.18,843.52,848.86,849.83,889.73,914.48,943.41,944.33,947.96,943.3,942.56,928.41,924.62,941.53,957.53,973.54,989.55,992.3,988.32,984.34,975.48
1459.4,1436,1470.8,1465,1469.6,1424.9,1380.2,1353.9,1293,1318.1,1295.2,1272.4,1249.5,1248.6,1225.9,1230,1193.5,1189.9,1181.2,1153.2,1154.2,1155.3,1150.7,1122.1,1122.9,1117.4,1107.7,1108.3,1060.7,1105.9,1172.2,1165.4,1143.4,1072.9,1092.2,1129.8,1117.5,1099,1120.1,1076.6,1071.7,1052.3,1034.9,1098.1,1035.1,1030.9,941.4,942.56,831.7,823.24,814.77,806.31,797.84,890.65,866.08,841.5,816.93,792.35,767.78,817.06,858.98,803.51,877.47,737.9,810.15,836.85,835.31,976.16,1005.9,930.56,933.83,955.15,986.64,972.95,1021.3,970.99
1630.2,1607.1,1633.7,1636.7,1637.5,1638.2,1639,1617.1,1620.9,1608.1,1610.6,1613.1,1615.6,1617,1619.6,1618.9,1621.6,1622.2,1630.1,1635.1,1639.1,1643,1655,1656.4,1651.5,1652.7,1671.4,1665.1,1667.8,1667.5,1665.8,1666.8,1667.3,1661,1668.5,1683.2,1681.1,1673.7,1686,1674.3,1675,1679.3,1687.4,1688.5,1693.1,1692.3,1690.2,1692.5,1692.2,1692.8,1693.4,1693.9,1694.5,1689.5,1686.8,1684.1,1685,1689.5,1694,1692.1,1688.6,1694.4,1686.6,1693.8,1701.7,1690,1693.7,1679.6,1674.8,1682.2,1675,1673.5,1663.2,1652.9,1642.7,1632.4
7.587400000000000091e+02,7.412500000000000000e+02,7.637200000000000273e+02,7.696100000000000136e+02,7.755000000000000000e+02,7.813899999999999864e+02,7.596100000000000136e+02,7.362400000000000091e+02,7.475399999999999636e+02,7.363300000000000409e+02,7.251299999999999955e+02,7.259400000000000546e+02,7.418200000000000500e+02,7.363600000000000136e+02,7.521799999999999500e+02,7.524500000000000455e+02,7.562000000000000455e+02,7.582899999999999636e+02,7.568300000000000409e+02,7.564800000000000182e+02,7.531799999999999500e+02,7.458099999999999454e+02,7.515299999999999727e+02,7.528099999999999454e+02,7.585199999999999818e+02,7.602799999999999727e+02,7.728400000000000318e+02,7.930099999999999909e+02,7.805599999999999454e+02,7.873400000000000318e+02,7.996000000000000227e+02,8.141900000000000546e+02,8.087200000000000273e+02,8.280700000000000500e+02,8.299600000000000364e+02,8.373300000000000409e+02,8.482899999999999636e+02,8.582899999999999636e+02,8.795399999999999636e+02,8.946200000000000045e+02,8.952599999999999909e+02,9.204900000000000091e+02,9.008899999999999864e+02,9.018999999999999773e+02,9.323999999999999773e+02,8.840900000000000318e+02,8.766799999999999500e+02,8.868700000000000045e+02,8.883700000000000045e+02,8.731399999999999864e+02,8.787100000000000364e+02,8.844800000000000182e+02,8.813400000000000318e+02,8.951499999999999773e+02,8.932400000000000091e+02,8.876799999999999500e+02,8.853400000000000318e+02,8.810900000000000318e+02,8.981499999999999773e+02,8.902100000000000364e+02,8.983899999999999864e+02,8.870199999999999818e+02,8.816000000000000227e+02,8.877599999999999909e+02,8.884800000000000182e+02,9.123400000000000318e+02,9.142400000000000091e+02,9.269299999999999500e+02,9.121399999999999864e+02,9.035599999999999454e+02,8.885700000000000500e+02,9.053799999999999955e+02,9.022400000000000091e+02,9.073400000000000318e+02,9.148999999999999773e+02,8.771900000000000546e+02
127.86,117.37,119.29,132.48,110.78,105.06,99.658,99.008,98.358,97.709,91.345,92.096,91.568,90.041,117.45,94.378,92.017,89.657,92.276,93.499,94.722,83.112,102.37,95.599,91.994,88.691,96.878,94.083,95.929,100.4,107.49,115.94,110.35,111.51,123.5,135.49,142.76,150.04,155.22,160.84,176.44,178.83,171.07,180.48,187.99,190.61,193.23,204.45,215.41,217.64,223.14,233.28,241.33,258.93,262.98,267.11,277.16,287.13,294.86,304.91,314.96,325.02,337.75,351.32,364.89,378.47,385.5,400.16,400.21,405.79,408.93,411.5,413.59,413.02,417.07,421.12
371.01,398.29,425.57,452.85,480.13,479.93,516.14,520.55,526.39,542.87,577.54,585.69,593.84,601.98,610.13,604.4,613.78,623.15,632.53,639.57,656.04,654.76,665.78,671.99,678.2,684.41,690.61,700.77,710.92,720.01,729.11,738.2,747.29,757.11,766.92,776.74,778.97,781.21,783.45,785.68,790.96,796.24,801.53,806.81,801.68,815.16,825.57,835.98,846.39,855.79,865.18,860.12,861.78,851.53,852.66,856.95,860.88,858.07,850.78,842.46,849.37,852.73,860.99,867.65,865.79,861.54,863.92,864.61,868.37,871.39,863.19,863.87,863.41,868.63,869.22,862.79
1382.4,1417.6,1447,1494.1,1517.1,1528.6,1534.3,1550.4,1527.1,1518.9,1510.3,1504.8,1500.1,1499.2,1500,1497.1,1477.4,1463,1450.2,1444.8,1433,1428.5,1430.8,1438.1,1422.6,1406.2,1398.2,1405.3,1397.8,1398.5,1407.5,1416.7,1430.5,1447.7,1472.3,1487.3,1497.6,1501.6,1514.7,1519.6,1521.8,1550.4,1573.4,1578.6,1585.8,1595.9,1606.2,1617.5,1633.6,1649.7,1674.9,1673.3,1675.8,1666.5,1678.6,1615.5,1617.9,1605.8,1627.6,1620.3,1618.4,1651.1,1653.8,1658.4,1686.4,1714.4,1761,1807.5,1827.5,1847.6,1854.1,1861.6,1869.1,1865.3,1861.4,1857.6
854.36,849.38,846.13,847.76,845.03,852.95,853.42,850.68,851.35,850.49,848.86,848.71,848.47,848.78,849.49,850.76,848.43,849.37,843.91,843.18,846.46,835.22,843.99,838.99,857.03,856.48,860,870.84,869.92,870.15,859.57,874.15,876.65,874.93,875.88,872.98,869.35,868.16,864.45,861.22,881.04,896.59,902.84,896.14,892,891.86,892.25,877.6,870.81,865.6,874.67,874.07,871.08,869.93,861.3,868.84,879.64,883.34,973.65,1007.9,1011.4,999.77,986.49,997.67,985.79,999.15,970.83,992.25,973.29,906.31,892.3,888.34,892.01,884.86,892.1,898.94
265.03,261.7,248.85,241.77,235.6,229.42,211.76,217.12,215.22,200.83,209.81,203.33,190.33,184.05,189.15,175.72,187.97,182.99,182.5,185.93,195,206.78,217.31,231.64,258.26,284.87,311.48,318.92,327.14,333.34,330.04,332.9,332.18,333.55,332.73,331.91,323.65,323.52,323.38,321.73,322.66,318.81,321.82,316.42,319.01,317.78,313.43,309.09,306.66,303.22,300.89,301.62,298.51,304.78,305.53,315.45,336.34,326.44,329.82,340.49,350.86,343.87,349.56,345.77,343.32,342,342.03,346.66,350.7,350.06,359.78,357.01,334.39,324.62,331.95,326.6
1047.3,1065.4,1096,1118.6,1122.9,1124.3,1155.1,1157.7,1143.5,1141.3,1167.4,1182.9,1187.5,1196.2,1204.8,1208.4,1217.6,1233,1228.3,1241.8,1246.4,1274.5,1272.6,1286.7,1304,1327.4,1335.2,1359.3,1362,1360,1367.1,1380.3,1371.9,1379.7,1380,1388.8,1379.5,1391.3,1412.2,1429.4,1439.9,1450.9,1442.1,1448.9,1464.1,1503.6,1491.6,1498.1,1508.4,1526,1548.2,1554.1,1561,1565.6,1576.6,1587.2,1590.7,1595.5,1616.5,1632,1633.3,1655.5,1636.3,1649.1,1627.7,1614.1,1617.5,1659.7,1664.9,1670.1,1675.3,1652.3,1652.7,1673.9,1659.8,1628.1
9.723700000000000045e+02,9.680399999999999636e+02,9.591200000000000045e+02,9.460800000000000409e+02,9.452799999999999727e+02,9.346200000000000045e+02,9.357899999999999636e+02,9.360499999999999545e+02,9.362999999999999545e+02,9.365599999999999454e+02,9.285800000000000409e+02,9.325599999999999454e+02,9.305000000000000000e+02,9.235099999999999909e+02,9.200499999999999545e+02,9.165800000000000409e+02,9.137500000000000000e+02,9.153899999999999864e+02,9.117999999999999545e+02,8.914099999999999682e+02,8.877699999999999818e+02,8.840700000000000500e+02,8.803700000000000045e+02,8.806900000000000546e+02,8.697799999999999727e+02,8.670900000000000318e+02,8.790499999999999545e+02,8.792200000000000273e+02,8.709700000000000273e+02,8.667799999999999727e+02,8.630800000000000409e+02,8.635700000000000500e+02,8.805499999999999545e+02,8.765299999999999727e+02,8.799600000000000364e+02,8.851000000000000227e+02,8.878500000000000227e+02,8.952599999999999909e+02,8.972200000000000273e+02,8.899800000000000182e+02,8.912500000000000000e+02,8.865700000000000500e+02,8.874600000000000364e+02,8.817500000000000000e+02,8.794800000000000182e+02,8.783099999999999454e+02,8.771399999999999864e+02,8.763200000000000500e+02,8.656299999999999955e+02,8.616599999999999682e+02,8.641799999999999500e+02,8.574600000000000364e+02,8.540000000000000000e+02,8.489199999999999591e+02,8.496499999999999773e+02,8.402300000000000182e+02,8.447200000000000273e+02,8.463200000000000500e+02,8.503400000000000318e+02,8.484900000000000091e+02,8.447699999999999818e+02,8.456299999999999955e+02,8.446100000000000136e+02,8.421000000000000227e+02,8.462000000000000455e+02,8.429400000000000546e+02,8.438400000000000318e+02,8.397599999999999909e+02,8.370000000000000000e+02,8.266100000000000136e+02,8.254900000000000091e+02,8.229199999999999591e+02,8.372300000000000182e+02,8.425399999999999636e+02,8.467500000000000000e+02,8.399400000000000546e+02
1095.2,1093.9,1120.4,1157,1164.1,1167.9,1192.7,1198.3,1204,1209,1208.6,1208.2,1207.7,1207.3,1206.9,1181.9,1143,1164.1,1186.7,1191.2,1194.6,1212.9,1220.9,1233.4,1236.7,1263.7,1254.7,1280.6,1297.9,1272.1,1268.8,1275.3,1281,1273.7,1248.8,1245.4,1243.2,1254.9,1233.5,1237,1240.8,1230.5,1221.1,1224.2,1227.3,1216.3,1220.9,1225.8,1232.8,1231.8,1231,1244.1,1252.3,1247,1256.2,1268.6,1269.3,1260.5,1262,1263.5,1265,1244.6,1271.1,1265,1258.9,1252.8,1246.7,1242.8,1238.9,1235,1231.1,1227.2,1234.3,1241.3,1248.4,1255.4
1.250599999999999909e+03,1.240500000000000000e+03,1.247500000000000000e+03,1.245400000000000091e+03,1.241799999999999955e+03,1.253400000000000091e+03,1.240400000000000091e+03,1.242700000000000045e+03,1.245000000000000000e+03,1.247299999999999955e+03,1.262400000000000091e+03,1.268500000000000000e+03,1.269200000000000045e+03,1.280099999999999909e+03,1.284099999999999909e+03,1.288000000000000000e+03,1.291099999999999909e+03,1.300200000000000045e+03,1.294400000000000091e+03,1.313000000000000000e+03,1.315099999999999909e+03,1.318099999999999909e+03,1.326000000000000000e+03,1.322799999999999955e+03,1.363500000000000000e+03,1.337000000000000000e+03,1.342299999999999955e+03,1.358500000000000000e+03,1.364099999999999909e+03,1.369000000000000000e+03,1.364000000000000000e+03,1.370400000000000091e+03,1.375000000000000000e+03,1.384400000000000091e+03,1.383599999999999909e+03,1.441799999999999955e+03,1.443400000000000091e+03,1.385700000000000045e+03,1.454000000000000000e+03,1.395500000000000000e+03,1.444500000000000000e+03,1.396500000000000000e+03,1.377400000000000091e+03,1.396400000000000091e+03,1.399700000000000045e+03,1.404400000000000091e+03,1.355799999999999955e+03,1.346799999999999955e+03,1.389299999999999955e+03,1.400200000000000045e+03,1.435799999999999955e+03,1.394900000000000091e+03,1.395599999999999909e+03,1.394400000000000091e+03,1.390700000000000045e+03,1.408799999999999955e+03,1.402900000000000091e+03,1.370299999999999955e+03,1.436599999999999909e+03,1.390500000000000000e+03,1.346099999999999909e+03,1.371900000000000091e+03,1.345900000000000091e+03,1.360400000000000091e+03,1.358000000000000000e+03,1.343700000000000045e+03,1.354299999999999955e+03,1.348799999999999955e+03,1.337500000000000000e+03,1.334900000000000091e+03,1.351000000000000000e+03,1.345700000000000045e+03,1.349900000000000091e+03,1.344400000000000091e+03,1.387200000000000045e+03,1.330700000000000045e+03
1.319500000000000000e+03,1.316400000000000091e+03,1.319500000000000000e+03,1.329000000000000000e+03,1.324599999999999909e+03,1.326799999999999955e+03,1.329700000000000045e+03,1.342200000000000045e+03,1.352299999999999955e+03,1.360700000000000045e+03,1.373000000000000000e+03,1.385599999999999909e+03,1.389900000000000091e+03,1.400099999999999909e+03,1.408000000000000000e+03,1.415400000000000091e+03,1.422900000000000091e+03,1.423599999999999909e+03,1.429500000000000000e+03,1.434900000000000091e+03,1.437700000000000045e+03,1.443000000000000000e+03,1.449599999999999909e+03,1.451200000000000045e+03,1.455500000000000000e+03,1.460299999999999955e+03,1.461400000000000091e+03,1.460400000000000091e+03,1.470700000000000045e+03,1.465299999999999955e+03,1.473299999999999955e+03,1.478200000000000045e+03,1.485599999999999909e+03,1.490400000000000091e+03,1.491299999999999955e+03,1.500200000000000045e+03,1.504900000000000091e+03,1.511000000000000000e+03,1.513599999999999909e+03,1.514799999999999955e+03,1.519900000000000091e+03,1.525099999999999909e+03,1.529700000000000045e+03,1.541200000000000045e+03,1.549500000000000000e+03,1.557400000000000091e+03,1.558200000000000045e+03,1.564900000000000091e+03,1.576400000000000091e+03,1.588400000000000091e+03,1.592799999999999955e+03,1.598900000000000091e+03,1.603000000000000000e+03,1.614900000000000091e+03,1.619500000000000000e+03,1.630799999999999955e+03,1.638500000000000000e+03,1.650500000000000000e+03,1.663900000000000091e+03,1.659500000000000000e+03,1.661799999999999955e+03,1.666299999999999955e+03,1.663200000000000045e+03,1.663599999999999909e+03,1.668900000000000091e+03,1.669700000000000045e+03,1.675000000000000000e+03,1.671400000000000091e+03,1.663799999999999955e+03,1.661400000000000091e+03,1.653500000000000000e+03,1.653900000000000091e+03,1.655400000000000091e+03,1.652299999999999955e+03,1.652099999999999909e+03,1.651299999999999955e+03
1.692200000000000045e+03,1.682700000000000045e+03,1.673099999999999909e+03,1.663599999999999909e+03,1.654000000000000000e+03,1.644400000000000091e+03,1.692000000000000000e+03,1.688000000000000000e+03,1.679400000000000091e+03,1.608299999999999955e+03,1.563799999999999955e+03,1.543400000000000091e+03,1.527599999999999909e+03,1.522200000000000045e+03,1.516900000000000091e+03,1.511500000000000000e+03,1.465000000000000000e+03,1.505400000000000091e+03,1.520500000000000000e+03,1.476099999999999909e+03,1.469799999999999955e+03,1.449000000000000000e+03,1.415700000000000045e+03,1.384400000000000091e+03,1.358400000000000091e+03,1.342599999999999909e+03,1.313700000000000045e+03,1.307400000000000091e+03,1.256299999999999955e+03,1.217900000000000091e+03,1.169900000000000091e+03,1.157700000000000045e+03,1.157000000000000000e+03,1.181799999999999955e+03,1.120599999999999909e+03,1.094500000000000000e+03,1.079700000000000045e+03,1.076000000000000000e+03,1.067599999999999909e+03,1.061400000000000091e+03,1.040400000000000091e+03,1.027400000000000091e+03,1.042599999999999909e+03,1.007700000000000045e+03,9.817999999999999545e+02,9.313899999999999864e+02,8.923799999999999955e+02,8.819500000000000455e+02,8.413300000000000409e+02,8.357799999999999727e+02,8.302200000000000273e+02,7.599600000000000364e+02,7.757100000000000364e+02,7.797699999999999818e+02,6.999500000000000455e+02,6.833899999999999864e+02,6.417599999999999909e+02,6.250700000000000500e+02,6.083799999999999955e+02,5.917000000000000455e+02,5.960000000000000000e+02,6.002999999999999545e+02,6.046000000000000227e+02,5.827500000000000000e+02,6.093099999999999454e+02,6.358700000000000045e+02,6.624299999999999500e+02,6.889900000000000091e+02,7.244299999999999500e+02,6.997999999999999545e+02,7.007000000000000455e+02,7.157100000000000364e+02,7.253700000000000045e+02,7.350399999999999636e+02,7.250000000000000000e+02,7.275399999999999636e+02
354.08,355.2,352.24,357.48,352.9,350.26,351.3,350.39,345.43,342.85,337.83,333.67,326.93,322.66,322.01,315.35,309.67,304.16,300.2,299.1,292.58,290.88,282.73,278.77,276.67,268.1,266.19,265.86,266.07,262.9,257.34,256.38,258.02,259.67,255.59,261,260.5,259.37,255.66,254.92,258.75,255,254.06,254.9,250.6,254.53,250.33,249.37,247.15,241.57,237.06,235.04,228.27,234.22,228.93,225.13,219.11,223.04,221.89,214.54,217.09,210.86,204.32,203.24,205.09,203.78,204.25,208.65,207.69,207.36,207.78,205.95,205.05,199.57,205.47,205.07
355.93,393.99,348.93,397.62,344.56,312.36,280.16,293.31,289.95,288.2,315.14,287.37,279.92,274,270.8,260.47,237.24,196.07,186.49,190.1,193.7,187.81,175.24,156.22,154.75,154.95,149.3,163.89,150.97,130.02,119.42,113.44,109.2,138.94,152.66,166.38,180.1,193.82,200.35,196.37,205.66,209.61,210.45,153.55,156.17,158.78,185.29,211.79,198,184.22,192.32,203.78,215.23,220.56,225.88,227.19,248.94,256.02,263.1,269.89,274.25,280.01,295.53,307.28,299.33,304.78,309.17,313.55,307.86,312.18,316.5,316.3,316.09,310.11,303.07,296.04
1251.5,1279.7,1265.3,1260.7,1264,1265.1,1268,1248.1,1298.6,1249.1,1262.9,1243.7,1307.7,1282.8,1287.3,1232.8,1243.5,1270.9,1241.6,1239.7,1234.9,1270.4,1260.5,1226.2,1202.6,1253.2,1203,1248.3,1186.9,1251.5,1248.5,1306.5,1247.9,1259.6,1247,1159.4,1148.3,1201.9,1130,1158.1,1151.5,1157.4,1115.3,1074.4,1082.9,1050.6,1031.2,1039.9,1011.8,1005.3,999.01,979.71,984.84,984.9,979.09,985.44,1004.3,1033.2,1099.9,1051.9,1053.3,1120.8,1167.8,1207.9,1288.3,1353.8,1376.8,1420,1453.1,1531.2,1603.6,1652.1,1690.1,1717.7,1721.7,1722.4
407.35,440.33,465.51,452.83,451.94,449.9,451.89,455.27,452.23,450.66,453.8,459.58,458.31,455.79,446.08,442.95,434.8,441.71,445.4,471.49,482.29,485.58,494.16,489.73,496.86,485.88,470.78,441.74,416.51,402.59,385.35,380.17,397.63,405.35,416.33,426.54,369.34,360.27,327.64,288.79,284.53,326.79,317.14,326.62,343.11,343.15,353.61,368.52,370.45,319.29,345.54,349.44,431.64,438.62,452.76,376.18,364.17,404.55,392.7,349.29,347.61,362.43,317.97,317.82,335.13,326.71,310.82,316.11,296,290.47,276.29,262.42,267.76,259.12,258.92,250.53
1.670700000000000045e+03,1.647500000000000000e+03,1.630200000000000045e+03,1.609400000000000091e+03,1.558900000000000091e+03,1.548099999999999909e+03,1.537299999999999955e+03,1.527000000000000000e+03,1.516599999999999909e+03,1.510900000000000091e+03,1.500799999999999955e+03,1.497900000000000091e+03,1.494900000000000091e+03,1.484400000000000091e+03,1.476200000000000045e+03,1.468000000000000000e+03,1.481599999999999909e+03,1.486000000000000000e+03,1.506299999999999955e+03,1.525900000000000091e+03,1.558099999999999909e+03,1.586900000000000091e+03,1.605500000000000000e+03,1.617299999999999955e+03,1.646500000000000000e+03,1.603500000000000000e+03,1.590200000000000045e+03,1.577000000000000000e+03,1.587500000000000000e+03,1.598000000000000000e+03,1.570700000000000045e+03,1.553099999999999909e+03,1.542200000000000045e+03,1.534700000000000045e+03,1.520700000000000045e+03,1.532900000000000091e+03,1.508200000000000045e+03,1.501000000000000000e+03,1.494700000000000045e+03,1.486000000000000000e+03,1.482799999999999955e+03,1.481000000000000000e+03,1.474900000000000091e+03,1.469000000000000000e+03,1.480299999999999955e+03,1.453000000000000000e+03,1.447799999999999955e+03,1.457500000000000000e+03,1.451299999999999955e+03,1.445099999999999909e+03,1.438900000000000091e+03,1.432599999999999909e+03,1.426400000000000091e+03,1.429299999999999955e+03,1.424599999999999909e+03,1.420000000000000000e+03,1.430200000000000045e+03,1.430500000000000000e+03,1.429599999999999909e+03,1.431799999999999955e+03,1.422299999999999955e+03,1.417900000000000091e+03,1.422500000000000000e+03,1.407500000000000000e+03,1.392400000000000091e+03,1.391900000000000091e+03,1.380200000000000045e+03,1.383400000000000091e+03,1.381599999999999909e+03,1.394599999999999909e+03,1.397200000000000045e+03,1.399799999999999955e+03,1.402400000000000091e+03,1.405000000000000000e+03,1.407599999999999909e+03,1.410200000000000045e+03
1554.4,1564.9,1561.3,1564.1,1579.1,1590,1597.4,1607.4,1614.8,1617.4,1642.2,1683.1,1702.7,1707.1,1710.4,1710.6,1680.3,1669.3,1622.4,1584.9,1556.4,1533.5,1519.1,1512.9,1509.1,1509.1,1510.6,1511.7,1512.9,1520.2,1518.9,1525.3,1531.3,1543.1,1561.4,1584.2,1599.8,1612.3,1611.6,1628.4,1638.5,1645.9,1654.1,1660.6,1670.8,1676,1687.8,1696.2,1735.7,1756.4,1779.4,1787.9,1770.4,1761.6,1761.1,1745.4,1735.1,1725.6,1713.6,1699.1,1673.2,1668.1,1654.1,1650.4,1620.2,1592,1592.1,1599.8,1591.8,1581.6,1605.8,1611.3,1611.6,1614,1610.9,1615.9
1.060500000000000000e+03,1.072599999999999909e+03,1.072200000000000045e+03,1.078500000000000000e+03,1.067799999999999955e+03,1.067299999999999955e+03,1.066099999999999909e+03,1.066200000000000045e+03,1.069299999999999955e+03,1.052599999999999909e+03,1.050500000000000000e+03,1.054000000000000000e+03,1.054400000000000091e+03,1.062500000000000000e+03,1.108700000000000045e+03,1.103799999999999955e+03,1.067200000000000045e+03,1.058299999999999955e+03,1.066000000000000000e+03,1.048099999999999909e+03,1.040299999999999955e+03,1.028400000000000091e+03,1.025099999999999909e+03,1.022399999999999977e+03,1.019600000000000023e+03,1.017600000000000023e+03,1.008000000000000000e+03,1.004600000000000023e+03,1.010399999999999977e+03,1.007799999999999955e+03,9.977599999999999909e+02,9.963099999999999454e+02,9.948600000000000136e+02,9.934099999999999682e+02,9.840199999999999818e+02,9.799900000000000091e+02,9.633600000000000136e+02,9.566900000000000546e+02,9.465199999999999818e+02,9.315800000000000409e+02,9.266200000000000045e+02,9.244400000000000546e+02,9.053600000000000136e+02,8.906499999999999773e+02,8.727999999999999545e+02,8.506599999999999682e+02,8.285099999999999909e+02,8.063700000000000045e+02,7.502500000000000000e+02,7.158099999999999454e+02,6.607400000000000091e+02,6.401599999999999682e+02,6.182200000000000273e+02,6.113899999999999864e+02,6.178700000000000045e+02,6.359900000000000091e+02,6.130700000000000500e+02,5.747699999999999818e+02,5.583799999999999955e+02,5.419800000000000182e+02,5.338400000000000318e+02,5.416100000000000136e+02,5.493799999999999955e+02,5.571499999999999773e+02,5.899299999999999500e+02,6.148899999999999864e+02,6.392200000000000273e+02,6.630199999999999818e+02,6.800199999999999818e+02,6.982100000000000364e+02,7.009299999999999500e+02,7.019400000000000546e+02,7.177000000000000455e+02,7.262999999999999545e+02,7.564900000000000091e+02,7.752599999999999909e+02
5.947100000000000364e+02,6.205800000000000409e+02,6.390299999999999727e+02,6.478300000000000409e+02,6.542799999999999727e+02,6.695499999999999545e+02,6.896399999999999864e+02,7.195499999999999545e+02,7.416499999999999773e+02,7.676299999999999955e+02,7.879900000000000091e+02,8.102599999999999909e+02,8.321900000000000546e+02,8.378700000000000045e+02,8.451499999999999773e+02,8.524199999999999591e+02,8.600000000000000000e+02,8.574700000000000273e+02,8.915700000000000500e+02,9.234199999999999591e+02,9.364700000000000273e+02,9.383600000000000136e+02,9.502200000000000273e+02,9.621699999999999591e+02,9.744099999999999682e+02,9.940700000000000500e+02,1.007799999999999955e+03,1.032000000000000000e+03,1.049900000000000091e+03,1.052799999999999955e+03,1.065000000000000000e+03,1.077299999999999955e+03,1.072700000000000045e+03,1.074599999999999909e+03,1.076400000000000091e+03,1.071700000000000045e+03,1.089099999999999909e+03,1.091599999999999909e+03,1.097299999999999955e+03,1.107200000000000045e+03,1.115700000000000045e+03,1.124700000000000045e+03,1.138500000000000000e+03,1.152299999999999955e+03,1.166000000000000000e+03,1.192500000000000000e+03,1.198799999999999955e+03,1.213700000000000045e+03,1.216500000000000000e+03,1.231200000000000045e+03,1.246599999999999909e+03,1.264500000000000000e+03,1.290599999999999909e+03,1.318200000000000045e+03,1.345799999999999955e+03,1.373700000000000045e+03,1.399099999999999909e+03,1.410000000000000000e+03,1.420799999999999955e+03,1.436500000000000000e+03,1.450700000000000045e+03,1.467299999999999955e+03,1.484299999999999955e+03,1.512799999999999955e+03,1.540900000000000091e+03,1.569700000000000045e+03,1.587799999999999955e+03,1.602500000000000000e+03,1.643299999999999955e+03,1.667700000000000045e+03,1.692099999999999909e+03,1.683299999999999955e+03,1.681500000000000000e+03,1.673299999999999955e+03,1.675000000000000000e+03,1.681200000000000045e+03
585.9,587.75,583.01,582.19,581.71,573.1,579.21,582.03,576.89,576.16,572.15,574.27,587.76,588.3,590.16,594.68,600.71,605.91,605.54,592,608.51,607.08,609.73,620.87,578.28,626.52,611.42,615.38,621.92,670.58,676.85,685.85,703.61,724.28,741.33,753.75,760.45,763.84,766.96,766.85,770.79,764.31,776.39,779.69,776.4,789.54,794.58,800.48,796.93,800.93,815.55,814.36,813.17,818.51,816.64,818.99,817.59,820.2,809.95,822.13,821.7,822.59,847.24,842.45,817.49,810.79,808.33,831.44,830.32,825.14,819.01,793.22,766.52,739.82,729.89,719.97
1198.9,1200.7,1201.3,1201.6,1200.4,1205.8,1206.3,1207.5,1214.8,1213.2,1213.8,1215.2,1215.2,1217.6,1223.2,1221.5,1221.4,1231,1238,1240,1246.5,1247.1,1243.9,1253.4,1255.2,1268.4,1275.4,1278.9,1294.1,1293,1292.7,1291.9,1295.3,1293.3,1292.2,1297.6,1315.8,1310,1307.9,1306.7,1309.8,1309.2,1302.4,1303.6,1297.6,1297.5,1289.6,1277.7,1273.6,1267.8,1261.5,1259.2,1256.9,1256.7,1252.5,1256.4,1257.9,1258.9,1257.2,1252.5,1251.6,1251.6,1264.4,1249.3,1239.4,1239.1,1239,1235.7,1241.2,1243.8,1237.9,1234.3,1236.6,1242.7,1238.1,1245.3
1178.6,1194.6,1207.3,1221.1,1238.1,1247.1,1259.8,1272.4,1280.3,1286.2,1289,1295.9,1301.7,1305.8,1298.1,1300.9,1299.3,1296.6,1293.4,1293.4,1285,1279.2,1273.2,1266.2,1256.9,1250.7,1244.8,1232.7,1222.3,1210.4,1201.5,1202.8,1193.8,1182,1167.3,1155.6,1130.1,1110.6,1103.3,1087.3,1071.1,1062.8,1052.9,1037.3,1019.5,1006.6,999.97,995.75,989.18,986.07,960.94,978.02,974.48,976.07,971.82,971.11,966.8,965.99,978.44,972.63,986.56,995.28,1000.4,1003.6,1009.1,1017.5,1027.4,1031,1034.1,1044.6,1047.8,1052.4,1030.3,1008.2,986.02,963.88
580.41,575.53,576.25,561.93,568.77,561.64,556.99,546.09,547.5,514.85,528.77,537.03,545.29,583.15,607.64,602.47,593.11,589.34,565.41,603.94,568.94,589.45,627.29,617.51,607.74,597.96,603.42,603.34,593.3,577.76,579.84,573.52,591.68,572.78,569.36,567.05,570.65,569.37,566.8,570.22,556.83,544.66,539.88,526.41,522.16,523.46,526.64,530.76,533.34,530.87,521.5,517.34,503.49,496.76,494.95,486.87,475.93,477.4,484.43,481.6,482.03,485.87,487.66,482.12,469.59,455.12,440.88,434.95,434.98,426.88,432.76,436.26,431.9,426.29,421.39,423.77
7.342999999999999545e+02,7.474900000000000091e+02,7.536100000000000136e+02,7.399500000000000455e+02,7.678600000000000136e+02,6.741000000000000227e+02,6.572999999999999545e+02,6.523999999999999773e+02,6.536499999999999773e+02,6.483200000000000500e+02,6.465000000000000000e+02,6.537300000000000182e+02,6.090099999999999909e+02,5.941699999999999591e+02,6.029900000000000091e+02,7.266299999999999955e+02,7.286900000000000546e+02,7.446799999999999500e+02,7.557999999999999545e+02,7.789700000000000273e+02,8.660399999999999636e+02,8.652400000000000091e+02,8.659900000000000091e+02,8.776200000000000045e+02,8.826699999999999591e+02,8.948700000000000045e+02,8.739800000000000182e+02,9.012599999999999909e+02,9.139800000000000182e+02,9.090199999999999818e+02,9.273899999999999864e+02,9.201799999999999500e+02,9.061599999999999682e+02,9.287300000000000182e+02,9.084400000000000546e+02,8.840299999999999727e+02,8.871200000000000045e+02,1.007000000000000000e+03,1.017600000000000023e+03,1.024799999999999955e+03,1.030500000000000000e+03,1.047900000000000091e+03,1.106099999999999909e+03,1.140599999999999909e+03,9.943500000000000227e+02,9.947500000000000000e+02,9.911699999999999591e+02,1.002700000000000045e+03,9.968200000000000500e+02,1.015899999999999977e+03,1.012600000000000023e+03,1.007100000000000023e+03,1.001500000000000000e+03,9.593899999999999864e+02,9.366200000000000045e+02,8.989500000000000455e+02,9.022999999999999545e+02,9.054299999999999500e+02,9.085499999999999545e+02,9.116799999999999500e+02,9.148099999999999454e+02,9.494400000000000546e+02,9.501200000000000045e+02,9.894600000000000364e+02,9.477300000000000182e+02,9.293500000000000227e+02,9.531599999999999682e+02,9.084299999999999500e+02,8.799199999999999591e+02,8.189199999999999591e+02,7.579299999999999500e+02,7.594099999999999682e+02,7.539700000000000273e+02,7.417500000000000000e+02,7.404299999999999500e+02,7.391000000000000227e+02
644.58,637.9,633.52,628.32,619.98,619.93,622.51,620.9,616.3,618.14,615.35,615.81,617.65,619.5,617.61,615.3,613.81,608.42,607.92,606.65,599.16,600.8,599.96,597.51,593.58,593.21,590.21,587.2,585.78,582.86,582.81,580.15,576.54,572.01,570.1,565.96,568.02,567.89,564.44,561.02,562.46,564.61,566.8,567.21,567.62,566.02,563.09,561.91,557.88,553.85,546.16,544.62,543.07,541.53,539.98,536.1,535.79,534.59,533.14,532.11,531.83,528.06,530.2,529.53,529.44,532.43,531.69,545,531,539.14,534.35,538.76,536.35,530.79,528.95,534.22
743.67,762.51,760.37,768.31,773.28,795.96,812.19,813.97,842.96,851.69,863.72,885.13,902.65,912.78,920.21,941.92,974.23,990.43,1006.6,860.35,991.23,1038.1,1042.7,1034.4,1049.8,1050.1,1058.6,1064.4,1072.7,1080.2,1087.3,1098.5,1113.8,1116.9,1123.8,1124.8,1124.2,1126.9,1123.2,1119.3,1120.7,1129.6,1109,1088.3,1166.2,1181.5,1190.8,1177.9,1165,1222,1191.7,1219,1213.9,1183.8,1268,1242.6,1244.4,1251,1245.4,1257.3,1317.3,1364.4,1371,1409.2,1419.4,1418.2,1428.6,1438.9,1449.2,1445.7,1455,1459.7,1459.9,1467.6,1467.7,1476.3
1216.5,1225.6,1221.8,1218.1,1214.3,1210.6,1206.8,1207.2,1207.5,1201,1210.8,1198,1207.6,1201.5,1208.6,1206.6,1197.2,1184.8,1156.3,1158,1148.9,1133.5,1148.2,1141,1133.8,1123.8,1136.8,1158.5,1180.2,1181.6,1173.7,1179.1,1177.4,1176.9,1215.1,1223.9,1229.7,1216.4,1199.6,1183.4,1191.2,1193.5,1202,1214.8,1247.2,1267.4,1274.7,1275.3,1268.6,1254.1,1264.2,1248.2,1283.5,1224.1,1234.3,1239.1,1245.9,1242.5,1256,1242,1221.3,1230.2,1227.4,1212.8,1196.6,1180.4,1156.9,1163.2,1150.1,1160.1,1165,1179.1,1192.7,1196.4,1196.4,1209.4
1124.9,1113.8,1117.2,1123.9,1126.1,1113.9,1108.4,1110.9,1103.3,1090.3,1062,1060.3,1061.5,1062.6,1052.8,1044.9,1050,1043.8,1045,1044.7,1042.3,1038.8,1037.9,1033.6,1032.3,1031.3,1030.4,1031.1,1034.7,1037.7,1035,1037,1029.8,1031.6,1029.5,1030.7,1034.4,1038.2,1041.8,1035.8,1044,1049.1,1053,1023.4,1020.3,1017.7,1023.4,1028.9,1032.2,1041.3,1049.1,1054.2,1059,1058.7,1056,1049,1061.4,1067.8,1084,1093.6,1172.4,1171.3,1180.5,1195.7,1194.4,1195.9,1194.3,1195.9,1209.6,1198.4,1206.2,1207.6,1227,1208.4,1209.7,1186.6
1399.1,1399.6,1401.4,1391.4,1388.2,1398,1393.8,1404.1,1404.5,1398.5,1395.3,1374.3,1359.1,1344.8,1326,1300,1275.1,1254.3,1248.3,1245.4,1242.6,1228.6,1221.1,1211.4,1204.8,1199.9,1183.5,1171.5,1159.5,1150.5,1134.5,1127.6,1108.1,1092.3,1082,1068.9,1059,1046,1041.3,1031.8,1028.9,1021.1,1020.3,1009.6,1007.3,1016.4,1026.1,1042.2,1045.4,1042.1,1051.2,1050.9,1064.4,1080.6,1104.6,1118.6,1138.2,1168.7,1188,1211.9,1230,1243.4,1257.5,1276,1290.5,1301.9,1313.3,1328.7,1336.6,1345.9,1373,1385,1418.8,1437.3,1450.2,1459.8
1615.3,1601.9,1624.8,1641.2,1646.7,1660.1,1651.9,1671.4,1696.2,1701.2,1720.2,1728.1,1747.2,1779.4,1812.6,1836.2,1845.1,1846.5,1828.9,1816,1809.6,1819.7,1853.8,1870.2,1873.3,1848.7,1831.9,1817.4,1809,1815.7,1861.9,1884.4,1864.1,1859.3,1882.4,1872.8,1878.8,1878.5,1885.5,1884.7,1875.9,1872,1859.9,1817.3,1749,1745.9,1751,1763.9,1764.6,1768,1794,1804.5,1797.1,1808.2,1828,1828.8,1823.7,1826.3,1829.5,1832.7,1832.2,1843.4,1778.4,1827.9,1884.3,1908.2,1935.7,1950.7,1957.5,1961,1961.8,1960.1,1960.9,1961,1949.3,1939.7
