1568.5,1561.1,1563.7,1559.6,1549.2,1540.2,1534.3,1521.1,1517.2,1500.6,1487.1,1480.1,1472.8,1468.3,1462.4,1460.6,1464,1458.1,1461.4,1443.3,1428.3,1444.7,1431.5,1434.1,1433.6,1431.4,1429.6,1396.4,1374,1420.6,1386.6,1434,1350.8,1337.2,1329.3,1322,1314.7,1307.5,1287.5,1281.3,1266.1,1271.6,1262.6,1227.7,1231,1216.2,1214.6,1195.1,1184.9,1169.2,1150.8,1151.4,1152.1,1149.4,1147.5,1153.9,1153.5,1156.1,1170.4,1169.9,1196.4,1221.4,1232.5,1248.5,1254.5,1267.7,1281,1287.1,1314.1,1335.7,1357.3,1369.6,1383.2,1396.8,1410.4,1424
1914.8,1895,1875.2,1880.4,1888.2,1889,1907.8,1896.8,1892.8,1881.2,1862.2,1853,1839.8,1829.3,1810.3,1799,1782.6,1766.4,1762.5,1756.2,1758.2,1757.4,1745.1,1746.4,1735.3,1718.8,1726.3,1718.3,1714.8,1717,1717.9,1709,1719.4,1708.6,1715.8,1717.8,1728.9,1735.7,1745.8,1745.6,1742.9,1739,1740.5,1743.6,1721.8,1733.6,1732.8,1737.9,1731,1726,1727.5,1725.9,1723.6,1719.7,1716.2,1717.8,1714.7,1715.2,1710.4,1712.4,1712.7,1719.3,1715.1,1712,1719.8,1715,1716,1718.6,1716.3,1715.3,1720.7,1726,1735.3,1741.7,1717.2,1707.8
1163.4,1160.1,1156.7,1168.9,1171.3,1163.9,1160.4,1148.5,1148.2,1135.2,1127.1,1119,1121.5,1120.3,1123.7,1114.7,1126.9,1112,1117.2,1107.6,1107.9,1108.6,1104.5,1104.3,1104,1103,1101.2,1102.5,1103.8,1103,1108.9,1110.5,1103.2,1101.9,1108.4,1105.2,1101.6,1101.6,1082.7,1100.4,1106.8,1104.6,1131.7,1133.5,1118.8,1111.9,1099.6,1111.9,1119.1,1119.6,1113,1115.6,1109.8,1109,1115.1,1119.8,1117.7,1120.3,1118.2,1119.3,1121.5,1119.4,1125.9,1133.8,1141.7,1141.3,1140.8,1159.2,1143.4,1145.3,1155.6,1154.4,1174.2,1180.9,1174.7,1188
1.625500000000000000e+03,1.624599999999999909e+03,1.623700000000000045e+03,1.622799999999999955e+03,1.621900000000000091e+03,1.616799999999999955e+03,1.623000000000000000e+03,1.612200000000000045e+03,1.605400000000000091e+03,1.580900000000000091e+03,1.554799999999999955e+03,1.536400000000000091e+03,1.515200000000000045e+03,1.500700000000000045e+03,1.488900000000000091e+03,1.477200000000000045e+03,1.475599999999999909e+03,1.468799999999999955e+03,1.459799999999999955e+03,1.455700000000000045e+03,1.448900000000000091e+03,1.447799999999999955e+03,1.450799999999999955e+03,1.456200000000000045e+03,1.420299999999999955e+03,1.440400000000000091e+03,1.369000000000000000e+03,1.364000000000000000e+03,1.363599999999999909e+03,1.365599999999999909e+03,1.350500000000000000e+03,1.342799999999999955e+03,1.335299999999999955e+03,1.323000000000000000e+03,1.319700000000000045e+03,1.316400000000000091e+03,1.301200000000000045e+03,1.292400000000000091e+03,1.279900000000000091e+03,1.268700000000000045e+03,1.274599999999999909e+03,1.251200000000000045e+03,1.241400000000000091e+03,1.221299999999999955e+03,1.227799999999999955e+03,1.213599999999999909e+03,1.208500000000000000e+03,1.193599999999999909e+03,1.178700000000000045e+03,1.172500000000000000e+03,1.166299999999999955e+03,1.163599999999999909e+03,1.158299999999999955e+03,1.153099999999999909e+03,1.147099999999999909e+03,1.138200000000000045e+03,1.131599999999999909e+03,1.120700000000000045e+03,1.118099999999999909e+03,1.115599999999999909e+03,1.121700000000000045e+03,1.127500000000000000e+03,1.124500000000000000e+03,1.127400000000000091e+03,1.124599999999999909e+03,1.126099999999999909e+03,1.125200000000000045e+03,1.121099999999999909e+03,1.122900000000000091e+03,1.120799999999999955e+03,1.113900000000000091e+03,1.107500000000000000e+03,1.094299999999999955e+03,1.072200000000000045e+03,1.048299999999999955e+03,1.025200000000000045e+03
1.423700000000000045e+03,1.441799999999999955e+03,1.451900000000000091e+03,1.477200000000000045e+03,1.485500000000000000e+03,1.533900000000000091e+03,1.479500000000000000e+03,1.471500000000000000e+03,1.455299999999999955e+03,1.432299999999999955e+03,1.402700000000000045e+03,1.382599999999999909e+03,1.339599999999999909e+03,1.368000000000000000e+03,1.376299999999999955e+03,1.400500000000000000e+03,1.430200000000000045e+03,1.447700000000000045e+03,1.475799999999999955e+03,1.490900000000000091e+03,1.500000000000000000e+03,1.515000000000000000e+03,1.521799999999999955e+03,1.531299999999999955e+03,1.550299999999999955e+03,1.552299999999999955e+03,1.553799999999999955e+03,1.536599999999999909e+03,1.486299999999999955e+03,1.458599999999999909e+03,1.453500000000000000e+03,1.438599999999999909e+03,1.413799999999999955e+03,1.396599999999999909e+03,1.390099999999999909e+03,1.391900000000000091e+03,1.389700000000000045e+03,1.408500000000000000e+03,1.424799999999999955e+03,1.451299999999999955e+03,1.444200000000000045e+03,1.451000000000000000e+03,1.451500000000000000e+03,1.452299999999999955e+03,1.484799999999999955e+03,1.481299999999999955e+03,1.510700000000000045e+03,1.533400000000000091e+03,1.554700000000000045e+03,1.558099999999999909e+03,1.564500000000000000e+03,1.575900000000000091e+03,1.583400000000000091e+03,1.619200000000000045e+03,1.631900000000000091e+03,1.647200000000000045e+03,1.654500000000000000e+03,1.674900000000000091e+03,1.682599999999999909e+03,1.693400000000000091e+03,1.717200000000000045e+03,1.732799999999999955e+03,1.758200000000000045e+03,1.773799999999999955e+03,1.813000000000000000e+03,1.827599999999999909e+03,1.836599999999999909e+03,1.847400000000000091e+03,1.851900000000000091e+03,1.859299999999999955e+03,1.857299999999999955e+03,1.857400000000000091e+03,1.875700000000000045e+03,1.895000000000000000e+03,1.899400000000000091e+03,1.902900000000000091e+03
236.83,261.69,286.55,311.41,336.27,361.13,385.99,410.85,435.71,448.36,461,473.65,479.69,485.73,487.95,484.55,482.09,483.51,493.86,502.49,526.24,549.99,564.7,585.38,606.06,615.8,633.05,650.3,664.19,679.5,692.96,709.61,726.26,742.91,759.56,776.21,785.06,794.44,800.51,808.29,816.07,822.82,829.58,839.17,848.76,860.88,873,885.12,898.79,912.46,919.52,927.04,933.48,937.23,932.09,936.57,927.63,918.7,909.76,905.61,901.46,887.82,856.86,868.13,948,950.54,961.24,966.22,983.3,985.69,1000.2,997.17,1001.8,1007.3,996.21,995.54
1210.5,1174,1178.4,1167.8,1164.6,1165.2,1161,1166.1,1141.4,1131.5,1103.8,1111.3,1122.5,1126.4,1073.9,1114.5,1112,1054.2,1050.2,1065.2,1033.9,1027.5,1071,1076,1083.1,1092.6,1102.1,1067.8,1069.9,1056.3,1063.5,1070.8,1075.7,1079.5,1077.3,1086.9,1089.1,1102.2,1115.2,1128.2,1126.3,1124.4,1122.5,1133,1129.6,1118.1,1107,1159.4,1151.5,1143.6,1135.7,1131.7,1127.7,1123.7,1119.7,1115.8,1111.8,1107.8,1103.8,1099.4,1095,1134,1126.5,1118.9,1111.4,1097.7,1091.2,1083.2,1075.1,1066.4,1069.6,1067,1064.4,1061.8,1079.7,1089.9
9.381799999999999500e+02,9.022799999999999727e+02,8.938300000000000409e+02,8.826799999999999500e+02,8.696599999999999682e+02,8.663600000000000136e+02,8.604199999999999591e+02,8.527899999999999636e+02,8.571900000000000546e+02,8.488500000000000227e+02,8.483600000000000136e+02,8.468899999999999864e+02,8.465000000000000000e+02,8.521900000000000546e+02,8.466200000000000045e+02,8.457699999999999818e+02,8.440499999999999545e+02,8.423400000000000318e+02,8.414600000000000364e+02,8.438999999999999773e+02,8.463300000000000409e+02,8.487699999999999818e+02,8.543400000000000318e+02,8.604199999999999591e+02,8.664900000000000091e+02,8.725700000000000500e+02,8.741399999999999864e+02,8.795499999999999545e+02,8.879400000000000546e+02,8.963400000000000318e+02,9.047400000000000091e+02,9.090299999999999727e+02,9.181200000000000045e+02,9.342300000000000182e+02,9.503400000000000318e+02,9.664500000000000455e+02,9.742999999999999545e+02,9.821599999999999682e+02,9.900099999999999909e+02,9.978600000000000136e+02,9.957799999999999727e+02,1.001000000000000000e+03,9.978099999999999454e+02,1.012000000000000000e+03,1.013700000000000045e+03,1.025400000000000091e+03,1.057099999999999909e+03,1.088599999999999909e+03,1.133099999999999909e+03,1.123099999999999909e+03,1.113099999999999909e+03,1.107299999999999955e+03,1.101500000000000000e+03,1.101799999999999955e+03,1.099799999999999955e+03,1.098700000000000045e+03,1.097599999999999909e+03,1.095099999999999909e+03,1.102900000000000091e+03,1.129900000000000091e+03,1.139099999999999909e+03,1.151799999999999955e+03,1.144000000000000000e+03,1.157299999999999955e+03,1.146099999999999909e+03,1.147099999999999909e+03,1.150299999999999955e+03,1.137000000000000000e+03,1.133799999999999955e+03,1.144799999999999955e+03,1.149500000000000000e+03,1.148900000000000091e+03,1.158400000000000091e+03,1.152400000000000091e+03,1.153099999999999909e+03,1.152299999999999955e+03
318.51,314.85,321.11,314.61,317.73,314.02,303.01,305.64,302.77,299.79,299.98,300.17,297.94,297.38,306.46,303.71,320.6,332.72,319.25,323.52,328.58,350.2,327.57,300.06,336.37,336.47,372.18,336.87,340.15,324.94,319.34,332.27,326.44,336.77,352.94,366.65,355.56,336.55,334.64,326.02,324.72,331.07,301.21,308.44,308.42,325.71,309.5,304.26,316.43,323,312.03,318.95,319.31,366.96,365.35,363.73,362.12,360.5,358.89,359.57,360.25,315.92,307.72,306.48,334.08,334.01,333.93,318.09,326.38,328,320.15,326.22,305.91,291.06,291.8,281.31
1684.6,1671.3,1655.9,1639,1615.5,1592.4,1586.8,1573.4,1559.1,1546.2,1530.3,1514.4,1512.4,1502.4,1492.1,1485.3,1470.6,1471.9,1453.5,1456.3,1439.3,1442.3,1430.2,1423.2,1407.2,1403.9,1400.3,1409.8,1408.9,1407.5,1405.9,1404.8,1405.7,1400.5,1401.8,1407.7,1410.6,1412,1414,1407.4,1407.1,1403.8,1405.5,1403,1404.7,1414.2,1400.5,1416.6,1413.2,1408.9,1413.8,1411.7,1417,1425.8,1429.6,1423,1439,1448.4,1458.6,1461.5,1465.3,1470.9,1475.1,1482.6,1493.8,1501.6,1509.3,1526.7,1533.9,1534.8,1537.7,1539.1,1546.2,1544.7,1546,1538.7
1124,1144.7,1155.6,1170.5,1187.8,1261,1217.4,1209.5,1238.7,1230.4,1221.6,1198.6,1184.8,1151.1,1184.8,1135.1,1143.4,1166.4,1189.5,1198.1,1173.2,1169.7,1155.2,1144,1151.2,1168.7,1170.5,1200.2,1181.4,1201.5,1233.5,1253.2,1263.5,1267.8,1265.7,1271.4,1275.2,1277.9,1285.8,1301.7,1315.6,1326.5,1331,1329.5,1340.1,1341.2,1339.9,1337.3,1340.6,1340.3,1339.4,1345.2,1348.4,1363.5,1378.1,1396.8,1408.5,1421.3,1419.1,1421.4,1422.8,1424.4,1431.8,1439.7,1454.3,1472.5,1488.4,1498.4,1510.3,1493.9,1497.5,1497.4,1490.9,1495.5,1490.6,1485.8
1009,968.69,967.7,918.93,870.16,847.13,828.61,824.88,817.48,815.8,812.93,789.4,778.37,745.67,712.96,680.57,674.64,668.71,641.21,611.08,677.66,661.12,644.58,628.04,611.5,588.6,565.7,564.75,566.49,572.56,578.63,589.32,600.01,534,467.99,401.99,335.98,326.02,322.67,316.28,304.92,271.8,238.68,217.32,195.95,174.58,171.51,171.8,169.33,186.39,203.45,220.5,237.56,254.62,264.48,279.63,294.79,309.94,325.1,340.26,345.81,366.56,387.3,448.82,510.33,520.39,500.24,494.93,489.63,483.77,477.92,472.07,466.21,460.36,437.67,429.39
9.845299999999999727e+02,9.606599999999999682e+02,9.437200000000000273e+02,9.299299999999999500e+02,9.244900000000000091e+02,9.302300000000000182e+02,9.448500000000000227e+02,9.572699999999999818e+02,9.763300000000000409e+02,9.914099999999999682e+02,1.011200000000000045e+03,1.043000000000000000e+03,1.064099999999999909e+03,1.068599999999999909e+03,1.072200000000000045e+03,1.074400000000000091e+03,1.030500000000000000e+03,1.057299999999999955e+03,1.036799999999999955e+03,1.022200000000000045e+03,1.004799999999999955e+03,9.907699999999999818e+02,9.779500000000000455e+02,9.576000000000000227e+02,9.597799999999999727e+02,9.581900000000000546e+02,9.656799999999999500e+02,9.699199999999999591e+02,9.774099999999999682e+02,1.001200000000000045e+03,1.007500000000000000e+03,1.016100000000000023e+03,1.017000000000000000e+03,1.018399999999999977e+03,9.964199999999999591e+02,9.889600000000000364e+02,9.703899999999999864e+02,1.041599999999999909e+03,9.367100000000000364e+02,9.305700000000000500e+02,9.213099999999999454e+02,9.175800000000000409e+02,9.095199999999999818e+02,9.001900000000000546e+02,8.994299999999999500e+02,8.947699999999999818e+02,8.963500000000000227e+02,8.892899999999999636e+02,8.955099999999999909e+02,9.070900000000000318e+02,9.149199999999999591e+02,9.361499999999999773e+02,9.391900000000000546e+02,9.558500000000000227e+02,9.657999999999999545e+02,9.785299999999999727e+02,9.869099999999999682e+02,1.013000000000000000e+03,1.056799999999999955e+03,1.009399999999999977e+03,1.005200000000000045e+03,1.001100000000000023e+03,9.969400000000000546e+02,9.927899999999999636e+02,9.834500000000000455e+02,9.780199999999999818e+02,9.790499999999999545e+02,9.762999999999999545e+02,9.647200000000000273e+02,9.683500000000000227e+02,9.658099999999999454e+02,9.551799999999999500e+02,9.480299999999999727e+02,9.399500000000000455e+02,9.318700000000000045e+02,9.195599999999999454e+02
1182.9,1200,1211.8,1208,1203.9,1216.1,1258,1306.3,1255.3,1262.5,1262.4,1372.6,1381,1385.1,1378,1376.2,1376.7,1377.2,1381.5,1375.7,1384.3,1394.4,1370.3,1366.4,1375.2,1396.8,1399.9,1380.7,1378.5,1372.7,1344,1350.1,1343.2,1327.6,1313.3,1305.8,1291.9,1286.6,1279.4,1270,1269.5,1269,1268.4,1264.4,1258.8,1256.1,1256.6,1256.8,1263.8,1265.3,1268.9,1269.3,1249.7,1257.2,1239.7,1240,1235.1,1237,1242.3,1248.8,1245.8,1248.5,1248.9,1247.9,1244.1,1241.2,1240.1,1244,1245.8,1245.7,1245.5,1247.2,1247.8,1249.2,1249.2,1244.5
277.2,280.71,284.22,287.73,250.46,249.56,252.21,245.81,230.78,230.27,224.68,219.31,220.62,225.15,215.9,214.29,214.51,221.64,226.29,227.53,236.91,242.94,243.73,257.11,259.58,270.05,253.22,256.83,254.13,255.36,251.32,250.15,261.1,247.01,248.83,249.89,255.67,239.41,242.62,247.63,242.89,252.45,249.35,241.02,262.95,250.62,266.53,284.37,282.93,279.56,281.56,282.84,287.25,290.81,296.12,301.96,305.09,306.49,313.76,322.64,323.93,343.09,348.91,343.22,354.25,357.19,368.17,357.76,368.78,379.67,402.98,406.04,418.32,431.64,449.15,463.69
1414.1,1415,1415.5,1415.9,1416.4,1424.7,1430.4,1433.1,1435.8,1436.8,1437.8,1455.2,1453.6,1451.9,1449.3,1446.7,1444.1,1454.3,1451.8,1418.9,1386,1487.9,1497.9,1501.1,1505.8,1512.7,1506.2,1499.7,1518.3,1528.2,1540.5,1542.8,1546.8,1558.1,1570.7,1575,1579.2,1580.2,1586.8,1592.8,1592.4,1599.9,1595,1589.6,1588.4,1600.9,1594.5,1605.5,1613.1,1621.5,1625.2,1640.9,1645,1651.9,1648.9,1641.7,1648.6,1646.7,1654.7,1658.2,1660.7,1662,1671,1680.2,1679.1,1688.6,1716.7,1728.6,1727.2,1739.6,1754.5,1755.8,1757.1,1758.4,1759.6,1760.9
1040,1036.4,1043.1,1045,1044.9,1046.7,1052,1056,1051.5,1056.4,1058.8,1058,1053.2,1052.2,1050.5,1049.9,1051.2,1054.3,1052.6,1050.1,1052.1,1053.7,1048.4,1037.8,1034,1017.5,1021.4,1007.1,995,998.04,1001.1,1004.1,1008.2,1011.4,1013.4,1013.4,1013.5,999.17,990.88,972.2,989.74,980.27,970.8,959.4,948,946.01,939.35,944.35,971.13,971.08,971.03,970.98,970.93,970.88,975.15,975.9,982.72,989.53,996.34,1006.5,1013.6,1020.7,1024.7,1046.1,1067.5,1040.1,1050.2,1085.7,1079.3,1073,1066.7,1074.5,1082.4,1090.2,1093.7,1099.4
1573,1573.1,1574.1,1575.5,1576.6,1578,1574.8,1579,1584.2,1572.3,1587.3,1587.3,1586.6,1587.9,1586.8,1591.1,1578.9,1558,1568.6,1576.6,1580.9,1590.6,1581.8,1588.4,1590,1567.3,1566.6,1561.5,1560,1586.6,1557.9,1551.3,1551.6,1557.2,1556.9,1554.1,1549.5,1565.2,1542,1541.3,1531.5,1536,1519.5,1528.2,1527.2,1525.7,1520.5,1521.3,1529.6,1516.9,1519.1,1519.2,1514.8,1511.5,1512.5,1516.4,1504,1506.5,1509.6,1508.5,1539.1,1513.7,1510.6,1519.1,1532.6,1518.1,1514.9,1517.4,1518,1514.7,1521.2,1517.4,1516.9,1516.6,1517.6,1520.8
635.98,638.61,641.24,643.87,662.34,680.8,611.67,624.98,681.5,670.69,640.12,594.08,594.55,595.03,597.17,599.3,605.76,600.88,609.46,602.94,642.73,720.24,813.15,904.21,910.04,930.49,908.88,939.51,931.26,955.84,964.4,958.52,968.23,945.43,945.77,995.51,916.75,929.14,962.57,940.12,950.7,982.08,990.63,1007.8,1012.2,1018.2,1022.3,1045.3,1054.5,1073,1089,1093.3,1110.8,1111.1,1094.5,1073.2,1091.9,1095.6,1092.6,1093,1094.8,1091.1,1089.3,1091.5,1097.4,1080.2,1114.6,1115.4,1144.8,1135.7,1147.8,1152.8,1168.9,1198.4,1192.2,1195.8
730.33,712.82,695.32,677.81,700.89,697.12,693.35,701.18,709.95,718.72,727.48,726.35,716.43,706.9,699.66,705.88,698.35,665.14,672.13,714.77,750.02,777.04,833.62,834.23,834.33,835.05,832.8,830.54,906.45,953.81,956.3,957.21,958.12,977.76,961.46,960.35,962.57,954.37,963.62,951.94,946.23,946.11,946,942.64,965.17,946.81,935.25,971.8,981.79,991.79,1001.8,1011.8,1021.8,1001.8,981.73,1002,1006,1010,1006.3,1004.2,1002,1002.8,1001.9,1000.9,996.44,991.93,987.42,982.92,978.41,981.11,986.44,977.46,962.11,946.76,931.42,916.07
725.06,724.74,724.41,724.09,734.84,743.05,751.25,852.6,856.24,859.89,863.54,874.53,885.53,901.44,913.43,898.59,883.75,879.85,798.46,746.99,695.51,724.37,733.45,742.52,717.73,686.94,639.52,592.11,609.36,611.39,613.43,583.28,553.81,524.33,487.75,485.32,482.88,487.2,491.51,445.64,434.44,447.5,460.57,473.63,486.69,464.18,441.67,419.15,410.74,402.32,393.91,385.49,377.08,357.63,338.19,316.76,307.12,297.48,293.82,296.24,298.66,312.01,325.35,338.69,335.38,332.07,328.76,325.46,322.15,344.7,350.1,323.7,297.29,270.89,244.48,218.07
1.048200000000000045e+03,1.044299999999999955e+03,1.074900000000000091e+03,1.099200000000000045e+03,1.086700000000000045e+03,1.074599999999999909e+03,1.062400000000000091e+03,1.050299999999999955e+03,1.038200000000000045e+03,1.028099999999999909e+03,1.028299999999999955e+03,9.946399999999999864e+02,9.729500000000000455e+02,9.512599999999999909e+02,9.336299999999999955e+02,9.160000000000000000e+02,9.086399999999999864e+02,9.115000000000000000e+02,9.403600000000000136e+02,9.249700000000000273e+02,9.095700000000000500e+02,9.487500000000000000e+02,9.497899999999999636e+02,9.674099999999999682e+02,9.648400000000000318e+02,9.622799999999999727e+02,9.597100000000000364e+02,1.018600000000000023e+03,1.001299999999999955e+03,1.038900000000000091e+03,1.042000000000000000e+03,1.003200000000000045e+03,1.046500000000000000e+03,1.063799999999999955e+03,1.081099999999999909e+03,9.502899999999999636e+02,1.036099999999999909e+03,1.122000000000000000e+03,1.207799999999999955e+03,1.230700000000000045e+03,1.253599999999999909e+03,1.276400000000000091e+03,1.286099999999999909e+03,1.295799999999999955e+03,1.305500000000000000e+03,1.315200000000000045e+03,1.318299999999999955e+03,1.284500000000000000e+03,1.250599999999999909e+03,1.216799999999999955e+03,1.183000000000000000e+03,1.191700000000000045e+03,1.200400000000000091e+03,1.209000000000000000e+03,1.217700000000000045e+03,1.231299999999999955e+03,1.245400000000000091e+03,1.249700000000000045e+03,1.269500000000000000e+03,1.288400000000000091e+03,1.307400000000000091e+03,1.334099999999999909e+03,1.360599999999999909e+03,1.362599999999999909e+03,1.393000000000000000e+03,1.408400000000000091e+03,1.453000000000000000e+03,1.470500000000000000e+03,1.482200000000000045e+03,1.508099999999999909e+03,1.530799999999999955e+03,1.581700000000000045e+03,1.610799999999999955e+03,1.652900000000000091e+03,1.686500000000000000e+03,1.699900000000000091e+03
1728.8,1728.8,1728.9,1725.9,1718.7,1714.4,1705.4,1700.2,1700.4,1699,1696.3,1696.3,1704.5,1710.2,1715.9,1721.8,1727.7,1733.6,1739.4,1745.3,1718.2,1718.8,1698.5,1774.8,1782.3,1789.8,1797.3,1792.6,1797.9,1803.3,1808.7,1814,1805.7,1816,1813.5,1824.4,1821.3,1823.1,1824.7,1825.6,1848.2,1817.1,1811.9,1815.2,1819.8,1814,1814.3,1806.1,1788.5,1761.6,1750.7,1764.4,1774.4,1789,1763.7,1754.4,1753.9,1770.1,1766.7,1770.3,1772,1775.6,1775.2,1772.5,1769.8,1750.3,1765.8,1766.4,1767,1756,1747.7,1770.5,1749.3,1772.7,1791.2,1762.1
721.34,712.23,748.64,776.24,800.68,809.89,800.96,816.42,821.93,801.45,818.24,836.61,851.09,857.33,878,880.75,872.66,865.34,877.13,851.88,848.13,837.16,810.44,830.37,846.29,837.14,852.88,817.66,782.99,737.27,749.08,738.35,736.45,740.63,734.17,693.47,714.37,733.22,718.08,738.55,789.05,763.58,738.11,732.89,747.87,737.43,726.98,716.53,706.08,681.7,657.32,632.93,614.46,595.99,570.74,536.46,515.21,493.96,463.71,454.97,441.5,428.03,413.81,399.58,385.36,375.07,364.78,352.05,339.32,321.9,312.15,298.34,282.61,266.08,247.7,241.27
1356.8,1349.4,1345.4,1341.6,1318.3,1343.5,1320.4,1297.3,1274.2,1279.1,1299.8,1350.3,1333.3,1321,1347.5,1334.6,1321.7,1303.9,1293.2,1274.3,1255.4,1236.5,1226.6,1216.8,1226.2,1234.5,1246.1,1298.5,1350.8,1310.4,1294.9,1296.2,1262.5,1253.7,1217.6,1238.4,1217.8,1204.6,1184.1,1169.5,1154.9,1166.3,1206,1245.6,1302.6,1264,1266.7,1269.5,1272.3,1271.4,1276.7,1310.2,1272.3,1261.9,1292.1,1297.3,1274.3,1251.3,1232.3,1199.5,1143.8,1093.1,1087.5,1090,1096.3,1095.4,1133.5,1154.7,1172.6,1172.4,1172.1,1171.9,1161.4,1158.3,1155.3,1159.6
883.98,882.28,869.8,884.59,902.26,922.39,942.51,960.32,954.93,968.76,961.47,954.17,946.88,945.53,934.85,947.58,927.18,935.35,932.1,929.06,934.63,940.21,952.19,998.28,946.19,926.08,918.13,836.3,823.32,801.65,753.6,770.05,772.08,765.02,773.75,751.49,755.56,780.18,754.46,750.54,768.01,782.73,787.45,800.86,799.12,806.11,811.52,838.21,898.38,897.23,896.07,894.91,893.75,850.5,854.01,857.53,861.04,864.56,868.07,865.58,881.73,910.21,926.46,980,995.78,1011.7,1037.1,989.79,1021.4,1096.6,1091.5,1093.2,1112.2,1122.4,1079.6,1144.9
848.69,854.48,851.7,844.88,842.56,840.24,837.92,838.67,836.64,843.56,842.78,842,841.23,844.29,843.26,843.56,838.75,837.8,840.87,837.2,837.46,837.73,833.85,834.56,825.55,825.12,825.84,824.17,822.12,820.31,817.77,818.74,819.02,819.65,814.06,807.65,804.01,802.99,800.08,800.96,798.62,795.58,791.49,789.09,786.17,784.74,785.02,773.56,779.69,776.15,772.61,769.07,765.53,760.69,758.47,756.25,758.26,756.79,755.33,757.19,758.65,753.55,754.11,753.47,754.24,754.77,751,750.39,751.56,751.37,753.87,748.28,747.82,747.35,746.88,746.42
8.256799999999999500e+02,8.475700000000000500e+02,8.006200000000000045e+02,7.991299999999999955e+02,7.976399999999999864e+02,7.961499999999999773e+02,8.783600000000000136e+02,9.081599999999999682e+02,9.233600000000000136e+02,9.265299999999999727e+02,9.297000000000000455e+02,9.356200000000000045e+02,9.305199999999999818e+02,9.481000000000000227e+02,9.545599999999999454e+02,9.766799999999999500e+02,9.814400000000000546e+02,9.814800000000000182e+02,9.651100000000000136e+02,9.859500000000000455e+02,9.859600000000000364e+02,9.783700000000000045e+02,1.001399999999999977e+03,9.980000000000000000e+02,9.389900000000000091e+02,9.445599999999999454e+02,9.849800000000000182e+02,9.795800000000000409e+02,9.910099999999999909e+02,9.863099999999999454e+02,9.365199999999999818e+02,9.781900000000000546e+02,9.684800000000000182e+02,9.777500000000000000e+02,9.758500000000000227e+02,9.742799999999999727e+02,9.815399999999999636e+02,9.820099999999999909e+02,9.743099999999999454e+02,9.673400000000000318e+02,9.907000000000000455e+02,9.647200000000000273e+02,1.010500000000000000e+03,1.015700000000000045e+03,9.631900000000000546e+02,1.045900000000000091e+03,1.052700000000000045e+03,1.081500000000000000e+03,1.088000000000000000e+03,1.103299999999999955e+03,1.134299999999999955e+03,1.172799999999999955e+03,1.195099999999999909e+03,1.218700000000000045e+03,1.235099999999999909e+03,1.250099999999999909e+03,1.255299999999999955e+03,1.257200000000000045e+03,1.270599999999999909e+03,1.271400000000000091e+03,1.287599999999999909e+03,1.301099999999999909e+03,1.307799999999999955e+03,1.329799999999999955e+03,1.342000000000000000e+03,1.360299999999999955e+03,1.380099999999999909e+03,1.395200000000000045e+03,1.408400000000000091e+03,1.428200000000000045e+03,1.439799999999999955e+03,1.456500000000000000e+03,1.468099999999999909e+03,1.465799999999999955e+03,1.473500000000000000e+03,1.475799999999999955e+03
1468.4,1455.8,1442.1,1429.8,1431.4,1420.1,1420.6,1414.1,1407.6,1401.1,1393.9,1387.8,1384.2,1374.8,1316.8,1361.6,1350.3,1338.9,1339.7,1329.5,1319.4,1340.2,1317.4,1313.7,1312.2,1313.7,1302.6,1303.6,1304.2,1288.8,1264.6,1286,1301.7,1311.9,1299.1,1286.3,1294.4,1302.5,1309.2,1316.2,1334,1325.5,1355.8,1342.4,1360.7,1359.8,1358.9,1381.7,1390.3,1360.8,1379.1,1373.2,1374.5,1402.7,1393.8,1398.3,1407.7,1384.6,1401,1397.3,1393.7,1390.1,1404.2,1409,1413.8,1418.6,1419.4,1433.9,1442.8,1441.6,1447.5,1452,1460.5,1464.3,1466,1467.7
1904.5,1903.3,1902.1,1900.9,1899.7,1899.3,1918.7,1911.5,1907.4,1923.7,1940.5,1942,1943.6,1945.1,1946.6,1923.2,1918.2,1913.3,1908.3,1880.9,1906,1916.5,1896.9,1889.6,1882.4,1875.2,1867.9,1875.1,1882.3,1890.9,1899.5,1908.1,1916.8,1907.2,1897.7,1888.2,1892.7,1897.2,1901.7,1906.2,1907,1907.7,1908.5,1909.3,1919.5,1907.5,1907.9,1908.3,1908.8,1904.9,1901,1904.9,1901.4,1915.8,1912,1897.1,1905,1900.8,1902.1,1910.7,1907.2,1910.7,1910.6,1906.7,1900.8,1897.1,1892.3,1893.6,1895.3,1889.1,1878.4,1875.4,1875.1,1870,1856.9,1855.8
1183,1190.4,1175.3,1176.7,1171.9,1154.8,1140.1,1151.9,1098,1092,1086.2,1099.1,1101.9,1110.4,1113.8,1124,1140.7,1148.1,1193.8,1218.7,1243.6,1270.4,1277.8,1267.5,1309.2,1312.5,1331.6,1298.6,1326.2,1323.1,1314.7,1320.1,1305,1307.3,1296.5,1288.3,1291.5,1296.2,1284.7,1288.8,1295.3,1303.8,1295.7,1299.1,1300.1,1306.3,1307.5,1305.5,1303.6,1301.7,1254.8,1269.9,1233.1,1197.5,1118.7,1047.9,1004.1,981.06,977.21,976.02,975.37,963.63,963.24,959.12,950.86,942.6,969.98,997.35,1040.9,1084.4,1115.6,1143.2,1170.7,1184.1,1197.4,1210.8
972.95,974.54,971.58,974.77,971.18,967.81,973.12,977.83,976.62,976.1,971.65,972.44,971.88,972.13,970.53,968.99,971.5,975.28,972.81,974.6,979.41,991.44,1020.8,1029.9,1048.5,1049.7,1045.3,1044.8,1042.1,1041.4,1031.4,1049.1,1066.9,1066.9,1077.1,1080.9,1083.9,1083.8,1087.6,1086.3,1113.4,1054.2,1048.2,1036.5,1032.9,1031,1032.5,1042.6,1043.8,1039.3,1028.7,1037.2,1038.4,1048.4,1042.3,1023.2,1021.5,1032.5,1125.3,1134.4,1139.1,1139.2,1132,1125.4,1114,1092.9,1080.9,1082.3,1060.6,1026.6,1036.6,1031.2,1033.1,1045.8,1065.5,1058.7
679,685.01,680.34,682.1,683.02,683.93,678.24,681.41,690.95,688.2,690.53,699.26,697.74,699.57,704.47,680.05,715.49,726.87,731.41,739.13,752.63,767.23,780.96,804.1,821.02,837.95,854.87,863.23,876.86,886.36,885.98,904.07,905.23,910.37,927.55,944.73,927.97,944.92,961.87,968.06,983.74,977.84,981.49,992.61,1015.1,1028.8,1036.5,1044.2,1045.1,1069.5,1078.7,1089.6,1081.5,1082.7,1090.9,1130.5,1145.3,1137.5,1147.9,1184.3,1196.5,1193.4,1202.2,1216.5,1227.3,1232.1,1247.3,1262.1,1284.8,1302,1293,1311.8,1324.9,1347.4,1352.9,1369.5
1201,1200.3,1190.1,1170.8,1168.1,1165.8,1175.1,1179.2,1177.2,1160.5,1172.2,1173.3,1157.7,1157.7,1156.1,1130,1107.1,1133.8,1099,1115.7,1107,1141.6,1125.8,1098.8,1109.2,1122.1,1136.3,1125,1135.7,1160.9,1134.2,1161,1183.3,1185,1188.6,1185.5,1210.8,1228.7,1253.5,1270.2,1260.7,1252.3,1253.2,1259.2,1259.2,1244.4,1276.8,1273.6,1276.3,1273.2,1271.2,1265.4,1268.3,1296.1,1296.4,1272.6,1319,1332.4,1321.7,1331.2,1350.9,1364.7,1400.1,1382.5,1415.5,1454.3,1486.8,1495.3,1503.3,1511.3,1519.3,1536.2,1545,1546.4,1548.5,1574.4
8.421399999999999864e+02,8.416200000000000045e+02,8.070299999999999727e+02,7.949800000000000182e+02,7.890199999999999818e+02,7.713500000000000227e+02,7.711900000000000546e+02,7.661599999999999682e+02,7.611299999999999955e+02,7.561000000000000227e+02,7.546599999999999682e+02,7.518799999999999955e+02,7.581399999999999864e+02,7.577999999999999545e+02,7.632500000000000000e+02,7.687000000000000455e+02,7.826200000000000045e+02,7.800199999999999818e+02,7.824299999999999500e+02,7.889500000000000455e+02,7.919299999999999500e+02,7.878099999999999454e+02,7.944500000000000455e+02,8.051699999999999591e+02,8.132799999999999727e+02,8.177799999999999727e+02,8.237599999999999909e+02,8.234500000000000455e+02,8.186499999999999773e+02,8.227999999999999545e+02,8.015399999999999636e+02,7.967500000000000000e+02,8.080199999999999818e+02,8.082599999999999909e+02,8.059900000000000091e+02,8.027500000000000000e+02,8.028799999999999955e+02,8.013500000000000227e+02,8.065900000000000318e+02,8.022000000000000455e+02,8.050499999999999545e+02,8.085800000000000409e+02,8.100000000000000000e+02,8.081499999999999773e+02,8.122999999999999545e+02,8.105499999999999545e+02,8.087899999999999636e+02,8.086299999999999955e+02,8.061000000000000227e+02,8.078700000000000045e+02,7.980199999999999818e+02,8.011599999999999682e+02,7.927200000000000273e+02,7.862100000000000364e+02,7.837400000000000091e+02,7.803500000000000227e+02,7.891499999999999773e+02,7.888500000000000227e+02,7.812400000000000091e+02,7.881200000000000045e+02,7.783700000000000045e+02,7.751900000000000546e+02,7.717400000000000091e+02,7.618200000000000500e+02,7.621200000000000045e+02,7.561699999999999591e+02,7.617599999999999909e+02,7.430599999999999454e+02,7.475499999999999545e+02,7.429800000000000182e+02,7.443899999999999864e+02,7.460800000000000409e+02,7.578600000000000136e+02,7.603700000000000045e+02,7.526499999999999773e+02,7.518700000000000045e+02
772.96,769.87,785.06,810.26,807.53,811.65,836.94,837.59,838.23,842.39,840.07,837.75,835.42,833.1,830.78,812.01,802.82,812.54,815.21,824.48,831.2,829.02,833.23,834.1,840.18,845.92,815.65,825.9,810.76,799.01,796.2,795.36,793.9,789.36,777.6,770.73,775,764.89,764.28,774.21,782.05,776.05,765.8,762.27,758.74,774.28,781.35,782.13,777.53,761.42,754.22,745.43,737.37,751.25,764.97,760.72,751.92,753.67,751.64,749.61,747.59,739.28,709.55,718.01,726.47,734.93,743.39,745.36,747.33,749.3,751.27,753.24,765.73,778.22,790.71,803.2
1.306100000000000136e+02,1.352599999999999909e+02,1.577899999999999920e+02,1.545399999999999920e+02,1.606100000000000136e+02,1.720900000000000034e+02,1.394000000000000057e+02,1.438600000000000136e+02,1.483300000000000125e+02,1.527899999999999920e+02,2.251699999999999875e+02,2.321999999999999886e+02,2.335999999999999943e+02,2.533400000000000034e+02,2.550099999999999909e+02,2.566899999999999977e+02,2.614100000000000250e+02,2.721100000000000136e+02,2.457100000000000080e+02,2.926100000000000136e+02,3.026100000000000136e+02,3.042200000000000273e+02,2.829900000000000091e+02,3.069100000000000250e+02,3.136100000000000136e+02,3.340299999999999727e+02,3.203399999999999750e+02,3.338999999999999773e+02,3.573700000000000045e+02,3.609700000000000273e+02,3.722500000000000000e+02,3.759100000000000250e+02,3.818199999999999932e+02,3.892400000000000091e+02,3.966299999999999955e+02,4.218799999999999955e+02,4.235099999999999909e+02,4.130000000000000000e+02,4.378899999999999864e+02,4.346800000000000068e+02,4.321800000000000068e+02,4.557099999999999795e+02,4.843199999999999932e+02,4.794700000000000273e+02,4.927699999999999818e+02,4.891299999999999955e+02,5.175099999999999909e+02,5.161000000000000227e+02,5.301100000000000136e+02,5.321399999999999864e+02,5.478099999999999454e+02,5.506900000000000546e+02,5.584900000000000091e+02,5.727999999999999545e+02,5.868999999999999773e+02,6.086299999999999955e+02,6.242899999999999636e+02,6.287899999999999636e+02,6.411299999999999955e+02,6.577699999999999818e+02,6.734199999999999591e+02,7.014299999999999500e+02,6.875099999999999909e+02,7.138600000000000136e+02,7.246100000000000136e+02,7.289600000000000364e+02,7.401499999999999773e+02,7.516599999999999682e+02,7.696900000000000546e+02,7.769700000000000273e+02,7.900599999999999454e+02,7.993400000000000318e+02,8.089600000000000364e+02,8.164700000000000273e+02,8.377000000000000455e+02,8.337799999999999727e+02
6.850099999999999909e+02,6.862200000000000273e+02,6.880399999999999636e+02,6.863899999999999864e+02,6.910399999999999636e+02,6.979099999999999682e+02,7.087699999999999818e+02,7.090700000000000500e+02,7.200700000000000500e+02,7.266799999999999500e+02,7.262599999999999909e+02,7.211000000000000227e+02,7.333799999999999955e+02,7.276599999999999682e+02,7.255299999999999727e+02,7.099800000000000182e+02,7.096299999999999955e+02,7.071200000000000045e+02,7.062100000000000364e+02,7.088600000000000136e+02,6.938500000000000227e+02,6.920199999999999818e+02,6.924500000000000455e+02,6.837000000000000455e+02,6.928700000000000045e+02,6.970000000000000000e+02,6.921900000000000546e+02,6.994299999999999500e+02,7.041000000000000227e+02,7.027100000000000364e+02,7.120199999999999818e+02,7.181299999999999955e+02,7.172400000000000091e+02,7.287799999999999727e+02,7.243400000000000318e+02,7.295900000000000318e+02,7.338999999999999773e+02,7.354199999999999591e+02,7.445099999999999909e+02,7.483500000000000227e+02,7.510000000000000000e+02,7.611900000000000546e+02,7.643700000000000045e+02,7.757200000000000273e+02,7.761200000000000045e+02,7.774199999999999591e+02,7.835000000000000000e+02,7.935000000000000000e+02,7.942200000000000273e+02,7.964299999999999500e+02,7.983799999999999955e+02,7.954400000000000546e+02,7.966299999999999955e+02,7.958300000000000409e+02,7.918899999999999864e+02,7.986599999999999682e+02,8.035599999999999454e+02,8.111299999999999955e+02,8.181499999999999773e+02,8.265299999999999727e+02,8.288999999999999773e+02,8.372500000000000000e+02,8.486499999999999773e+02,8.513400000000000318e+02,8.676399999999999864e+02,8.774500000000000455e+02,8.849900000000000091e+02,9.020199999999999818e+02,9.098600000000000136e+02,9.173999999999999773e+02,9.306100000000000136e+02,9.327799999999999727e+02,9.328400000000000318e+02,9.439900000000000091e+02,9.476399999999999864e+02,9.429700000000000273e+02
1.102500000000000000e+03,1.116700000000000045e+03,1.130900000000000091e+03,1.145099999999999909e+03,1.159299999999999955e+03,1.173500000000000000e+03,1.167099999999999909e+03,1.166000000000000000e+03,1.188099999999999909e+03,1.233799999999999955e+03,1.277400000000000091e+03,1.313700000000000045e+03,1.333299999999999955e+03,1.342200000000000045e+03,1.351000000000000000e+03,1.359900000000000091e+03,1.345799999999999955e+03,1.372799999999999955e+03,1.391400000000000091e+03,1.370299999999999955e+03,1.373500000000000000e+03,1.413400000000000091e+03,1.454299999999999955e+03,1.454000000000000000e+03,1.458299999999999955e+03,1.465099999999999909e+03,1.429200000000000045e+03,1.457400000000000091e+03,1.448000000000000000e+03,1.420500000000000000e+03,1.410000000000000000e+03,1.385299999999999955e+03,1.346599999999999909e+03,1.309400000000000091e+03,1.321299999999999955e+03,1.319799999999999955e+03,1.315799999999999955e+03,1.310299999999999955e+03,1.283299999999999955e+03,1.267700000000000045e+03,1.299500000000000000e+03,1.273400000000000091e+03,1.255099999999999909e+03,1.289299999999999955e+03,1.307000000000000000e+03,1.260799999999999955e+03,1.247400000000000091e+03,1.234500000000000000e+03,1.252000000000000000e+03,1.223200000000000045e+03,1.194500000000000000e+03,1.185200000000000045e+03,1.153799999999999955e+03,1.096500000000000000e+03,1.131299999999999955e+03,1.062099999999999909e+03,1.089500000000000000e+03,1.097900000000000091e+03,1.106299999999999955e+03,1.114599999999999909e+03,1.085400000000000091e+03,1.056200000000000045e+03,1.027000000000000000e+03,9.199800000000000182e+02,9.347200000000000273e+02,9.494600000000000364e+02,9.642100000000000364e+02,9.789500000000000455e+02,9.617799999999999727e+02,9.677400000000000091e+02,9.565299999999999727e+02,9.475700000000000500e+02,9.539400000000000546e+02,9.603200000000000500e+02,9.679900000000000091e+02,9.639900000000000091e+02
1367,1368.5,1377.4,1383.4,1392.5,1397.6,1399.5,1403.7,1411,1418.8,1426.8,1435,1438.3,1454.2,1457.2,1465.3,1473.3,1476.3,1475.4,1482.2,1487.5,1494.5,1494.9,1493.3,1496.4,1498.9,1503,1508.6,1512.2,1515.8,1518.2,1525.3,1533.5,1540.1,1553,1572.9,1588.9,1580.8,1594.7,1590,1581.1,1620,1623.9,1632.9,1648.8,1634.6,1645.7,1655.3,1659.6,1663.3,1679.4,1699.8,1723.3,1722.7,1733.5,1736.9,1737.9,1742.4,1746.3,1754.9,1757.8,1762.4,1764.9,1775.5,1788.1,1797.5,1804.7,1807.8,1812,1817,1827.2,1824.3,1826.7,1837.8,1847.1,1854.6
491.27,511.27,483.92,509.44,479.43,454.95,430.48,431.35,418.75,422.47,425.88,419.55,411.44,408.74,403.46,396.06,392.29,388.66,387.45,383.85,380.25,380.08,383.41,384.83,381.41,386.04,381.48,382.59,378.66,381.88,377.08,376.01,377,377.12,382.31,387.51,392.7,397.89,400.32,403.76,401.48,409.04,407.31,384.7,389.78,394.86,405.13,415.4,410.36,405.31,406.42,409.18,411.94,415.31,418.67,422.03,430.45,435.72,440.99,440.46,446.7,449.71,451.42,457.25,455.44,460.04,456.48,452.92,449.63,451.88,454.13,452.37,450.61,449.91,449.38,448.86
1446.1,1461.2,1462.7,1464.1,1464,1467.4,1471.5,1472.4,1490,1482,1479,1487.2,1508,1501.9,1512.5,1516.5,1502.7,1524.3,1523.8,1523.6,1531.7,1549.9,1551.7,1557.9,1554.1,1576.8,1572.3,1589.7,1595.7,1606.9,1614.2,1623.1,1624.8,1640.7,1643.1,1637.4,1640.4,1652.1,1645.5,1653.7,1667.3,1663.8,1677.3,1684.9,1694.6,1699.5,1709.6,1718.3,1736.9,1751,1768.2,1779.8,1779.8,1773.6,1766,1766.7,1762.2,1756.3,1744.9,1709.9,1677.1,1759.5,1762.3,1761.9,1776.7,1792.8,1787.6,1793.8,1796.1,1810.4,1838.5,1838.9,1822.2,1812.4,1819.7,1815.9
186.27,204.07,259.95,274.99,281.79,288.64,309.65,312.32,321.18,329.15,320.97,325.57,336.04,336.77,353.57,372.81,389.52,403.29,419.85,455.4,508.53,542.04,559.57,570.22,575.73,589.56,601.14,641.32,665.87,672.25,691.88,699.82,727.55,750.22,779.83,789.93,883.11,933.75,940.18,972.79,995.58,1020.3,1030.1,1027.7,1033.5,1036.5,1043.9,1056.5,1068,1069.2,1100.1,1121.6,1177.2,1204.3,1261.5,1222.6,1230.9,1261,1269,1254.4,1264.8,1261.8,1237.1,1233.5,1252.8,1261.5,1267.6,1274.8,1268.3,1268.9,1275.5,1282.3,1278.9,1282,1273.6,1270.8
7.976399999999999864e+02,7.906699999999999591e+02,7.890299999999999727e+02,7.609199999999999591e+02,7.922500000000000000e+02,7.819199999999999591e+02,7.715900000000000318e+02,7.839700000000000273e+02,7.963600000000000136e+02,8.235000000000000000e+02,8.436900000000000546e+02,8.640900000000000318e+02,8.844800000000000182e+02,9.088500000000000227e+02,9.411000000000000227e+02,9.733400000000000318e+02,1.003799999999999955e+03,1.030400000000000091e+03,1.054500000000000000e+03,1.073400000000000091e+03,1.079500000000000000e+03,1.091400000000000091e+03,1.101500000000000000e+03,1.092700000000000045e+03,1.007799999999999955e+03,1.079500000000000000e+03,1.068599999999999909e+03,1.057599999999999909e+03,9.986399999999999864e+02,9.396799999999999500e+02,1.029099999999999909e+03,1.028799999999999955e+03,1.017700000000000045e+03,9.369800000000000182e+02,9.338200000000000500e+02,9.051699999999999591e+02,9.174700000000000273e+02,9.171399999999999864e+02,9.139099999999999682e+02,9.063799999999999955e+02,8.887599999999999909e+02,8.817799999999999727e+02,8.773799999999999955e+02,8.688899999999999864e+02,8.728799999999999955e+02,8.712000000000000455e+02,8.513700000000000045e+02,8.284500000000000455e+02,8.340299999999999727e+02,8.396200000000000045e+02,8.452000000000000455e+02,8.507899999999999636e+02,8.563700000000000045e+02,8.618600000000000136e+02,8.638600000000000136e+02,8.658700000000000045e+02,8.572899999999999636e+02,8.618600000000000136e+02,8.605700000000000500e+02,8.614700000000000273e+02,8.836100000000000136e+02,8.850099999999999909e+02,8.848500000000000227e+02,9.050399999999999636e+02,9.252200000000000273e+02,9.272799999999999727e+02,9.378799999999999955e+02,9.381399999999999864e+02,9.233099999999999454e+02,9.409199999999999591e+02,9.375299999999999727e+02,9.341299999999999955e+02,9.307400000000000091e+02,9.273400000000000318e+02,9.239500000000000455e+02,9.205499999999999545e+02
1608.2,1605.5,1602.1,1603.2,1595,1572,1547.6,1524,1501.7,1470.9,1430.2,1389.7,1351.2,1327.5,1339.1,1341,1324.7,1319.5,1316.6,1318.6,1317.6,1322.7,1322.6,1326.2,1331.8,1322.8,1314.1,1337.8,1341,1363.8,1363.7,1376.1,1389.4,1400,1407.7,1399.3,1397.8,1400.7,1403.5,1400.7,1401,1403.1,1407.3,1407.1,1414.2,1413.7,1412,1406.1,1423.2,1440.8,1505.2,1594.7,1643.1,1660.9,1675.2,1710.7,1739.2,1759.6,1781.2,1801.9,1812,1825.2,1835.3,1848,1834.2,1810.5,1829.1,1833.8,1850.7,1853.2,1873.9,1878.7,1883.5,1879.4,1885.5,1883.6
1.384200000000000045e+03,1.390700000000000045e+03,1.391000000000000000e+03,1.380900000000000091e+03,1.389200000000000045e+03,1.385299999999999955e+03,1.383000000000000000e+03,1.381799999999999955e+03,1.377599999999999909e+03,1.354799999999999955e+03,1.352799999999999955e+03,1.351799999999999955e+03,1.350900000000000091e+03,1.349700000000000045e+03,1.346799999999999955e+03,1.339400000000000091e+03,1.350400000000000091e+03,1.350700000000000045e+03,1.340200000000000045e+03,1.338500000000000000e+03,1.339799999999999955e+03,1.345599999999999909e+03,1.354599999999999909e+03,1.353700000000000045e+03,1.352799999999999955e+03,1.349400000000000091e+03,1.375799999999999955e+03,1.375299999999999955e+03,1.381000000000000000e+03,1.397099999999999909e+03,1.415400000000000091e+03,1.425500000000000000e+03,1.435599999999999909e+03,1.445700000000000045e+03,1.447299999999999955e+03,1.453900000000000091e+03,1.457400000000000091e+03,1.465500000000000000e+03,1.486700000000000045e+03,1.486900000000000091e+03,1.486900000000000091e+03,1.487500000000000000e+03,1.485400000000000091e+03,1.479599999999999909e+03,1.476900000000000091e+03,1.483799999999999955e+03,1.490700000000000045e+03,1.497500000000000000e+03,1.520200000000000045e+03,1.554200000000000045e+03,1.569500000000000000e+03,1.573500000000000000e+03,1.574099999999999909e+03,1.564099999999999909e+03,1.553000000000000000e+03,1.564700000000000045e+03,1.560700000000000045e+03,1.606599999999999909e+03,1.631000000000000000e+03,1.655400000000000091e+03,1.685500000000000000e+03,1.727900000000000091e+03,1.770299999999999955e+03,1.812599999999999909e+03,1.814000000000000000e+03,1.816799999999999955e+03,1.825799999999999955e+03,1.846900000000000091e+03,1.869200000000000045e+03,1.884599999999999909e+03,1.897400000000000091e+03,1.910500000000000000e+03,1.914400000000000091e+03,1.918900000000000091e+03,1.925799999999999955e+03,1.923799999999999955e+03
1.052900000000000091e+03,1.044099999999999909e+03,1.057900000000000091e+03,1.064799999999999955e+03,1.039900000000000091e+03,1.042700000000000045e+03,1.034200000000000045e+03,1.025599999999999909e+03,1.028700000000000045e+03,1.026500000000000000e+03,1.017399999999999977e+03,1.028000000000000000e+03,1.025099999999999909e+03,1.027000000000000000e+03,1.033599999999999909e+03,1.040200000000000045e+03,1.054700000000000045e+03,1.074099999999999909e+03,1.056700000000000045e+03,1.050900000000000091e+03,1.045700000000000045e+03,1.040500000000000000e+03,1.046799999999999955e+03,1.039700000000000045e+03,1.049500000000000000e+03,1.038200000000000045e+03,1.027700000000000045e+03,1.016600000000000023e+03,1.018200000000000045e+03,1.020000000000000000e+03,1.023299999999999955e+03,1.026700000000000045e+03,1.002000000000000000e+03,9.995499999999999545e+02,9.970800000000000409e+02,1.010100000000000023e+03,1.004200000000000045e+03,9.884600000000000364e+02,9.815199999999999818e+02,9.651900000000000546e+02,9.464900000000000091e+02,9.296000000000000227e+02,9.134099999999999682e+02,8.972200000000000273e+02,8.810299999999999727e+02,8.474700000000000273e+02,8.187599999999999909e+02,8.007500000000000000e+02,7.823400000000000318e+02,7.773600000000000136e+02,7.686900000000000546e+02,7.640199999999999818e+02,7.661100000000000136e+02,7.766100000000000136e+02,7.842100000000000364e+02,7.997999999999999545e+02,7.917899999999999636e+02,7.979700000000000273e+02,7.864800000000000182e+02,7.893200000000000500e+02,7.830099999999999909e+02,7.974299999999999500e+02,8.033300000000000409e+02,8.203999999999999773e+02,8.456599999999999682e+02,8.885099999999999909e+02,9.337100000000000364e+02,9.626100000000000136e+02,9.681000000000000227e+02,9.976599999999999682e+02,1.027200000000000045e+03,1.049799999999999955e+03,1.068500000000000000e+03,1.099900000000000091e+03,1.132799999999999955e+03,1.182000000000000000e+03
923.97,914.81,901.38,887.81,882.63,862.9,851.27,848.1,833.98,818.56,808,788.34,769.86,758.78,750.79,735.67,720.22,704.72,686.82,667.98,667.27,659.12,638.86,629.73,596.13,596.64,592.15,585.21,588.74,594.91,589.75,589.84,584.06,578.22,574.01,566.42,564.22,563.87,562.35,561.13,558.84,571.55,544.31,547.45,551.58,545.15,544.27,549.85,544.21,536.19,536.54,530.11,523.67,515.14,517.23,508.08,504.9,502.55,511.05,491.44,491.85,490.89,478.16,474.65,481.02,472.51,468.97,474.54,446.26,433.77,423.17,387.75,371.51,355.26,331.7,308.14
1500.5,1502.3,1505.7,1498.9,1504,1505.9,1507.8,1508.3,1511.5,1513.2,1515.6,1513.9,1520.9,1518.8,1520,1517.6,1516.8,1517.2,1520.5,1521.2,1525.3,1528.4,1530.9,1534.1,1531.7,1538.2,1536.7,1526,1531.6,1523.4,1511.8,1514,1509,1510.7,1507.1,1509.9,1502.4,1497.4,1494.7,1496.8,1486.1,1483.4,1493.2,1494.6,1498.9,1495.1,1499,1497.3,1497.8,1495.4,1498.3,1497,1495.6,1495.5,1493.5,1490.3,1483.9,1483.1,1488.1,1479,1478.2,1475.4,1474.6,1477.2,1474.7,1474.8,1475.4,1474.7,1475,1471,1471.9,1468.9,1468.7,1469.5,1467.1,1458.9
656.48,666.87,674.15,684.2,696.17,722.99,735.1,757.66,773.1,788.92,803.42,815.32,829.27,840.3,858.08,875.42,886.16,902.3,915.64,932.51,947.38,957.08,970.77,984.6,1001.2,1015.8,1031.8,1037.5,1063.4,1068.8,1092.4,1118.9,1134.3,1153.9,1162.5,1177.6,1193.1,1201.6,1209.4,1217.2,1215.5,1216.7,1229.4,1231.3,1229.1,1232.8,1236.9,1242.6,1242.9,1245,1214.4,1242.3,1252.8,1254.2,1260.3,1259,1256.6,1228.8,1260.6,1243.2,1270.6,1273.8,1273,1275.5,1272.7,1269.4,1265.9,1270,1267.8,1272.1,1271.2,1266.6,1226,1185.3,1144.7,1104
468.86,478.19,489.33,518.25,517.22,535.87,561.63,604.65,639.91,655.73,670.12,680.66,691.2,693.53,715.73,741.09,770.93,797.58,824,817.62,835.81,832.4,847.94,882.84,917.74,952.63,974.26,973.23,982.37,967.22,970.08,999.63,980.58,977.18,976.33,987.82,985.8,982.93,981.81,992.79,997.75,990.67,988.7,985.31,987.09,987.75,990.82,992.73,996.99,1004.7,1007.3,1016.7,1017.2,1013.3,1008.5,1003,1015.8,1015.7,1026.3,1009,1006.9,1012.4,1008.8,1003.2,993.42,982.63,973.48,952,980.19,945.23,959.47,955.39,939.89,908.96,914.84,934.42
8.432500000000000000e+02,8.420499999999999545e+02,8.675900000000000318e+02,8.575499999999999545e+02,8.841299999999999955e+02,8.428200000000000500e+02,8.075800000000000409e+02,8.148999999999999773e+02,8.102300000000000182e+02,8.106200000000000045e+02,8.270299999999999727e+02,8.138700000000000045e+02,7.990800000000000409e+02,7.814099999999999682e+02,7.578099999999999454e+02,7.406599999999999682e+02,7.390299999999999727e+02,7.313799999999999955e+02,7.341200000000000045e+02,7.197999999999999545e+02,6.063200000000000500e+02,5.994099999999999682e+02,5.976599999999999682e+02,5.455599999999999454e+02,5.425499999999999545e+02,4.661200000000000045e+02,4.774399999999999977e+02,4.593000000000000114e+02,4.551200000000000045e+02,4.463799999999999955e+02,4.438500000000000227e+02,4.411899999999999977e+02,4.227200000000000273e+02,4.515899999999999750e+02,4.435899999999999750e+02,4.015600000000000023e+02,3.843100000000000023e+02,5.478400000000000318e+02,5.722400000000000091e+02,5.777699999999999818e+02,5.921000000000000227e+02,6.115299999999999727e+02,6.645199999999999818e+02,7.226299999999999955e+02,5.413999999999999773e+02,5.475199999999999818e+02,5.558300000000000409e+02,5.624299999999999500e+02,5.400399999999999636e+02,5.479400000000000546e+02,4.785500000000000114e+02,4.847200000000000273e+02,4.908799999999999955e+02,4.573799999999999955e+02,4.377200000000000273e+02,4.046100000000000136e+02,4.073600000000000136e+02,4.078600000000000136e+02,4.083600000000000136e+02,4.088700000000000045e+02,4.093700000000000045e+02,4.388799999999999955e+02,4.357599999999999909e+02,4.672599999999999909e+02,4.347900000000000205e+02,4.224499999999999886e+02,4.428700000000000045e+02,4.074700000000000273e+02,3.841100000000000136e+02,3.151999999999999886e+02,2.462899999999999920e+02,2.262700000000000102e+02,2.356599999999999966e+02,2.342899999999999920e+02,2.336599999999999966e+02,2.330399999999999920e+02
792.68,789.87,789.53,786.63,789.44,788.43,789.48,790.02,788.31,790.53,795.62,798.24,799.96,801.67,804.44,803.26,804.42,802.75,799.24,800.83,803.62,801.27,804.85,805.24,805.3,804.72,804.55,804.43,807.55,810.36,812.11,809.8,817.21,817.13,814.74,810.68,811.17,809.5,829.21,833.62,809.17,815.6,817.4,817.7,818.01,815.73,814.4,815.15,814.1,813.05,811.69,814.04,816.4,818.75,821.11,823.06,825.85,826.62,829.34,833.29,834.47,833.94,829.63,827.1,822.59,825.16,824.94,808.77,812.99,794.9,788.65,787.79,786.67,782.14,780.23,774.42
1913,1900.2,1904.8,1898.7,1905.2,1902.7,1912.3,1913.8,1923.7,1932.7,1939.9,1941.2,1930.9,1936.3,1931.1,1936.2,1939.5,1936.9,1934.2,1809.8,1892.3,1924.9,1928,1931.7,1931.3,1934.5,1928.1,1921.1,1914.4,1907.4,1901.1,1894.1,1887.1,1886.1,1885.8,1883.3,1878,1871.6,1865,1861.4,1865.5,1864.7,1858.4,1852.2,1855.6,1851.1,1839.1,1819.2,1799.3,1765.5,1755.8,1730.7,1723.8,1676.5,1675.3,1641.3,1625.4,1636.7,1632.7,1631.3,1655,1652.3,1666.3,1708.2,1715.3,1707.2,1712,1716.7,1721.4,1813.5,1777.3,1781.2,1787.1,1799,1802.5,1833.1
1613,1595.2,1586.8,1578.4,1569.9,1561.5,1553,1503.8,1455.7,1435.3,1419.2,1416,1418,1427.4,1441.4,1436.4,1419.7,1453.8,1463.2,1498.3,1496.3,1486.1,1527.6,1525.8,1524,1527.2,1549.8,1535.9,1522,1524.8,1493,1522.5,1485.7,1463.4,1423,1412.8,1392.3,1361.4,1346.6,1324.4,1321.7,1311.8,1292.9,1261.8,1239,1226.3,1218.7,1209.4,1197.7,1201.2,1215.2,1215.4,1231.2,1193.7,1208.6,1219,1230,1229.8,1254.5,1259.6,1291,1290.7,1309.8,1321.4,1344.7,1367.9,1392.2,1422,1419.1,1423.2,1422.6,1429.2,1445.6,1457.1,1463.5,1481.1
1422.4,1432,1441.9,1440.9,1444.7,1444,1442.7,1441.9,1446.4,1441.4,1451.7,1444,1438.3,1433.7,1428.2,1431.1,1428.4,1431.3,1428.8,1428.5,1433,1433.2,1436.2,1441.3,1445.8,1451.4,1450.9,1458.4,1466.9,1463,1467.2,1469.8,1487.7,1489.8,1503.2,1510.4,1512.3,1512.9,1517.7,1517.7,1518.5,1525.4,1557.7,1551.7,1546.8,1543.6,1540.5,1544.2,1544.4,1549.2,1560.2,1563.3,1566.1,1570.4,1571,1583.9,1578.3,1580.1,1572.9,1590.1,1614.3,1617.9,1619.3,1621.9,1619.1,1618.2,1616.6,1619.4,1608.4,1603.6,1622.3,1632.8,1635.6,1622.6,1623.6,1643.6
1499.3,1478.6,1466.1,1443.5,1424.5,1407.2,1375.1,1364.9,1351.6,1317.7,1309.2,1277.2,1260.4,1250,1249.5,1245.4,1239.9,1241.3,1238.3,1229.7,1221.1,1198.4,1179.2,1175.1,1161.4,1153.5,1145.7,1136.3,1126.9,1119.2,1110,1092.6,1079.3,1074.7,1066,1060.1,1053.2,1030.9,1015.3,1005.8,973.47,956.05,928.7,905.72,886.73,864.84,845.82,830.04,817.21,809.72,806.49,797.84,791.9,780.29,767.72,766.29,770.24,782.55,792.3,804.98,813.42,824.41,833.45,837.42,833.37,841.37,849.37,849.76,853.01,869.75,850.56,853.98,854.76,856.69,872.9,871.18
1385.8,1443.6,1473.2,1489,1469.7,1460.8,1424.6,1441,1461.9,1445.1,1449.8,1418.6,1404.7,1406.7,1433,1445.9,1454.6,1447.5,1398,1372.1,1348.9,1320.2,1289.6,1266.2,1251.1,1199.8,1170.1,1155.4,1145.5,1120,1068.3,1012.4,1025.1,1031.4,1028.7,1015.5,1008.8,1000.9,993.47,984.05,964.52,957.25,933.76,922.58,926.25,934.28,964,962.85,964.4,992.48,1017.2,1039.8,1044.6,1055.8,1062.4,1065,1067.6,1077.5,1071,1060.1,1054,1041.2,1095.2,1056.3,1035,1029.1,1018.5,1019,1023.8,1010,1024.5,1012,1047.9,1070.1,1088.7,1049.1
