WellB08_Seq0006/xy01_sliding_s15,0-0,302.0089292122295,205.09809872351323,0.636233240811,0.726052179832,0.6791126979539917,13.87305561150824,1.1892451387329879,12.5837053838,1.55945999653,0.768938043996,0.287987259319,114.406887219,1.2275584878461618,0.408296078649,116.11786463,1.8495578074282486,1.107942215165254,-1.319469949255879,0.08021622918601468,-1.3873563376051197,-1.4999999999999996,-1.4999999999999982,-2.0,-2.0,-2.0,8.0251771923,8.34772677665,8.34772677665,9.22256253193,9.50453369452,9.50453369452,10.303383853,12.0608305865,12.674281468,13.4038256002,1.0,0.95,0.95,0.8,0.75,0.75,0.6,0.35,0.3,0.25,0.418583974,0.0435141412686,0.0204835030692,-0.208700650527,-0.0729148497302,-0.141375329693,-0.179047766384,-0.00312968821104,0.0770105903174,-0.111799957432,0.636363636364,0.6,0.6,0.555555555556,0.555555555556,0.5,0.258872071315,0.003084610580764015,0.7266964319311212,0.203540827809,0.003107113566333177,0.6710615714885331,0.223035261406,0.001114706858874998,0.5696304738590188,0.184424434209,0.002219396510922437,0.5286605441244533,0.203609878531,0.0009152154904254823,0.49338306847669633,0.183679935436,0.0012678211524663403,0.39693845209338424
WellB08_Seq0006/xy01_sliding_s15,0-1,317.2209077784629,130.99533770329398,0.596558363254,0.722124041791,0.4129467336206509,13.87305561150824,1.1892451387329879,13.2175378241,1.43852992512,0.802013958468,0.219625346366,155.993947622,1.1546797648457303,0.365714138956,37.5332314432,0.9436732415900684,-1.341270988621667,-0.5252442766776917,-1.093531667679997,-0.726004184885737,-1.5000000000000002,-1.50000000000001,-2.0,-2.0,-2.0,7.350451629,7.6374893416,7.6374893416,8.3791555778,8.60489961012,8.60489961012,9.44627894857,10.782379384,11.2628302014,11.82189755,1.0,0.95,0.95,0.8,0.75,0.75,0.55,0.3,0.25,0.2,0.29622863567,0.103749559774,0.200850544901,-0.0563244224826,-0.0849241838963,-0.183751385722,-0.269894803337,-0.103665661047,-0.135449572917,-0.125074798405,0.545454545455,0.5,0.5,0.444444444444,0.444444444444,0.375,0.315805127281,0.003084610580764015,1.2288876106858337,0.294854978905,0.003107113566333177,1.1454963265464773,0.292030062063,0.001114706858874998,1.1952940741164007,0.285662059812,0.002219396510922437,1.1396592136738126,0.243730706753,0.0009152154904254823,0.8544705224763547,0.257233893724,0.0012678211524663403,0.8135005927417894
WellB08_Seq0006/xy01_sliding_s15,0-2,335.697484341995,155.97000128229791,0.610254929564,0.728300359996,0.4646147455886264,13.103408564186656,1.1892451387329879,13.9873951809,1.42375549732,0.880708991471,0.104545907751,152.21545322,1.0325441214444544,0.392495432063,57.0641814467,0.7724843499942682,1.0903267332143418,-1.2943639722536713,-0.30956382519508585,-1.9839291102348464,-1.4999999999999993,-1.4999999999999991,-2.0,-2.0,-2.0,7.137877395,7.41372699002,7.41372699002,8.11343778531,8.32146729812,8.32146729812,9.28879291102,10.734627396,11.3232529207,12.0888169587,1.0,0.95,0.95,0.8,0.75,0.75,0.5,0.25,0.2,0.15,0.433543927865,0.247516512387,0.2425671041,0.019599020626,-0.0333293245757,-0.239927446419,-0.264625670389,-0.202974060127,-0.251765914852,-0.202854521374,0.454545454545,0.4,0.4,0.333333333333,0.333333333333,0.25,0.376780763416,0.003084610580764015,1.2288876106858337,0.368410457636,0.018366223200743336,1.1454963265464773,0.367838853399,0.001114706858874998,1.1952940741164007,0.383338091346,0.016396319478763955,1.1396592136738126,0.326533014777,0.0009152154904254823,0.9483761665005064,0.368668079337,0.007876352150444934,0.8927413060579183
WellB08_Seq0006/xy03_sliding_s15,0-0,529.8106784920584,98.90593763773742,0.00807289749379,0.0346532544379,0.18668166130445402,21.583921608456603,1.3651578663290136,22.0754449372,0.592281633608,0.489699770393,0.123748827945,330.797013058,1.329629301729944,-0.201734606594,-57.1910304901,0.7874662740451424,1.1103257817339278,0.3817068180821903,-1.5222698947120006,-1.547429854435072,-1.4999999999999998,-1.4999999999999987,-1.9999999999999998,-2.0,-2.0,13.0202400048,13.0202400048,13.6271629034,13.6271629034,14.1904440757,15.3512605457,15.9526970149,16.6243056239,16.6243056239,16.6243056239,0.95,0.95,0.9,0.9,0.85,0.75,0.7,0.65,0.65,0.65,0.1464960232,-0.261332468166,0.0896813947718,-0.00942292168709,-0.18301222292,-0.207276801615,-0.115031943139,0.0928760909087,0.0807779442587,-0.0961924311795,0.454545454545,0.5,0.5,0.444444444444,0.444444444444,0.375,0.893397329517,0.005920113194149637,2.2095065882227605,0.981621729374,0.016503056405396524,2.2029317631074474,0.886065988768,0.13252057910968043,2.0265409737331312,0.986766915131,0.09757898780545517,2.069789520270631,0.828966446291,0.019011209782700433,1.9384970180474295,0.931866493708,0.015499511473789602,2.163760548382246
WellB08_Seq0006/xy03_sliding_s15,0-1,545.317486040844,87.04993796666373,0.00139524744211,0.0177094674556,0.15963166447984348,21.583921608456603,1.3651578663290136,22.7215619184,0.605822680676,0.547812427167,0.0896316420431,319.358524955,1.3415821097774387,-0.222743304068,-73.6157671496,0.8600723419917267,-0.32310913072309244,-0.9740209885733768,-1.6640229194655587,-1.5513891781727736,-1.5,-1.5000000000000002,-1.9999999999999998,-2.0,-2.0,13.598679549,13.598679549,14.2377379778,14.2377379778,14.836935331,15.4059770197,15.9709654892,16.5959069458,16.5959069458,16.5959069458,0.95,0.95,0.9,0.9,0.85,0.8,0.75,0.7,0.7,0.7,0.118292899253,-0.306711447815,0.0791729038216,-0.0599900407243,-0.117792899141,-0.114215061596,-0.133823481721,0.0789863810305,0.0207294151373,-0.127166382966,0.363636363636,0.4,0.4,0.444444444444,0.444444444444,0.5,1.05579173094,0.005920113194149637,2.2095065882227605,1.08994725951,0.016503056405396524,2.2029317631074474,1.07050175926,0.13252057910968043,2.1808214938561306,1.18106348031,0.09757898780545517,2.174246668740818,0.895750091286,0.019011209782700433,1.9384970180474295,1.01971945809,0.015499511473789602,2.163760548382246
WellB08_Seq0006/xy03_sliding_s15,0-2,546.1034871024855,96.63662452714293,0.000188465322329,0.00104378698225,0.17695661501792873,21.583921608456603,1.3651578663290136,22.7543119626,0.648533185003,0.457552559529,0.111408245531,328.273386035,1.3232055951747768,-0.204646673149,-64.2606583728,0.7898815987286731,0.9069986587375558,-1.4619425641143988,-0.6849819997807884,-0.8215431653443299,-1.5000000000000004,-1.500000000000001,-2.0,-2.0,-2.0,13.6865433262,13.6865433262,14.330483076,14.330483076,14.9351360232,14.9351360232,15.4353851511,16.5959069458,16.5959069458,16.5959069458,0.95,0.95,0.9,0.9,0.85,0.85,0.8,0.7,0.7,0.7,0.108146695801,-0.375858537433,0.100022294399,0.010952062619,-0.221891146943,-0.173248963469,-0.0927382862561,0.0473604743095,0.0104988947197,-0.189787797602,0.272727272727,0.3,0.4,0.333333333333,0.444444444444,0.375,1.11949640687,0.005920113194149637,2.2095065882227605,1.09993717319,0.016503056405396524,2.2029317631074474,1.2108979959,0.13252057910968043,2.1808214938561306,1.26117685744,0.09757898780545517,2.174246668740818,1.10196018214,0.019011209782700433,2.118514705552363,1.28177450421,0.19595485131018725,2.163760548382246
WellB08_Seq0006/xy03_sliding_s15,1-0,328.8476369600982,47.104347994638424,0.577506076168,0.457880397786,0.14324064612437518,16.119300357025452,0.6800264700730134,13.7019848733,0.690552043747,0.873991312478,-0.367645280898,63.9434203778,-0.027742334287648197,0.350294172407,-49.7833162019,-1.052856869228476,-1.2953314265979607,-1.049988215093895,-0.5214724659342016,-0.9994230767313752,-1.4999999999999998,-1.4999999999999993,-2.0,-2.0,-2.0,6.62481442348,7.51468827843,8.53796613098,9.40409739632,10.3224741213,10.815980173,12.0123058485,12.0123058485,13.3854508757,13.3854508757,1.0,0.85,0.7,0.6,0.5,0.45,0.35,0.35,0.25,0.25,0.699322621631,0.415957776274,0.128046398973,-0.164634286953,-0.358880692458,-0.474491924578,-0.579691579445,-0.544260277063,-0.481331975146,-0.372150512949,0.636363636364,0.6,0.6,0.555555555556,0.555555555556,0.625,0.632444908837,0.02283148466384148,1.7994971286598185,0.67354113116,0.008183366725416077,1.8032035440907357,0.7189500961,0.08067283654615612,1.7749150369349416,0.796156523577,0.2517812698713849,1.892264120321462,0.797355679846,0.20460462934960072,1.8965081020423065,0.81788628567,0.23561948073885064,1.791835073600327
WellB08_Seq0006/xy03_sliding_s15,1-1,286.96637406645846,80.69883766201345,0.645190534949,0.499932518424,0.2812135670060229,16.119300357025452,0.6800264700730134,11.9569322528,0.834325513973,0.813927402329,-0.311875796413,65.3312633019,0.13520750143773277,0.425953077454,-3.8494411192,-1.0575978496273728,-0.8435033690377027,-0.4364398696987175,-1.2585069478513062,-0.672254518888912,-1.5000000000000004,-1.4999999999999998,-1.9999999999999998,-2.0,-2.0,6.7674574711,7.68250362857,8.31859765521,9.08435444233,9.86110729154,10.815980173,12.0123058485,12.0123058485,13.3854508757,13.3854508757,1.0,0.85,0.75,0.65,0.55,0.45,0.35,0.35,0.25,0.25,0.655054422242,0.374202665793,0.144036563657,-0.196523567676,-0.357975170802,-0.458078246895,-0.563424144874,-0.475237301347,-0.428660938193,-0.447302415485,0.545454545455,0.5,0.6,0.666666666667,0.666666666667,0.75,0.635623469741,0.02283148466384148,1.7994971286598185,0.688746873143,0.034140635727977375,1.8032035440907357,0.728913511415,0.18030698969502926,1.7749150369349416,0.733264917354,0.05414125740631954,1.892264120321462,0.781069881443,0.20460462934960072,1.8965081020423065,0.826986484151,0.3084210685832781,1.791835073600327
WellB08_Seq0006/xy03_sliding_s15,1-2,276.0772744642878,58.06142350993471,0.6572372697,0.514728297866,0.2103085942970119,16.119300357025452,0.6800264700730134,11.5032197693,0.772542999372,0.902105333005,-0.378875669803,51.6677348856,-0.06835019563847776,0.433903049896,-23.2786235339,-1.497624396721535,-1.0841301478370147,0.9773701514456241,-1.294053919540806,-0.8093044959957347,-1.5000000000000002,-1.5,-2.0,-1.9999999999999998,-2.0,6.73274118193,7.64166093543,8.27230926965,9.03094476669,9.79798676579,10.815980173,12.0123058485,12.0123058485,13.3854508757,13.3854508757,1.0,0.85,0.75,0.65,0.55,0.45,0.35,0.35,0.25,0.25,0.720141838078,0.502284825491,0.268648685408,-0.0719254583786,-0.249133946601,-0.375173548112,-0.480431386016,-0.412902730539,-0.586394587539,-0.736998799875,0.454545454545,0.5,0.6,0.666666666667,0.777777777778,0.75,0.668583189977,0.14861157253121204,1.7994971286598185,0.652583966269,0.034140635727977375,1.8032035440907357,0.698960236624,0.18030698969502926,1.7749150369349416,0.73876114605,0.05414125740631954,1.892264120321462,0.765882682152,0.06791983573475008,1.8965081020423065,0.713128850575,0.05824589655396225,1.791835073600327
WellB08_Seq0006/xy09_sliding_s15,0-0,625.4109576645478,24.35314353425446,0.924160487031,0.816937869822,0.03893942572607878,23.75136113994312,0.4490167034754979,26.0587899027,0.293164838385,0.64684660014,0.835194264164,723.578449536,1.9583587476580087,0.743838893141,-159.910326963,3.4986046743817836,1.818118464094983,-1.6478394545064599,-1.788396091173431,-1.9891994968006002,-1.4999999999999996,-1.4999999999999998,-2.0,-2.0,-2.0,10.2709968125,11.8109371284,13.7924628196,14.5650330355,15.3914596268,15.3914596268,17.2123480812,17.2123480812,19.437556083,19.437556083,1.0,0.85,0.7,0.65,0.6,0.6,0.5,0.5,0.4,0.4,0.438621887061,0.00364048593452,0.0124553605633,-0.0570192224719,-0.0165455032957,-0.207250566152,-0.113725244676,0.342855552144,0.261108825607,-0.109466070441,0.0909090909091,0.1,0.0,0.0,0.0,0.0,0.156399070729,0.005164871479010665,0.5599270356463512,0.169519429977,0.011000808604799796,0.5585266011398354,0.137104787596,0.0008527193437433115,0.37338572056101493,0.140682887817,0.0031796532648994185,0.36235615404933724,0.220969729077,0.007673047902484189,1.3053860942537785,0.235418629651,0.0012400729420548719,1.2943565277421003
WellB08_Seq0006/xy09_sliding_s15,0-1,604.7966240652966,48.169680297880234,0.945606795284,0.81,0.07964607998982418,23.75136113994312,0.4490167034754979,25.1998593361,0.672724522153,0.565770375124,0.467211783425,364.763286797,1.6715527107577068,0.723129717324,-130.020233917,2.6608380283243624,-1.1662218130508804,1.8530535600683224,-0.31163417227900236,-0.7131458025139898,-1.4999999999999998,-1.4999999999999998,-1.9999999999999998,-2.0,-2.0,9.31737828599,10.6890329795,12.4301506389,13.0979276101,13.8020954159,14.5678114287,16.4079878897,16.4079878897,18.7212655513,18.7212655513,1.0,0.85,0.7,0.65,0.6,0.55,0.45,0.45,0.35,0.35,0.146037083639,-0.0442495706058,-0.130416582812,0.0865422146295,-0.0603713334388,-0.093785930596,0.159331431683,0.277794994802,-0.05649482368,-0.00583674916205,0.0909090909091,0.1,0.0,0.0,0.0,0.0,0.17542022496,0.005164871479010665,0.5599270356463512,0.169121168185,0.011000808604799796,0.5585266011398354,0.132200258999,0.0008527193437433115,0.37338572056101493,0.137363917091,0.0031796532648994185,0.36235615404933724,0.243848958027,0.007673047902484189,1.3053860942537785,0.253032941765,0.0012400729420548719,1.2943565277421003
WellB08_Seq0006/xy09_sliding_s15,0-2,495.5385375235986,151.2610207555138,0.973337731003,0.955882248521,0.3052457262182367,23.75136113994312,0.4490167034754979,20.6474390635,0.995579513196,0.651024078,0.0720396753128,196.990399773,1.1687088179704592,0.764658258497,5.26157899626,0.8540984863130294,1.8934422961440687,0.6636996104489858,-1.5470730487714022,-1.851467859369948,-1.4999999999999998,-1.5000000000000004,-2.0,-2.0,-2.0,8.54537861112,9.78079806794,11.9690796168,12.6540820838,13.3819155514,14.1821851791,16.1559771352,16.1559771352,18.770797489,18.770797489,1.0,0.85,0.65,0.6,0.55,0.5,0.4,0.4,0.3,0.3,0.213206971324,-0.360052460083,-0.058933421577,0.145419514818,0.235821731242,0.165388736499,-0.27187264098,-0.177174286404,0.132853976431,0.0375816402555,0.0909090909091,0.1,0.0,0.0,0.0,0.0,0.18246778853,0.005164871479010665,0.5599270356463512,0.188956070349,0.011000808604799796,0.5585266011398354,0.164298615379,0.0008527193437433115,0.4701786326532073,0.170720381188,0.0031796532648994185,0.36235615404933724,0.241247067067,0.007673047902484189,1.3053860942537785,0.268527555376,0.0012400729420548719,1.2943565277421003
WellB08_Seq0006/xy11_sliding_s15,0-0,584.7003279737202,55.40244037946348,0.00429201881263,0.00603609467456,0.09475356473881366,31.24020364850395,3.2214288755146967,24.3625136656,0.34698182732,0.659654023859,0.204946513285,360.050027261,1.351682488547889,-0.210979202884,-116.866545817,2.0294115064939726,0.09694509001301643,-1.0185330821036696,-1.6970705448833292,-1.2886834910128246,-1.4999999999999991,-1.4999999999999991,-2.0,-2.0,-2.0,13.7147591083,13.7147591083,13.7147591083,13.7147591083,14.7269662109,15.8639007706,18.0775620008,18.9909137445,19.9607047138,19.9607047138,1.0,1.0,1.0,1.0,0.9,0.8,0.65,0.6,0.55,0.55,-0.0347550311549,-0.0837535178274,-0.0419025269861,-0.0249515485597,-0.054295456553,-0.0980041938771,-0.142780265277,-0.0508315349482,-0.44795388655,-0.0889614747078,0.181818181818,0.2,0.1,0.111111111111,0.0,0.0,2.07328387411,0.6526167822014173,2.840496924894474,1.88001226329,0.05730810601335851,2.8404806639156024,2.02711403041,0.22407292816639637,2.7982803462518984,1.87858241667,0.43077829212674745,2.786895930509496,1.98712025752,0.28308185434082017,2.6807457775918158,1.77731122079,0.038928239204152136,2.67728217656201
WellB08_Seq0006/xy11_sliding_s15,0-1,642.3047667382046,73.1641476407674,0.0110578894612,0.000260946745562,0.11390877264124086,31.24020364850395,3.2214288755146967,26.7626986141,0.317394394261,0.679053371618,0.350630510795,582.120878238,1.540577253454485,-0.172591087986,-116.076709088,2.055042821463415,-1.3936726242189834,-0.8127749821905019,-1.625505081732591,-1.6906613722686967,-1.5,-1.5000000000000004,-2.0,-2.0,-2.0,14.3984898593,14.3984898593,14.3984898593,14.3984898593,15.4866670454,16.7185642093,19.1294554638,20.1304649961,21.2038515338,21.2038515338,1.0,1.0,1.0,1.0,0.9,0.8,0.65,0.6,0.55,0.55,-0.12895682917,0.158987750288,0.0872203594487,-0.020943761011,-0.127207430336,-0.0940936887685,-0.240601064546,-0.062255081006,-0.314149401335,-0.169008070912,0.181818181818,0.2,0.1,0.222222222222,0.0,0.0,1.8641878138,0.4524467002267595,2.840496924894474,1.63147895181,0.05730810601335851,2.8404806639156024,1.8021039164,0.22407292816639637,2.7982803462518984,1.59883604734,0.2691786064749459,2.7177700469132478,1.7856680454,0.28308185434082017,2.6807457775918158,1.52652947891,0.038928239204152136,2.67728217656201
WellB08_Seq0006/xy11_sliding_s15,0-2,668.9909352788226,90.72193836112633,0.035354381806,0.00924556213018,0.1356101160373947,33.004431520630675,3.2214288755146967,27.8746223033,0.32902924239,0.715897910498,0.277632495542,561.914663953,1.5163347196636097,-0.182468713059,-106.381406176,2.1013279645783918,-0.9875854469739234,-1.04052113859137,-1.0926849871146935,-1.9836404045919067,-1.5000000000000009,-1.5000000000000013,-2.0,-2.0,-1.9999999999999998,14.6748552878,14.6748552878,14.6748552878,14.6748552878,15.7937397437,17.0640209949,19.5546330461,20.5910740436,21.7063341311,21.7063341311,1.0,1.0,1.0,1.0,0.9,0.8,0.65,0.6,0.55,0.55,-0.00920004439384,0.120541786239,0.0781472239744,-0.0310960725126,-0.108772648035,-0.068897743791,-0.217580551838,-0.0382373194998,-0.291492767389,-0.237114773507,0.181818181818,0.2,0.1,0.222222222222,0.0,0.125,1.65666599882,0.4524467002267595,2.8244515063181854,1.42008911884,0.05730810601335851,2.7268196999871877,1.55255974914,0.22407292816639637,2.7247750753683273,1.3216229241,0.19417136771866195,2.7177700469132478,1.52883371503,0.28308185434082017,2.6807457775918158,1.20318926355,0.038928239204152136,2.673740749136736
WellB08_Seq0006/xy13_sliding_s15,0-0,379.5090892266594,255.5081282464415,0.983989416315,0.989259763314,0.6732595753295407,18.905521838870236,2.085647141776369,15.8128787178,1.77825484419,0.754983986995,0.00528862989568,83.1422461527,1.952717609148487,0.751231849344,143.694190532,5.176507009115166,2.4048143243459483,1.03843488115875,-0.7031709725160935,-0.675840691962915,-1.4999999999999998,-1.4999999999999998,-2.0,-2.0,-2.0,11.2668403407,11.2668403407,11.7284887383,11.7284887383,12.1206461314,12.4979798238,12.8939346063,12.8939346063,12.8939346063,13.3338523605,1.0,1.0,0.95,0.95,0.9,0.85,0.8,0.8,0.8,0.7,0.231435219822,0.0671435939959,0.281179158109,-0.101687792476,-0.0326361338459,-0.161013644887,-0.149333740851,0.0493534057505,-0.262393592565,-0.0972657406311,0.636363636364,0.5,0.5,0.555555555556,0.555555555556,0.375,0.0787233720457,0.012598976221473714,0.12478339806965875,0.0592358856986,0.02281002830857129,0.10208355414390441,0.0674092971664,0.02135538024012576,0.13474937352160712,0.0541578177914,0.0017152358585557517,0.1110808835995916,0.0459229241234,0.00757367797562506,0.12185630668755205,0.032849996296,0.002082336617377241,0.11189021466830985
WellB08_Seq0006/xy13_sliding_s15,0-1,369.8849165127308,248.09431210731134,0.986170088734,0.990790532544,0.6707337905160898,18.905521838870236,2.085647141776369,15.4118715214,1.79375322451,0.752291991861,0.00754748241053,84.1434021548,1.9097988027959518,0.768393754602,139.115923472,5.056823663404781,-0.027784883567323337,-0.09081375269493508,-0.6361383037409101,-1.0070668980137463,-1.5000000000000002,-1.500000000000001,-2.0,-2.0,-2.0,11.6181479902,11.6181479902,12.098286264,12.098286264,12.098286264,12.4534147586,12.823456609,12.823456609,12.823456609,13.2246494465,1.0,1.0,0.95,0.95,0.95,0.9,0.85,0.85,0.85,0.75,0.265949502565,0.0586904690713,0.247858790242,-0.227462988719,0.0238293535999,-0.180926556532,-0.517613592329,-0.0308743023634,-0.367361946691,-0.186959798989,0.636363636364,0.5,0.5,0.666666666667,0.555555555556,0.5,0.0819093707262,0.040009954645122366,0.12478339806965875,0.0584395921567,0.02281002830857129,0.10208355414390441,0.073708262339,0.02135538024012576,0.13474937352160712,0.0593287085274,0.0017152358585557517,0.1110808835995916,0.0533448121635,0.00757367797562506,0.1336752599871746,0.0400203335665,0.002082336617377241,0.11189021466830985
WellB08_Seq0006/xy13_sliding_s15,0-2,370.4412065559249,251.91963559833917,0.98674098381,0.995389940828,0.6800529507515987,18.905521838870236,2.085647141776369,15.4350502732,1.81273646367,0.835026349566,0.0594094811647,88.6417864038,1.851687433943079,0.73269812016,142.777348437,4.666013723353214,2.4340173782565273,-0.0292105868612742,-1.714593629082254,-1.4406491810602116,-1.5,-1.5,-2.0,-2.0,-2.0,11.9657206038,11.9657206038,11.9657206038,11.9657206038,11.9657206038,12.295180985,12.6358741896,12.6358741896,12.6358741896,13.2246494465,1.0,1.0,1.0,1.0,1.0,0.95,0.9,0.9,0.9,0.75,0.315853478054,0.0914317539338,0.230087560537,-0.201923323977,-0.00893943270513,-0.142835613312,-0.482758155461,-0.277890696962,-0.442601158527,-0.221558205891,0.636363636364,0.5,0.6,0.777777777778,0.666666666667,0.625,0.0794284964417,0.02848155079324934,0.12478339806965875,0.0485844435974,0.0035320685505517303,0.0935736643139574,0.0750048177522,0.02135538024012576,0.13474937352160712,0.0504777447789,0.0017152358585557517,0.09148758256327996,0.0615762830074,0.00757367797562506,0.1336752599871746,0.0345010873341,0.002082336617377241,0.07328284419238257
WellB08_Seq0006/xy13_sliding_s15,1-0,196.63838324908994,7.624303246854727,0.0288480838575,0.0515138958771,0.03877321975942361,4.141545605205879,0.523450093132103,8.19326596871,-0.168608062025,0.718401866117,-0.239942020397,32.3711615689,0.4813787475502186,-0.196956401262,-50.3108360186,-0.6912063160135684,-1.3591846493629172,-0.9387237776038293,-1.24529107629111,-1.3587457562458283,-1.4999999999999996,-1.5000000000000004,-2.0,-1.9999999999999998,-2.0,2.92833375124,3.49720866341,3.82911518412,4.46147878163,0.0,0.0,0.0,0.0,0.0,0.0,0.75,0.5,0.35,0.15,0.0,0.0,0.0,0.0,0.0,0.0,0.204978257395,-0.414726764712,-0.18266382996,0.210795042243,0.276507775855,-0.147078225726,-0.230824847818,0.0173516124854,-0.0931450515775,-0.538653104638,0.545454545455,0.5,0.4,0.444444444444,0.666666666667,0.625,1.11732295797,0.19290801694249596,2.1797215198857103,1.00072807816,0.05698286192739159,2.219631487457745,1.11467914055,0.028836767080848393,2.210121021582671,1.06974993257,0.22620613594309066,2.0877910263091386,1.04958336373,0.028270446512785482,2.252621524512573,0.853520989928,0.0565143297652889,1.7150969654240433
WellB08_Seq0006/xy13_sliding_s15,1-1,195.80013160929693,5.522680508593631,0.0235888649361,0.0447657383017,0.02820570376129106,4.141545605205879,0.523450093132103,8.15833881705,-0.157142901942,0.729541937204,-0.223610907692,33.1948819301,0.5039352884042607,-0.20639032652,-52.165486499,-0.7433162177627208,-0.46952152954312165,-1.0815028989871174,-1.3740993553886514,-1.8253928379243862,-1.5000000000000009,-1.5000000000000002,-1.9999999999999998,-2.0,-1.9999999999999998,2.82028818561,3.49952324548,3.88790481066,4.46147878163,0.0,0.0,0.0,0.0,0.0,0.0,0.75,0.45,0.3,0.15,0.0,0.0,0.0,0.0,0.0,0.0,0.162595186031,-0.422106301216,-0.0973676107139,0.259878217091,0.321490953211,-0.14660532812,-0.268889633794,0.0385927127531,-0.012376302311,-0.446372292025,0.454545454545,0.5,0.3,0.444444444444,0.555555555556,0.625,0.966271862374,0.19290801694249596,2.1750809655005705,1.00910445989,0.05698286192739159,2.219631487457745,0.953859450735,0.028836767080848393,1.832828947418708,1.08214316344,0.22620613594309066,2.0877910263091386,0.857058936102,0.028270446512785482,1.4948782959551812,0.834603761494,0.0565143297652889,1.7150969654240433
WellB08_Seq0006/xy13_sliding_s15,1-2,192.0422803862419,12.741271522104995,0.0245143699258,0.0447657383017,0.0663461790626487,4.141545605205879,0.523450093132103,8.00176168276,-0.00923618804489,0.781544580085,-0.217821240102,33.7815543352,0.49926290275789875,-0.187794664335,-43.8397279511,-0.7753816231181556,-1.3133396132507664,-1.493013471871351,-1.3026651439696828,-1.4169664611485475,-1.4999999999999996,-1.5000000000000002,-2.0,-1.9999999999999998,-2.0,2.71228645627,3.5691576561,3.88790481066,4.46147878163,0.0,0.0,0.0,0.0,0.0,0.0,0.75,0.4,0.3,0.15,0.0,0.0,0.0,0.0,0.0,0.0,0.156106339946,-0.383661574577,-0.0795393990616,0.296211112705,0.367297392124,-0.0762546480348,-0.216451275932,-0.00695991053004,-0.0234682757911,-0.259413813874,0.545454545455,0.6,0.3,0.444444444444,0.555555555556,0.5,1.09982625392,0.19290801694249596,2.1750809655005705,1.17211540961,0.05698286192739159,2.219631487457745,0.941491700218,0.028836767080848393,1.832828947418708,1.00872354042,0.22620613594309066,2.0877910263091386,0.801624332465,0.028270446512785482,1.4948782959551812,0.740053077316,0.0565143297652889,1.7150969654240433
WellB08_Seq0006/xy14_sliding_s15,0-0,812.1958272281383,337.04166537684927,0.0130371929772,0.106376331361,0.41497586429014904,72.29561992264814,2.7752174689562543,33.8414928012,1.01001723386,0.686400597506,3.40855155109,3566.10908681,3.2808887109606335,-0.23167038203,97.746174925,10.79234875280312,3.858884587969815,1.4003340504984427,0.09759992294299824,-0.846728941181953,-1.5000000000000009,-1.4999999999999998,-2.0,-2.0,-2.0,22.9146030521,22.9146030521,22.9146030521,26.331869779,31.048611052,31.048611052,32.968025687,35.1267779986,37.5351594653,37.5351594653,1.0,1.0,1.0,0.85,0.7,0.7,0.65,0.6,0.55,0.55,0.0728801496496,0.185547540232,0.0881128673473,-0.0629820359298,-0.175733585579,0.205261244155,-0.226846900803,-0.148137204763,-0.170432381167,-0.145355974201,0.363636363636,0.4,0.4,0.444444444444,0.222222222222,0.25,1.6782313634,0.07471994054020537,2.645611278483096,1.62373533261,0.1663922140706333,2.703714649187318,1.60407124825,0.15415817672661097,2.6633316264077007,1.52755175023,0.15355438137697022,2.7214349971119227,2.07681024874,0.2208120907427362,2.9132231970807547,2.05360893133,0.22572288487040615,2.856771722271643
WellB08_Seq0006/xy14_sliding_s15,0-1,801.5497990059527,331.9921218944811,0.000974362097158,0.0827668639053,0.41418776762991316,72.29561992264814,2.7752174689562543,33.3979082919,0.995681542186,0.753510071178,3.48801504104,3589.32100106,3.2950945862485965,-0.253271911801,95.8332475879,10.82768265178828,4.243992393468394,1.2034952410134832,0.11507291816178622,-0.7451838988829409,-1.5000000000000007,-1.5000000000000002,-2.0,-2.0,-2.0,22.9444526242,22.9444526242,22.9444526242,26.3669869226,31.048611052,31.048611052,32.968025687,35.1267779986,37.5351594653,37.5351594653,1.0,1.0,1.0,0.85,0.7,0.7,0.65,0.6,0.55,0.55,0.0780763757099,0.194959247556,0.0985861200742,-0.0535596390765,-0.162216249925,0.218207965321,-0.209819984403,-0.133922579028,-0.152080320889,-0.135154427847,0.454545454545,0.5,0.5,0.555555555556,0.222222222222,0.25,1.67755637625,0.07471994054020537,2.645611278483096,1.36772933321,0.030903296830630127,2.703714649187318,1.38623398487,0.1306842234714025,2.6633316264077007,1.24599243227,0.03901194994097775,2.7214349971119227,2.1442628289,0.2208120907427362,2.9132231970807547,2.09214035847,0.22572288487040615,2.8986769926653966
WellB08_Seq0006/xy14_sliding_s15,0-2,770.8553260751777,301.3502828935126,0.000429364221359,0.0628852071006,0.39092975387202994,72.29561992264814,2.7752174689562543,32.1189719198,0.981015507592,0.800159227893,3.57906578995,3629.28899552,3.3013643361674916,-0.24764273831,74.2348544012,10.817436954731951,4.005336754366008,1.4041154311484272,-0.5049130576732903,-0.7476833364414692,-1.5000000000000002,-1.5,-2.0,-2.0,-2.0,22.7056743277,22.7056743277,22.7056743277,27.4752622386,32.7727671432,32.7727671432,34.9958126721,37.5351594653,37.5351594653,37.5351594653,1.0,1.0,1.0,0.8,0.65,0.65,0.6,0.55,0.55,0.55,0.0863847737749,0.200135030694,0.111688216739,-0.038787228745,-0.147482997298,0.23201074212,-0.189822245272,-0.117666572763,-0.138921410965,-0.119132282394,0.545454545455,0.6,0.6,0.666666666667,0.333333333333,0.375,1.6667692628,0.07471994054020537,2.645611278483096,1.3433218448,0.030903296830630127,2.632598170590393,1.37513348781,0.1306842234714025,2.6633316264077007,0.948949351906,0.03901194994097775,2.5690712915145193,1.884558233,0.1331441522390532,2.9132231970807547,1.75830044764,0.041471878708629305,2.8986769926653966
WellB08_Seq0006/xy17_sliding_s15,0-0,346.1073809859779,241.0205186286013,0.907535902275,0.945382248521,0.6963749745584477,22.25847694699708,2.7943399936300137,14.4211408744,1.69189112927,0.73708309811,0.609644137393,178.550717753,1.872112487616644,0.672617402738,139.047653581,3.543177461837197,0.9710859768691003,-1.1467524509165525,-0.4237628687612278,-1.6654866331862102,-1.5,-1.5000000000000009,-2.0,-1.9999999999999998,-2.0,11.3770667317,11.3770667317,11.3770667317,11.7862947104,13.1463553347,13.1463553347,15.4151351821,16.1673565145,17.9341574243,17.9341574243,1.0,1.0,1.0,0.95,0.8,0.8,0.6,0.55,0.45,0.45,0.101383656103,-0.149698269731,0.36228333422,-0.0211162699057,0.0188049594594,0.0745727717284,-0.151688611152,-0.0643337038878,0.0829690323047,-0.0767142098636,0.818181818182,0.7,1.0,0.888888888889,1.0,1.0,0.169658114952,0.004232721262589025,0.31391859543315137,0.168025018895,0.018711918603106076,0.31377918278136285,0.189487586753,0.05710203031142982,0.28532931958650737,0.177281689925,0.009617693086194187,0.3129487719473314,0.212638596503,0.028714392903904144,0.3255451295738106,0.211535018801,0.0046801193058632964,0.3006705449961511
WellB08_Seq0006/xy17_sliding_s15,0-1,361.35159794749654,238.2993990760362,0.89305471003,0.926036094675,0.6594668473298422,22.25847694699708,2.7943399936300137,15.0563165811,1.68951447217,0.834464690749,0.502929661587,182.524826958,1.727094614778889,0.65479680708,131.835163534,3.0343703127840564,0.2761974224281505,-1.6650243008190684,-1.6007338598849845,-1.0585053005994485,-1.5,-1.5000000000000004,-2.0,-2.0,-2.0,11.4419078161,11.4419078161,11.4419078161,11.8545484834,12.7127719616,13.1463553347,15.4151351821,16.1673565145,17.9341574243,17.9341574243,1.0,1.0,1.0,0.95,0.85,0.8,0.6,0.55,0.45,0.45,0.109436510713,-0.11282408244,0.372259277561,-0.0516115239031,-0.00767353207832,0.0755813029379,-0.125032723613,0.0149674785866,0.0564271838105,-0.0915549035728,0.818181818182,0.7,1.0,0.888888888889,1.0,1.0,0.196781095971,0.004232721262589025,0.33528434154349485,0.197387469401,0.018711918603106076,0.3354707019380686,0.213778263347,0.05710203031142982,0.301764943745937,0.208498159486,0.06667618768331732,0.3129487719473314,0.245732006783,0.08707477142911882,0.32655508542430034,0.221685334237,0.0046801193058632964,0.3006705449961511
WellB08_Seq0006/xy17_sliding_s15,0-2,363.94972344655594,219.53272284559307,0.895094582584,0.9025,0.6031951907165833,22.25847694699708,2.7943399936300137,15.1645718103,1.67093531999,0.730792356399,0.43158379775,177.72491961,1.7018618261794554,0.679112608281,112.303007237,3.077191904374052,0.9251411630480426,-1.1651643426526246,-1.5724556608006157,-0.7444115126660762,-1.4999999999999996,-1.4999999999999996,-2.0,-2.0,-2.0,11.2959666032,11.8136202222,11.8136202222,12.2698360602,12.7127719616,13.1463553347,15.4151351821,16.1673565145,17.9341574243,17.9341574243,1.0,0.95,0.95,0.9,0.85,0.8,0.6,0.55,0.45,0.45,0.0919645122301,-0.147128493264,0.352962308866,-0.0619916928881,-0.0253180159637,0.0348128053986,-0.189710863279,0.0115524283922,0.012516839527,-0.145502926157,0.818181818182,0.8,1.0,0.888888888889,1.0,1.0,0.205898269695,0.004232721262589025,0.33528434154349485,0.219027031666,0.051311989910767075,0.3354707019380686,0.239358342272,0.14863521748191838,0.3129028195603552,0.22002647569,0.06667618768331732,0.313089179954929,0.248444941267,0.08707477142911882,0.32655508542430034,0.219859680566,0.0046801193058632964,0.3006705449961511
WellB08_Seq0006/xy17_sliding_s15,1-0,315.6080877032708,41.761299069832766,0.0270888447751,0.0513394204872,0.13232011693279547,9.815413185393647,0.22472205054246458,13.1503369876,0.377305090816,0.670343817177,0.567478921717,154.471253792,1.7889151569530455,-0.199163994366,-51.2256255186,2.5404167553812513,-0.36049865595583874,-1.23974816386058,-1.6890673919585688,-1.1913569520939291,-1.499999999999999,-1.5,-1.9999999999999998,-2.0,-2.0,4.92294735278,5.37236716171,5.56636997798,6.57148180965,7.08418253135,7.58651253476,7.86476379177,8.68424922098,9.19852683858,0.0,0.9,0.8,0.75,0.5,0.4,0.3,0.25,0.1,0.05,0.0,0.113318022602,-0.1347682827,-0.336581179526,-0.0146546244004,0.219852886176,-0.152153562829,-0.0452730005122,-0.36442933957,0.0515960122394,0.0582979778025,0.363636363636,0.4,0.4,0.444444444444,0.222222222222,0.25,0.813835201652,0.16815762332538245,1.6597982958534307,0.85110679649,0.22573037305676052,1.359753865234064,0.895376226089,0.2505262063097825,1.4467046296090031,0.958162996121,0.4788862352820111,1.4471685199454147,1.13943911062,0.504902379452604,1.623859638726573,1.05121283543,0.4633485075334093,1.5866810407308585
WellB08_Seq0006/xy17_sliding_s15,1-1,305.09296546157935,41.72021212793635,0.0192540446521,0.0319982537662,0.13674589994173503,9.815413185393647,0.22472205054246458,12.7122068942,0.465726258573,0.590453979327,0.630423947073,96.3191256167,1.9599618030740562,-0.213309472189,-48.1686648596,4.237565488338347,-0.6931096648791986,-1.4150706911647715,-1.6668359323834674,-1.5392918273403513,-1.4999999999999998,-1.4999999999999996,-2.0,-2.0,-1.9999999999999998,5.16217885754,5.64150260457,5.64150260457,6.58939182727,7.04910580602,7.46965245885,7.86476379177,8.68424922098,9.19852683858,0.0,0.9,0.8,0.8,0.55,0.45,0.35,0.25,0.1,0.05,0.0,0.126055411159,-0.265213318133,-0.372325389149,0.0450087729148,0.516919384897,-0.0428100070317,0.03604203539,-0.319656289462,-0.20909439015,-0.0713483537247,0.454545454545,0.5,0.5,0.555555555556,0.333333333333,0.375,0.82076889352,0.16815762332538245,1.6597982958534307,0.841985983718,0.1345222453331082,1.359753865234064,0.93495258764,0.5160648332777257,1.4467046296090031,0.887305392895,0.4788862352820111,1.20445368270544,1.06919799365,0.504902379452604,1.623859638726573,1.01135860796,0.4633485075334093,1.5866810407308585
WellB08_Seq0006/xy17_sliding_s15,1-2,260.07538361243144,36.42870296895017,0.00971648012793,0.0132300884956,0.14006978462535621,9.815413185393647,0.22472205054246458,10.8364743172,0.552651255944,0.67041697069,0.775621796939,96.6963276808,2.0835562401022703,-0.219555538326,-40.1967417694,4.595507536824183,1.4179656917374048,-1.0440881456852533,-0.12268120926500758,-1.0503052684286613,-1.4999999999999998,-1.4999999999999998,-2.0,-2.0,-2.0,4.98297032734,5.43989300809,5.62497631733,6.65939131868,7.19406941764,7.46965245885,7.86476379177,8.68424922098,9.19852683858,0.0,0.9,0.8,0.75,0.5,0.4,0.35,0.25,0.1,0.05,0.0,0.145218683601,-0.219248530728,-0.378503590435,0.055294322428,0.480584507537,-0.0259563265636,0.105642820682,-0.305968339224,-0.247862005843,-0.216351321418,0.545454545455,0.6,0.6,0.666666666667,0.444444444444,0.5,0.845945885135,0.4412624012281878,1.6597982958534307,0.765004783601,0.1345222453331082,1.0148221615191766,0.924384457271,0.5160648332777257,1.4467046296090031,0.868473627521,0.4788862352820111,1.20445368270544,0.997729334838,0.504902379452604,1.623859638726573,0.992818495641,0.4633485075334093,1.5866810407308585
WellB08_Seq0006/xy17_sliding_s15,2-0,563.203132598946,335.3572586064003,0.689573761631,0.404691715976,0.5954463659654508,34.03248542201993,2.28426005524768,23.4667971916,1.43552800809,0.920942716832,0.0656361904727,343.329814092,1.0255144778651026,0.485580825565,169.421944337,0.6683210263648434,-1.1776588540293418,-0.753430488451313,-0.36736295453633483,-0.735048945655751,-1.4999999999999996,-1.5,-2.0,-2.0,-2.0,13.4527862909,14.0787582492,14.0787582492,16.8859816891,16.8859816891,16.8859816891,19.4909602052,19.4909602052,20.4478069926,21.5502560093,1.0,0.95,0.95,0.75,0.75,0.75,0.6,0.6,0.55,0.5,0.210444350282,0.413598920968,0.171676515987,0.255101999501,0.162165707685,-0.0585042321309,-0.214270949676,-0.113089998064,-0.369334668223,-0.224268554952,0.272727272727,0.2,0.3,0.222222222222,0.333333333333,0.25,0.518709498408,0.02109228662875284,1.2563903786396948,0.563336273983,0.009591608281770997,1.2255757775284932,0.544601051747,0.00453637855693619,1.2499693002822294,0.599155095812,0.014446633338583792,1.2508122984463792,0.587892746944,0.061762322134899066,1.197833398607983,0.624174030839,0.07657637533091212,1.167149503697458
WellB08_Seq0006/xy17_sliding_s15,2-1,542.2287484223027,271.749222813976,0.538958854046,0.273609467456,0.5011708132493378,34.03248542201993,2.28426005524768,22.5928645176,1.35351915619,0.920773885251,0.157920951168,325.371337272,1.2051823691493844,0.323043190491,111.993545746,1.2486910585238302,-0.9548201343454341,-0.23077432673096165,0.003395898723725921,-1.7847646664124368,-1.4999999999999998,-1.5,-2.0,-2.0,-2.0,11.6736856023,12.2060206823,12.2060206823,14.5138474377,14.5138474377,14.5138474377,17.395981482,17.395981482,18.2390150759,19.2185371036,1.0,0.95,0.95,0.75,0.75,0.75,0.55,0.55,0.5,0.45,0.163093122665,0.371166751876,0.109799424326,0.239309666156,0.0781723687045,-0.0530803302736,-0.450610927799,-0.0525557007251,-0.309318082154,-0.153399743648,0.181818181818,0.1,0.2,0.111111111111,0.222222222222,0.25,0.60294386438,0.02109228662875284,1.2563903786396948,0.636983694119,0.009591608281770997,1.2255757775284932,0.633592164844,0.00453637855693619,1.2499693002822294,0.683621370973,0.014446633338583792,1.2508122984463792,0.698257673931,0.061762322134899066,1.2341066275395278,0.79338169434,0.07657637533091212,1.4661806116358052
WellB08_Seq0006/xy17_sliding_s15,2-2,504.9241564872,224.3596630412873,0.368311501438,0.150305325444,0.44434329425269814,31.18524067567862,2.28426005524768,21.0385065203,1.26613304378,0.862595767824,0.329459403594,315.616923593,1.4312686215864572,0.148313452305,75.5949567759,1.938466528507167,-0.25876264212634226,0.6776816900265934,-1.4747405951333055,-1.8631674686841802,-1.5,-1.4999999999999998,-2.0,-1.9999999999999998,-2.0,9.91010150477,10.3496163691,10.3496163691,12.1624019743,12.7159006875,12.7159006875,15.1670694361,15.1670694361,15.8561165354,16.6602164991,1.0,0.95,0.95,0.75,0.7,0.7,0.5,0.5,0.45,0.4,0.0958938976186,0.326361002191,0.0601614251852,0.133147922599,0.0956581692438,-0.283830063967,-0.394036671526,0.0406741566482,-0.296011389444,-0.0579670912998,0.181818181818,0.1,0.1,0.111111111111,0.222222222222,0.125,0.680273788174,0.02109228662875284,1.2839934621875995,0.76947089202,0.009591608281770997,1.4936720977739943,0.721010150022,0.00453637855693619,1.2652782030054426,0.82342728099,0.01696351936693743,1.2726998234943794,0.824825999278,0.061762322134899066,1.2488443457331082,0.939482325589,0.07657637533091212,1.4661806116358052
WellB08_Seq0006/xy19_sliding_s15,0-0,481.032144983029,26.63005820496829,0.0960235352493,0.0567024299287,0.05536024667521504,10.862610367678661,0.32856658381521986,20.043006041,0.127294054047,0.647759781404,-0.0679883671803,275.030363036,0.7549010426755416,-0.115496351932,-115.095396664,-0.7036535560933985,-1.0306792407849865,-1.5119013477290284,-0.7849922668282403,-1.420135707962032,-1.4999999999999996,-1.4999999999999996,-2.0,-2.0,-2.0,4.99005344617,5.60355164778,6.53342315745,7.47332504352,8.33455654665,9.26906577142,9.84210191155,10.5520131401,10.5520131401,10.9447798429,1.0,0.85,0.65,0.5,0.4,0.3,0.25,0.2,0.2,0.15,-0.037591760618,0.459740890991,-0.106773604033,-0.0219394318156,-0.0801515366589,-0.43163080137,-0.129099240484,-0.661819400412,0.229801769124,-0.300055188287,0.727272727273,0.8,0.6,0.777777777778,0.555555555556,0.625,0.821015443608,0.10342810665872473,1.9723624401469773,0.830889940168,0.18757307826106184,1.6892370229875953,0.898840413637,0.2748294033310762,1.6394449025869444,1.10676274812,0.5481634586881126,1.5942934406081464,0.942851062912,0.19328855008016996,1.5546359949285269,1.1436850365,0.15038168082180622,2.032156089689811
WellB08_Seq0006/xy19_sliding_s15,0-1,483.8339310549451,28.918879646348625,0.132299102391,0.0982959422263,0.059770259566736636,10.862610367678661,0.32856658381521986,20.1597471273,0.182389867092,0.633439647099,-0.133605968228,258.979568604,0.69356657353084,-0.103092827525,-113.632059361,-0.7340814194143381,-1.3166090497144263,-1.2752763259470243,-1.131334246610156,-0.720950325092466,-1.5000000000000002,-1.5,-1.9999999999999998,-2.0,-1.9999999999999998,4.91573468958,5.5161178165,6.41908660885,7.32468753034,8.61036675748,9.84210191155,9.84210191155,10.5520131401,10.5520131401,10.9447798429,1.0,0.85,0.65,0.5,0.35,0.25,0.25,0.2,0.2,0.15,-0.0710643499342,0.434787004465,-0.134842326478,-0.0925914301097,-0.163065110012,-0.449500409745,-0.0688565153535,-0.649776356621,0.273630110904,-0.323650580076,0.818181818182,0.9,0.7,0.888888888889,0.666666666667,0.75,0.786690714601,0.10342810665872473,1.899030041625951,0.912522993083,0.18757307826106184,1.6892370229875953,0.99219005593,0.281314509276377,1.6394449025869444,1.16951298402,0.5481634586881126,1.5942934406081464,1.05569359447,0.19328855008016996,1.5546359949285269,1.14891829104,0.15038168082180622,2.032156089689811
WellB08_Seq0006/xy19_sliding_s15,0-2,515.2668326319465,15.268385638304997,0.110738919981,0.07045609258,0.029631997775434456,11.656428955730819,0.32856658381521986,21.4694513597,0.0608853133046,0.560092352697,-0.204326357935,249.922831648,0.5703690769615405,-0.122152225889,-136.543560809,-0.8239923362750168,-0.9315695813539691,-1.4402626359112467,-0.35314158278141106,-1.3145413541420954,-1.5,-1.5,-2.0,-2.0,-2.0,5.10044656334,5.5161178165,6.41908660885,7.32468753034,8.61036675748,9.84210191155,9.84210191155,10.5520131401,10.5520131401,10.9447798429,0.95,0.85,0.65,0.5,0.35,0.25,0.25,0.2,0.2,0.15,-0.101339518636,0.435032876945,-0.218656528755,-0.0842271274151,-0.193358210672,-0.39784400782,-0.0126544802084,-0.662637466124,0.210023783256,-0.292441674305,0.818181818182,0.9,0.8,0.888888888889,0.777777777778,0.75,0.794773972945,0.13558298878253383,1.899030041625951,0.908565265081,0.18757307826106184,1.6892370229875953,0.989395685256,0.281314509276377,1.6394449025869444,1.16355272657,0.5481634586881126,1.5942934406081464,1.03316016278,0.19328855008016996,1.5546359949285269,1.1806879597,0.15038168082180622,2.032156089689811
WellB08_Seq0006/xy19_sliding_s15,1-0,487.40712428372115,420.9214227145014,0.892338961099,0.732999408284,0.863593086237865,31.736983410525976,5.601778646108729,20.3086301785,1.81782301537,0.734305772688,-0.132765874075,186.001257023,0.957614617947975,0.669018675732,277.317721556,0.6100259708625742,1.1929745227888562,-0.987228909944597,0.03830130418087929,-1.361071807880223,-1.5000000000000002,-1.5,-1.9999999999999998,-2.0,-2.0,18.1432041691,18.1432041691,18.1432041691,18.1432041691,18.1432041691,18.1432041691,18.1432041691,18.6857078763,19.2533351553,19.2533351553,1.0,1.0,1.0,1.0,1.0,1.0,1.0,0.95,0.9,0.9,0.0812965663021,0.302092464609,0.169520409795,-0.120352426531,-0.0594647077058,0.179288727452,-0.118681341327,0.197473483208,0.046699502987,-0.403949839283,0.909090909091,0.8,0.9,0.888888888889,1.0,0.875,0.688408168946,0.01163442880390521,2.337496908050763,0.456375425468,0.005984541618174138,2.161938965118894,0.737780934998,0.015321065733049822,2.3646295479266612,0.495193346509,0.023420742445012188,2.1890716049947923,0.808505844001,0.01640222732882565,2.2843051548970417,0.544499858292,0.035602722953460966,2.1087472119651727
WellB08_Seq0006/xy19_sliding_s15,1-1,498.2209069633842,431.7202683451403,0.904148026426,0.746230177515,0.8665237895704541,31.736983410525976,5.601778646108729,20.7592044568,1.83374801242,0.738197617421,-0.153706524817,183.011917382,0.927354468619331,0.710684859407,284.930525911,0.6407952957507801,-1.2310925251503086,0.6342996822173852,-1.786474492602651,-0.7216502550762693,-1.5000000000000007,-1.4999999999999993,-2.0,-2.0,-2.0,18.5384493708,18.5384493708,18.5384493708,18.5384493708,18.5384493708,18.5384493708,18.5384493708,19.101755457,19.6924964906,19.6924964906,1.0,1.0,1.0,1.0,1.0,1.0,1.0,0.95,0.9,0.9,0.084964490549,0.295794626762,0.135025241355,-0.159214840866,-0.0814850451237,0.131326691287,-0.197670721567,0.233261324774,0.0281911092518,-0.351403794899,0.909090909091,0.7,0.8,0.777777777778,0.888888888889,0.75,0.676820411282,0.010644368602100218,2.337496908050763,0.437042039205,0.005984541618174138,2.161938965118894,0.733782574591,0.015321065733049822,2.3646295479266612,0.473033736535,0.004828483422786566,2.1890716049947923,0.805104737291,0.01640222732882565,2.2843051548970417,0.52981929703,0.035602722953460966,2.1087472119651727
WellB08_Seq0006/xy19_sliding_s15,1-2,507.56388344524134,439.6536095609817,0.916918354892,0.754225443787,0.8662034945762918,31.736983410525976,5.601778646108729,21.1484951436,1.84733122124,0.795959953043,-0.15253485881,182.98724088,0.9306746555902685,0.704132409276,290.111166282,0.6456728906332021,1.148076729418893,-1.1901215743533957,-1.0468971858491776,-1.9314670819663466,-1.5000000000000002,-1.5,-2.0,-2.0,-2.0,18.7682145009,18.7682145009,18.7682145009,18.7682145009,18.7682145009,18.7682145009,18.7682145009,19.3436134887,19.9477910796,19.9477910796,1.0,1.0,1.0,1.0,1.0,1.0,1.0,0.95,0.9,0.9,0.0860501097935,0.300363082842,0.13769724879,-0.159240285845,-0.0738129165641,0.140029446444,-0.195817346432,0.243847055124,0.0174191790293,-0.345073454756,0.909090909091,0.7,0.8,0.777777777778,0.777777777778,0.75,0.675714581019,0.010644368602100218,2.337496908050763,0.420519247602,0.005984541618174138,2.161938965118894,0.73249475687,0.015321065733049822,2.3646295479266612,0.455604512462,0.004828483422786566,2.1890716049947923,0.804415050762,0.010195048566185682,2.2843051548970417,0.51629595664,0.02736446194755244,2.1087472119651727
WellB08_Seq0006/xy22_sliding_s15,0-0,168.04283321602426,59.18751979936313,0.527251147312,0.235406081601,0.35221686439478045,8.61529895012358,0.29363923443570555,7.00178471733,1.22844911223,0.8676306342,0.358559034309,29.2365167255,1.6603416608578958,0.326308484111,9.67742525901,3.2246384044996965,-0.969448165067885,-0.5309478253449575,-0.9363804027304838,-0.8554528560107002,-1.4999999999999998,-1.5000000000000004,-1.9999999999999998,-2.0,-2.0,4.96422792925,6.32358876834,7.28634247826,7.82643288535,8.33845097502,8.33845097502,8.70355488113,8.70355488113,9.25772719065,0.0,0.7,0.5,0.4,0.35,0.3,0.3,0.25,0.25,0.1,0.0,0.0254795611498,0.359626744536,0.0373863399788,0.426646894768,-0.0865441275314,0.0562336202377,-0.0118982820431,-0.0381015954458,-0.333601428566,-0.181246814179,0.545454545455,0.6,0.7,0.666666666667,0.777777777778,0.875,1.19294023509,0.2338212027357333,1.9814122454504557,1.16023703745,0.14078380290173045,2.0273015870317606,1.37742087564,0.12916195562957214,1.9664745968419326,1.32895899604,0.22213833087333268,1.974147531214569,1.46066913094,0.015452106714819398,1.931604628002383,1.3771838632,0.2753901978524583,1.8978880004690653
WellB08_Seq0006/xy22_sliding_s15,0-1,153.78758680549225,73.8501888961701,0.545375345828,0.280708385148,0.48020903656921593,8.61529895012358,0.29363923443570555,6.4078161169,1.31206957964,0.787131564128,0.582784842356,28.7174619728,1.8735154023900409,0.328162216036,28.5400866076,4.121725752165377,0.47071384734132504,-1.348310286881121,-1.766077951784205,-1.0156407335748387,-1.5000000000000002,-1.4999999999999998,-2.0,-2.0,-2.0,5.46142592609,6.53118478385,7.43309830722,7.92402189205,8.37683582701,8.37683582701,8.68748655743,8.68748655743,9.25772719065,0.0,0.7,0.55,0.45,0.4,0.35,0.35,0.3,0.3,0.1,0.0,0.000820693839796,0.184876936083,0.122939359829,0.434533304456,-0.0227740226358,0.00612076260009,0.0270655099872,-0.00101103690557,-0.319370568593,-0.192860705772,0.545454545455,0.6,0.7,0.666666666667,0.777777777778,0.75,1.24194889987,0.36112226193804625,1.9814122454504557,1.12444032599,0.14078380290173045,2.0273015870317606,1.34451638959,0.12916195562957214,1.9664745968419326,1.2623404742,0.22213833087333268,1.974147531214569,1.3704989835,0.015452106714819398,1.931604628002383,1.26566396058,0.2753901978524583,1.8978880004690653
WellB08_Seq0006/xy22_sliding_s15,0-2,153.26559316996966,64.82977710897985,0.579414443311,0.292543877823,0.42298976416112144,8.61529895012358,0.29363923443570555,6.38606638208,1.31406523716,0.702911188346,0.441529923844,30.4200691186,1.6527847452615414,0.375074235911,19.6734686702,3.1194801102222636,-0.91429365795923,-1.4523923089656836,-1.7945732688591562,-1.2846545232629156,-1.5000000000000002,-1.4999999999999998,-2.0,-2.0,-2.0,5.40005966854,6.36533039044,7.14388168279,7.54812302215,8.37683582701,8.37683582701,8.68748655743,8.68748655743,9.25772719065,0.0,0.75,0.6,0.5,0.45,0.35,0.35,0.3,0.3,0.1,0.0,-0.0510053988832,0.198577964686,0.314383074623,0.358333274839,0.032390169173,0.0106754341285,0.148575942038,-0.0128512893696,-0.257365327351,-0.15074874857,0.545454545455,0.6,0.7,0.555555555556,0.666666666667,0.625,1.19648628497,0.36112226193804625,1.9814122454504557,1.07833827926,0.14078380290173045,2.0273015870317606,1.28397145106,0.12916195562957214,1.9664745968419326,1.11715732837,0.22213833087333268,1.974147531214569,1.25449076833,0.015452106714819398,1.931604628002383,1.10530916435,0.2753901978524583,1.8978880004690653
WellB08_Seq0006/xy22_sliding_s15,1-0,471.4705736581655,138.16852934007807,0.00433295292024,0.0887572596895,0.29305864895876965,20.034290603862186,3.467419213190115,19.6446072358,1.27862481475,0.793976553604,-0.239121799943,139.942611107,0.6651648157443758,-0.191215166136,-0.739820561422,-0.4249848065483648,-1.0692228949784135,-1.589899286798249,-1.3047143357593292,-1.8040190786587902,-1.5,-1.5000000000000007,-1.9999999999999998,-1.9999999999999998,-2.0,10.0920155086,10.5488405405,10.5488405405,11.3979004116,11.3979004116,11.3979004116,12.045241119,12.7609414951,12.7609414951,13.7264687156,1.0,0.95,0.95,0.85,0.85,0.85,0.75,0.65,0.65,0.5,0.15075778751,0.0678338250326,-0.0077887237887,0.0864542142161,-0.0251201085487,-0.354646930068,-0.155159549462,-0.130305391612,-0.427173712477,-0.286509627542,1.0,1.0,1.0,1.0,1.0,1.0,0.368350830394,0.11670100884013929,0.9647637200930593,0.391515767083,0.18002902018173242,0.9361764967618261,0.374149945702,0.19123257670477972,0.7923119974823212,0.402279063651,0.25764358697228895,0.8061487691804077,0.384438986335,0.15308926169014384,0.7076246800270043,0.414417941961,0.25065273758655926,0.7076109363799135
WellB08_Seq0006/xy22_sliding_s15,1-1,441.2383792784739,157.41876508218448,0.126482405751,0.232979139505,0.3567658038713684,15.520734647560982,3.467419213190115,18.3849324699,1.38039613982,0.764910871635,-0.189293531718,122.578978782,0.8451372740256693,-0.0862333855558,27.4176608707,0.1236003560108796,-0.2739913415696691,-0.7330141109681221,-0.40122988025010775,-1.5085224050673718,-1.4999999999999993,-1.4999999999999996,-2.0,-2.0,-2.0,9.71467567712,10.1516407179,10.1516407179,10.9539711982,10.9539711982,10.9539711982,11.5421213438,12.1804186775,12.1804186775,12.9717890527,1.0,0.95,0.95,0.85,0.85,0.85,0.75,0.65,0.65,0.5,0.0828772508733,0.195857510558,-0.156743680417,0.122320527913,0.056211262845,-0.309416685184,-0.180427864645,-0.254620025924,-0.31462019446,-0.257320145617,1.0,1.0,1.0,1.0,1.0,1.0,0.43915689357,0.11670100884013929,1.0942427660486567,0.476204317124,0.18002902018173242,1.0906986178298583,0.436379557901,0.19123257670477972,0.9505458370911832,0.474594467724,0.25764358697228895,0.9219586137599501,0.435623847526,0.15308926169014384,0.798696151295278,0.471547592629,0.25065273758655926,0.8125329229933645
WellB08_Seq0006/xy22_sliding_s15,1-2,432.76206833699655,212.34230949106674,0.383228591946,0.439327367548,0.49066756314167875,15.520734647560982,3.467419213190115,18.0317528474,1.47143241927,0.699690039346,-0.193957600423,125.97220936,0.8189711368686897,0.157822330912,84.8385623405,-0.01754677846924757,-0.18402354798826082,-1.2045784007187388,-1.589971321247351,-1.0127527245222763,-1.5,-1.5,-2.0,-1.9999999999999998,-2.0,9.87826812353,10.3238432931,10.3238432931,11.1464328998,11.1464328998,11.1464328998,11.7602446056,12.4320993643,12.4320993643,13.2989739455,1.0,0.95,0.95,0.85,0.85,0.85,0.75,0.65,0.65,0.5,0.0860102003609,0.158092223016,-0.195623339213,0.268923702289,0.00661708104421,-0.212956260788,-0.145428316773,0.034463618398,-0.137336130307,-0.256618453024,1.0,1.0,1.0,1.0,1.0,1.0,0.527429695861,0.11670100884013929,1.1459362222878895,0.555948584485,0.18002902018173242,1.0906986178298583,0.49388942895,0.19123257670477972,0.9505458370911832,0.525637731724,0.25764358697228895,0.9219586137599501,0.481555054539,0.15308926169014384,0.798696151295278,0.502184758596,0.25065273758655926,0.8125329229933645
